Date,close,open,high,low,volume,rsi,macd,macd_signal,macd_hist,sma_20,sma_50,ema_20,bb_upper,bb_mid,bb_lower,bb_width,volume_norm,usdtry,brent,sp500,dax,usdtry_chg,brent_chg,sp500_chg,dax_chg,tcmb_faiz,tufe,ufe,target
2010-12-19,0.01252227377946288,0.013696215677724562,0.013381048851792997,0.013511495842164921,0.13222991113329244,0.34411876679085657,0.21423469000649178,0.1445532751637415,0.4885705916464006,0.01023783444534612,0.0021562141141405465,0.010608149832504995,0.012153129720080527,0.01023783444534612,0.009600403613062152,0.23610306158183855,0.649527926159737,0.00025500890735487725,0.6675220698871314,0.024237227058292597,0.11780502283733635,0.6401639306021522,0.42774902366849527,0.5635825705969633,0.6362940616851707,,,,0
2010-12-26,0.01509689051638333,0.012244675777662292,0.012845617262511856,0.013103243997484243,0.11256035538322252,0.4451515977385578,0.21279035558011578,0.14274128179377313,0.4886687904961277,0.010569151888770561,0.002405716446006818,0.010747953753369904,0.012130651884366897,0.010569151888770561,0.010352702754674198,0.2203926953931457,0.5381941375580451,0.0010170699163359967,0.6920444708635866,0.026826447628897833,0.12274980443546181,0.6613395770819629,0.4519110631617013,0.5913087183382587,0.6820943784768887,,,,1
2011-01-02,0.014850236566178298,0.014671715159396482,0.013553717051455553,0.015775879224930664,0.12450021255571266,0.43408261489018796,0.2112413968530387,0.14091408463262095,0.48855284480657607,0.010951853684591305,0.0026667352853313635,0.010848679109301068,0.01187508187192885,0.010951853684591305,0.011501793745932251,0.1924369548226179,0.5744193824991934,0.001254288080008732,0.6967968707807662,0.027001611845043252,0.11331893582983335,0.6343867351619848,0.4151027065445293,0.5556897109474549,0.5814838638097959,,,,0
2011-01-09,0.017446163984415234,0.014858365954702829,0.015949128992447614,0.016598353986869572,0.17922541139246764,0.5249002201431648,0.21185684231125745,0.13960235912737518,0.49248388515473673,0.011461491854644922,0.0029880990463698855,0.011210965672559504,0.011751455889293588,0.011461491854644922,0.012767633490689118,0.16507176921645314,0.7816550185297141,0.0012276001970760529,0.6833000724197843,0.02979217172512839,0.11553041880959737,0.6211660026418825,0.38240007652484986,0.5938280664542036,0.6629840561773089,,,,1
2011-01-16,0.016610172308287156,0.016874079331605573,0.015264986719038282,0.017709664121909816,0.14034129237151294,0.48509840745851346,0.211470239965861,0.138458733475637,0.49376583208447855,0.01189551684875255,0.0032758793561251396,0.011451426370245201,0.011438628882796526,0.01189551684875255,0.014098865431051998,0.13317556310439144,0.5861466083917538,0.0010526549385192125,0.7282577350274176,0.03416928634701725,0.12393344442252696,0.6137682109175574,0.4882302479120209,0.6162688869303019,0.7067629923315613,,,,0
2011-01-23,0.014777780249702237,0.01606818488333611,0.014042812238651293,0.015030398979147347,0.13999286836594882,0.4030973063227167,0.20952173651762948,0.13706883017166913,0.4918876931476972,0.01214618102424954,0.003590708328693052,0.011477586007248764,0.011131888533624772,0.01214618102424954,0.015021503782999551,0.10954401386955663,0.5622081201807482,0.0020904813116208636,0.7238855358055165,0.03217803762695473,0.12306066035398425,0.6744748143551687,0.3989929370435984,0.5248946581800817,0.641173433702541,,,,0
2011-01-30,0.012228587384739469,0.014740080560131083,0.012842350513099968,0.01353185745134976,0.13096481524399875,0.3044279217996466,0.20580971965157055,0.13505199851129396,0.48710667243355166,0.012278579981544588,0.003854961899596415,0.011234981746633435,0.010775376901722856,0.012278579981544588,0.01574611476160863,0.08882405074146071,0.5001239426104778,0.001995592632224197,0.7411842686034157,0.03076664710129643,0.12571443992970105,0.6178496490572228,0.43660568748033857,0.5329636639487519,0.6657356832809985,,,,0
2011-02-06,0.014197453733916511,0.011323964579672592,0.012353628607809183,0.012648964515975903,0.13219014152457653,0.38096055312718435,0.20430071434360803,0.13307067049285762,0.4873774268918601,0.012352174761453158,0.004115789277333014,0.011221137933565434,0.010704137632307278,0.012352174761453158,0.015994041060220267,0.08275768749883525,0.498205509312168,0.002478926098820204,0.7450812713431195,0.03771889935625,0.13316779381219265,0.6462157958153265,0.41319925269037233,0.6530323190500411,0.6988846305695703,,,,1
2011-02-13,0.013654392267045774,0.014086663133021966,0.012628011462259286,0.01457858269739847,0.10551187852803656,0.3599093677544446,0.2025654376031194,0.13106258533158896,0.4871733741435275,0.01237704058110692,0.004442637178058809,0.011151887825575715,0.010676209021860618,0.01237704058110692,0.01608251662570836,0.0805463825707549,0.39416206869199333,0.0024285160460383584,0.7602889365749207,0.041399387832155174,0.14335380451286292,0.6200482607479975,0.4323827587060609,0.6046263804413925,0.7167088243802119,,,,0
2011-02-20,0.014832683897481061,0.013907407901365507,0.012838531291526258,0.014937027972995856,0.13381633138327304,0.4055415604850173,0.20202228293788693,0.129323707902714,0.4892263802515268,0.012433144044017021,0.004733271619779922,0.011212309829525827,0.010651946343993178,0.012433144044017021,0.016234863403497148,0.0772146214089851,0.49328122197834545,0.0018947760614794371,0.7706491335867558,0.044189947712240316,0.14700850356361156,0.5965443316670024,0.42387191348607584,0.5916386474739054,0.6716434561573456,,,,1
2011-02-27,0.01049784498456309,0.014424090026631234,0.012382062831412332,0.01131406335172256,0.13241647635081724,0.25110062311143966,0.19809675282123157,0.12697564705343678,0.4845806842610831,0.012135617505523446,0.004931976749300156,0.010814187602948198,0.010985504667486354,0.012135617505523446,0.015176979077871074,0.10371685411877261,0.4812740451766622,0.0026983499839918655,0.8620853340990042,0.039532968500868106,0.1311278319312727,0.6620164083369185,0.5577795985510452,0.4895380782699244,0.5420140320377878,,,,0
2011-03-06,0.010258976307451904,0.010376847294762858,0.00856887422495714,0.0089664392193588,0.1351593827445187,0.24370509645871544,0.19477738985617316,0.1242880098420585,0.48199103967945467,0.011678466634824145,0.005098954091305061,0.010429031073302114,0.010891024033428093,0.011678466634824145,0.014292062048852005,0.11873348148016448,0.49732572320886276,0.002582708382648476,0.8984887348684084,0.039788673356315966,0.13071576412392816,0.6169058036204157,0.46159574792527275,0.5566866204917562,0.6444214179148977,,,,0
2011-03-13,0.012763960966038506,0.0094246700850983,0.01046876018958827,0.01025039003120004,0.16492911691770024,0.3434832424724226,0.19412208690622892,0.12197815145925073,0.4848720202353698,0.011310997799931085,0.00525495027475782,0.010342210912935733,0.010268228752654401,0.011310997799931085,0.014247895225379632,0.10725630906479075,0.5974079829919249,0.0021201349076370546,0.8782434648110677,0.03639208018849213,0.11774193387937051,0.6000779466227326,0.37695269776906093,0.5059823693227564,0.5583068077144967,,,,1
2011-03-20,0.01281802249818466,0.012417000703694987,0.011656443189272118,0.013163851598312211,0.1496498092207701,0.3455446156394921,0.19363983468378423,0.12001270214475089,0.48749851953611256,0.011060705515921754,0.005380673884983755,0.010269306263719765,0.009975794247005789,0.011060705515921754,0.01405705764472809,0.10509783929000006,0.5247074792207244,0.002238742222063957,0.8790989345044115,0.031344489936401654,0.0969026498549676,0.6283018289102889,0.40782719338398166,0.4821570823363461,0.5003489303425678,,,,1
2011-03-27,0.013200675258726638,0.01245277098018804,0.01170306147999162,0.013944184096265444,0.12746797561320694,0.36092212355331477,0.19355629086383092,0.11841997652598771,0.49034094912436993,0.010728477279822176,0.0054907846126392885,0.01024331439259867,0.009211990305351575,0.010728477279822176,0.014262021450058754,0.08578818253156578,0.4437486376694596,0.0011297493394148055,0.8948768645211965,0.03830883434714918,0.11543315399189927,0.5683557122074393,0.4300347708760339,0.6529815548990225,0.78407894583649,,,,1
2011-04-03,0.014577952511615746,0.012997557010086189,0.012209679620936454,0.013975532169254777,0.11695968357711337,0.41541643983289245,0.19456591174305818,0.11739191965339946,0.4946471715890286,0.01053324045733532,0.005653739800771753,0.010363659576234665,0.008675725131210826,0.01053324045733532,0.014489108443314363,0.07051856485980933,0.407173917146307,0.0010111420249879037,0.9244367978073232,0.04205575594726385,0.1307755799009619,0.6165664712319998,0.44991426497305426,0.6054389177130165,0.7559384487895402,,,,1
2011-04-10,0.01681074477448417,0.014175534396379958,0.016015046712313147,0.01598564393207216,0.16208844063637684,0.4946424660723704,0.19709126065640944,0.1171850993223816,0.5009100066902535,0.01043636210394382,0.005865945494968604,0.010705766619141589,0.008259637765398476,0.01043636210394382,0.014784774382933668,0.05632325099795954,0.532236297943646,0.0,1.0,0.04120207924127326,0.13322103113735304,0.5718092610122334,0.5144919691174423,0.5413830293356677,0.6640054083566439,,,,1
2011-04-17,0.017146009912485827,0.016254184557536685,0.015190406026981077,0.01797738659391874,0.10310272009845271,0.5058976795711916,0.1992876127889156,0.11755506596144095,0.5053086439881279,0.010553482777976289,0.0060724190257290004,0.011050311706864591,0.008582846880396231,0.010553482777976289,0.014646706326360137,0.06559864199000885,0.3372029714720848,0.000296521820886186,0.9695845970205297,0.03949271046999309,0.13067568370251445,0.6376967845117926,0.3658331010806294,0.5295296702452473,0.6298872696069819,,,,1
2011-04-24,0.017372487459573472,0.017150450096492412,0.015096147371084079,0.016746087379269598,0.11776383914308654,0.513849394334432,0.2011158794641497,0.11829673094381056,0.5081432541323613,0.010646638180940747,0.0064205834258309995,0.011385699383529308,0.008860805360183474,0.010646638180940747,0.014511410901835694,0.07386678222805841,0.38690893590926134,0.00022239313307410527,0.9747171976329878,0.04305640641676638,0.1383781202359373,0.6187218585636893,0.41360262798241537,0.6026595109624373,0.7000491824407774,,,,1
2011-05-01,0.01789649534417038,0.017067193835282754,0.01565395427859134,0.017752001136883834,0.10050319546219248,0.5328468851291209,0.20286820348803206,0.11931724143332993,0.5102697589109443,0.010875055608972192,0.006714306745764521,0.011743879913764924,0.009344250548892208,0.010875055608972192,0.01442135828735499,0.08540202255357217,0.33201551345190883,0.00039733839163094573,0.992776331821444,0.04833753257201579,0.15276888483399534,0.6314203226110308,0.43124914537218967,0.6255559105753707,0.7443173154457612,,,,1
2011-05-08,0.01694928138907466,0.017909515531965577,0.016518127923227755,0.018341514716461668,0.10092682978087684,0.4806042497533928,0.20338754889081434,0.12026025494420464,0.5096787589084765,0.011114947348404855,0.007021671903002675,0.011969008056003932,0.009588690510930887,0.011114947348404855,0.014647993771950264,0.08598971300353736,0.33747395064524865,0.0011416086569299231,0.8334758662931399,0.04362417245537663,0.1513092386783319,0.6603132403265186,0.1919951996741177,0.4897405078420391,0.6376845193061966,,,,0
2011-05-15,0.013518107022820167,0.016682273475020947,0.0148760251581699,0.015060044004274594,0.10578407158450452,0.321429231758446,0.20098742046907503,0.12042956661956505,0.5037784284092086,0.011029395853612714,0.007225102097384702,0.011814296730636269,0.009536884835119937,0.011029395853612714,0.014524021407010566,0.0873196218417929,0.3548194276070859,0.0019866990277925918,0.8781484690241491,0.043134931696769824,0.1454640756038048,0.6647399123413211,0.47596199848159554,0.5464384817884624,0.6088503608887872,,,,0
2011-05-22,0.01231053039160803,0.012947546236762886,0.01213817522470636,0.013174551649072027,0.07620178248744766,0.2747009805312358,0.19807071628947584,0.1198539868864782,0.4980978092169554,0.010891773652434935,0.007414048528020184,0.011548184028377505,0.009522860533319603,0.010891773652434935,0.014240032704359116,0.09248845198333996,0.2594737628373485,0.0018502974348646162,0.8644615340575941,0.04222890480411027,0.1364938911693654,0.6158017501693501,0.3861653318257015,0.5407124180507111,0.5876161418485584,,,,0
2011-05-29,0.011474063235224772,0.0115861023298844,0.011559576523937338,0.012551519804379204,0.09085857262776993,0.24344786776812885,0.19507349428870877,0.11866286553219259,0.49340362492732687,0.01056815603911077,0.007572324458674942,0.011220043343993914,0.009202394926009659,0.01056815603911077,0.013922967171240941,0.09213059693425515,0.3213139354822399,0.002728003580008057,0.889554199819033,0.04179198965462001,0.12970171983515877,0.6657033973670003,0.4444092775268471,0.5471234587101227,0.6012460346420013,,,,0
2011-06-05,0.011849022381517273,0.010878174075999659,0.010339627910477803,0.011874218821266923,0.09309327269416375,0.26259563880272674,0.19299716238015982,0.1172038038663971,0.49136028430253165,0.010310157716462135,0.007697895775945675,0.01096232000542759,0.008938816591678575,0.010310157716462135,0.013680065620981894,0.09148681065189285,0.3358078997622502,0.00214385354266729,0.8972530644797863,0.03556256321653704,0.12612387635629627,0.5942722796079686,0.4179014068825335,0.46730367018506325,0.62266441365723,,,,1
2011-06-12,0.012687557590576676,0.011709538934623938,0.011056864646388383,0.013637449190276837,0.08477023267114907,0.3055853097105418,0.19202945376959377,0.11580064821131614,0.49178662934266204,0.010196892234737957,0.007868360321241934,0.010816729811385267,0.008853094176834483,0.010196892234737957,0.013536836983877714,0.09252415585657564,0.31268956241507834,0.0018176816605838442,0.9251971991978802,0.02968747135179045,0.12355224720397344,0.6065408482861329,0.44745559739586743,0.47025942226061473,0.6294416806636545,,,,1
2011-06-19,0.01082578314369276,0.012741697345064147,0.010923453381442906,0.010644531367347911,0.0975294141718748,0.22973986284879955,0.18982417782632688,0.11414052535230705,0.4898269707751716,0.010120876745463078,0.00800062735031517,0.010490536210500615,0.008924208989317405,0.010120876745463078,0.013283766346541343,0.09889735219442534,0.3655073946515474,0.0028999866603003164,0.8722554670211339,0.02979217172512839,0.12973981067600587,0.6758124311218894,0.33097885409408645,0.5546443481962038,0.6903140425646582,,,,0
2011-06-26,0.011159828073328715,0.009931332921671851,0.009303725574707175,0.01109047435735107,0.0667729009817229,0.24785375401850154,0.18839605899866524,0.112464282740487,0.48970403986718414,0.009956273164958375,0.008107692882741956,0.010230300879573532,0.008908056227415532,0.009956273164958375,0.012943342843662586,0.10522384327467513,0.25643346583752064,0.003484136697641083,0.7953616711687841,0.02917807700019372,0.12693552895743057,0.65061944631997,0.2913868173220341,0.5442758544510448,0.6279802379436339,,,,1
2011-07-03,0.012278524268888884,0.01046225599377155,0.010276511891668321,0.012256618658179801,0.06611328858654283,0.3077090337446464,0.18820830378378703,0.11107751801121428,0.4919116282440713,0.00988171730320857,0.008228102039764252,0.010111701768640444,0.008877035574143457,0.00988171730320857,0.012818069879676871,0.10705031110597177,0.2584260776617889,0.0033032564780982867,0.8585685320545788,0.04351748130029212,0.14652413696567848,0.613894081171642,0.5085054068931382,0.7604619469160503,0.7826102043960811,,,,1
2011-07-10,0.012589849262476131,0.012008012386804703,0.011043066757603347,0.013679588830178122,0.0611750645973795,0.32414781165710366,0.18836146456725608,0.1100054434972762,0.49431148848755374,0.00976018204750153,0.008321571409495477,0.010036916843573466,0.008748981661598489,0.00976018204750153,0.012708392118339112,0.10659958465207962,0.2470482950989251,0.003175752024420848,0.9209200682787657,0.04434901363154621,0.14542595267294856,0.6164098260870834,0.5011419820606945,0.5645172068054823,0.6399596202920517,,,,1
2011-07-17,0.011687783016911393,0.01199246373259202,0.010412813150549566,0.012501801082066274,0.06702105630124133,0.281200433674303,0.18782862127211777,0.10901788827413794,0.4949560413713545,0.009824662692119663,0.008381792319334856,0.009875030178902941,0.00868780218573959,0.009824662692119663,0.012924105114437784,0.10111735682718209,0.27959335468704666,0.003946710172652504,0.9107499353566361,0.03877996144961747,0.13342477060537192,0.6593994735923191,0.39197997608520924,0.4771275701474921,0.5674619162919475,,,,0
2011-07-24,0.00902896617407972,0.01117149652047679,0.00939630876418448,0.010260138596267636,0.07264884307232564,0.17223914863143333,0.18538700428119984,0.10763263095103343,0.4919231238799619,0.009758010610977122,0.008382864743222482,0.009450838163399863,0.008824083143461139,0.009758010610977122,0.012612018286737981,0.11002431744307158,0.3128367115470419,0.0045990574716383275,0.9241516654148313,0.04459464169049911,0.14040887228423457,0.6532279424846025,0.4259319377875402,0.6341596084875419,0.6948471069754688,,,,0
2011-07-31,0.01136922270329653,0.008175512663517334,0.00924163947351974,0.009362287325198783,0.07191387958664934,0.29712964064238784,0.18539725207583202,0.1065269232821065,0.49405499855686186,0.009682432202849688,0.008465872635854615,0.009311493727846757,0.008832188700047684,0.009682432202849688,0.012436774562442113,0.11364343711061053,0.324716284561135,0.0048184848916289205,0.9058073988338832,0.03397600847473332,0.12939282140719374,0.6326971157975743,0.3803423608824586,0.40834275254718305,0.5732478251514713,,,,1
2011-08-07,0.0057093921795259,0.011457607748715525,0.009492334412138577,0.006652996878664355,0.09591962487748061,0.11638288409994642,0.18105590019024867,0.10458402993298399,0.48767053366913804,0.00929722805537445,0.008411827623589664,0.00859423022473876,0.00950463685554143,0.00929722805537445,0.010773621752336595,0.16041323338024283,0.44675947854994896,0.006846696832952821,0.835757070464811,0.015271581708540016,0.0687585886903833,0.7163634488164704,0.3048089683987984,0.28767981564316614,0.2304211693522083,,,,0
2011-08-14,0.0018829848763393725,0.0043211893897345055,0.003101088411961946,0.0,0.15902727178991616,0.03250285475297874,0.17479214291966838,0.10150274739760405,0.4789890595826166,0.008683942361829091,0.008256131910021449,0.007545595315762795,0.010666873480677092,0.008683942361829091,0.008013921424395427,0.24015962290430218,0.7305888160796807,0.007946792576351435,0.8230206009785183,0.011130042926661518,0.05308955066831134,0.6714093874011768,0.3868074644366625,0.4898040481315144,0.5235929550461593,,,,0
2011-08-21,0.0027023633869250278,0.0021668715748413493,0.0020841140917110916,0.0012599899554909199,0.10450106177411668,0.07088484530233205,0.17073613276340635,0.09804895426594455,0.47614825511293646,0.008040425118776581,0.008083470336364598,0.006682417475668418,0.011103935956148458,0.008040425118776581,0.006072783638101376,0.2898416564444361,0.4820951639215982,0.00808615634754399,0.8286284705890415,0.0,0.019063487098709222,0.6285638887878034,0.4153548323791324,0.379970953974064,0.36805633663746157,,,,1
2011-08-28,0.0033085892549236146,0.0011503516698085081,0.0012204091138965946,0.002812418092723192,0.08377226185278785,0.0996459939804314,0.16828893924689772,0.09468934718031094,0.47686652767539256,0.007308767109731077,0.007933358609303482,0.005964769554580393,0.010888781280343277,0.007308767109731077,0.004734504311077857,0.3147474038305506,0.4025516479729849,0.007199556597968945,0.8546716018307429,0.010725348948402722,0.02284109088445745,0.5840009502029796,0.44720689373572015,0.7282100099695887,0.6811677600025182,,,,1
2011-09-04,0.004873864526297454,0.0033961717120852076,0.0029295425136955737,0.004758511332518475,0.017222608097506854,0.17218375727380117,0.16788204449779018,0.09190246941736993,0.4812342209331732,0.006643761181828104,0.007748741175626278,0.005478967772550244,0.010257886843007312,0.006643761181828104,0.0040492486614502115,0.31761740101880176,0.084271784106942,0.006167661651034319,0.8638912692726102,0.010155542972941049,0.022896959590367184,0.5769279958017343,0.420590999034091,0.5442532821282984,0.6477402294006628,,,,1
2011-09-11,0.005369154549217063,0.003796636068865792,0.004066221467651333,0.0050055855946861795,0.0860582048840404,0.19468721733489366,0.1682393906272398,0.08976008042510551,0.4861491591891115,0.005993321728188356,0.00756734765236324,0.0050911676784456536,0.009382457124321281,0.005993321728188356,0.003694192942012715,0.3083267716978908,0.4424372095198388,0.007576138532834236,0.8680733318889381,0.006181106970011994,0.0,0.6859554158569318,0.41286569381686244,0.49104383505711763,0.44378762057959503,,,,1
2011-09-18,0.00724022091144919,0.004255349678164627,0.0051139719158986435,0.005605137209969565,0.08327327644360726,0.27656750883077363,0.1702701046044162,0.08854121315367086,0.49319203168343095,0.005415876999160307,0.007415371631157508,0.004935740640734351,0.008147835602141726,0.005415876999160307,0.003937049796541224,0.2781849730227461,0.43242462981439256,0.007994236916049769,0.8628457354895612,0.01861985540829287,0.025208980568761398,0.6408273015508351,0.39869293974008474,0.7507783299132474,0.8862809224563934,,,,1
2011-09-25,0.005763734416882945,0.006411822708203603,0.008487295489944117,0.0067072604103455245,0.1233600565876061,0.22889609247141188,0.17096407453960738,0.08773529412065807,0.4963412178090656,0.004809751924100783,0.007178390648148702,0.004640891772008326,0.00697714489758347,0.004809751924100783,0.004039163112903935,0.2519378698415599,0.6336886291589386,0.009755577097684742,0.7844311368560974,0.00259728200780121,0.00043571814407945586,0.6991067040416414,0.288072980943615,0.31147832408786097,0.4285047470005273,,,,0
2011-10-02,0.008926755105249403,0.004419152588238848,0.006984951643593761,0.00606945575957207,0.0908307690960128,0.3539430754758562,0.17424042997645509,0.08788926312575812,0.5036614236134047,0.004560954656288949,0.006951982009385975,0.004704512809207539,0.0064477096709248385,0.004560954656288949,0.004140734847343021,0.23865610100256118,0.4698661679610292,0.010078786801503608,0.7729303377584268,0.0015885701011027111,0.020510650240817867,0.6361007805413611,0.38779709496283465,0.5368546196914931,0.8373558652706964,,,,1
2011-10-09,0.0067167687085962855,0.007875159797591005,0.0069898894494658005,0.007488539480210916,0.09122557924696413,0.2817730520490876,0.17528998415404826,0.0882682968223006,0.5053777903095537,0.004257838570110098,0.0066546518558623586,0.004531233550681564,0.006018711570229684,0.004257838570110098,0.004000932318991163,0.23278509649616824,0.4677411438692895,0.009832671498580336,0.8025852668314722,0.006428750388263884,0.03192497022127377,0.6121987310836496,0.45548483528942146,0.631591803601125,0.749337575227575,,,,0
2011-10-16,0.008557793884585491,0.006774824708009112,0.006771263980594182,0.008325879264408058,0.08033113486854232,0.3485882549469666,0.17775912397038932,0.08917344639065379,0.509390004552952,0.0040998110741419,0.006448857071036531,0.004566758881175187,0.005733502456755844,0.0040998110741419,0.004003142338625256,0.22671272071720439,0.4140634921691049,0.009610281900325162,0.8862275343801809,0.020345322476412554,0.05108244895674899,0.6131495312634866,0.5404992255705036,0.7740247377580182,0.8133517522764255,,,,1
2011-10-23,0.006203834358135068,0.008493467679799405,0.006843702743233257,0.006427704118917445,0.08225915142135172,0.2745310479042482,0.1780232632040988,0.08996195744844818,0.5085005071656518,0.003793908285221149,0.006144589687937536,0.004353021178381447,0.005303543369832798,0.003793908285221149,0.003858415286111228,0.22082596752315628,0.4268269265217885,0.010292282795327175,0.837562933122549,0.023097639684921678,0.051329542027113685,0.6512791164831467,0.33460083015798747,0.5943539530671432,0.6492815198128229,,,,0
2011-10-30,0.0064385726585717415,0.006111755210143818,0.004501710669559558,0.006381965655106771,0.07265429819564508,0.28345761565266725,0.17858649346951014,0.09073006958944817,0.508344942908997,0.003455286806059371,0.00587243500715521,0.004184158719955482,0.0046626526439598245,0.003455286806059371,0.0038994387144456618,0.20614484121616725,0.3793576689975597,0.006977166999713772,0.8408896710772691,0.03252836605924557,0.07598978343961063,0.484322352130472,0.41170157284036674,0.692814702284675,0.8504910707877741,,,,1
2011-11-06,0.005629328178966964,0.00591255121768949,0.004043381451765358,0.005228984240013277,0.08660501940671207,0.25763121430469055,0.1785591021700037,0.09133788189888209,0.5071224797561368,0.003173700070661609,0.0055718438989850825,0.003946849859419004,0.004291355259350313,0.003173700070661609,0.003736345129900364,0.201778191575906,0.45582429040768935,0.007172868715036266,0.8604695355309714,0.026113698608522206,0.05101409723728447,0.6311761530644062,0.4367588660848742,0.4615870536601405,0.45356759157547,,,,0
2011-11-13,0.005649321264395605,0.004184457355381017,0.003518205343549733,0.005942178238495565,0.026915095239764472,0.2584965591521534,0.17871944814253818,0.09186322060880621,0.5064935275264334,0.002875095419366124,0.0053554767699131875,0.0037342301935247976,0.003815013096314688,0.002875095419366124,0.003664172258931932,0.193008364815379,0.14293128300991856,0.008323374511216727,0.881285070373296,0.02825192109209666,0.05698608002792601,0.673329538404685,0.4380743430124421,0.5844248036891246,0.6965038284310617,,,,1
2011-11-20,0.004027830478032868,0.0057233734582928086,0.0038712726186909967,0.005440076043422054,0.07122202917236861,0.20509852949522797,0.1777380507668884,0.09204424823095066,0.5038677754353685,0.00242800486530484,0.005086028442492424,0.003372489385796188,0.003060948097467829,0.00242800486530484,0.0036059519031016105,0.1776695468351806,0.3823413679892975,0.009310794366355464,0.8185533334538305,0.018547376206186395,0.040109783772063125,0.6651786252568705,0.3133796354487084,0.4123082326411563,0.5101273951626061,,,,0
2011-11-27,0.0008341155341573401,0.0035615632923597317,0.0017603151871970855,0.00020095085426975376,0.09302569955369071,0.11530021448894354,0.17464060849660243,0.09143398123780846,0.497833280571622,0.0017909823749276406,0.004788267434008384,0.0027116048952069228,0.0023558859946436156,0.0017909823749276406,0.0030724039014061316,0.17405069664232106,0.4907208296946954,0.010627351816661159,0.8075278033542251,0.007075066284430017,0.019909315559575792,0.6783668422692568,0.38917232195649687,0.3800549437073696,0.47585304601643874,,,,0
2011-12-04,0.0043050812962248265,0.0010096830590949494,0.002364456228924289,0.002559853150724405,0.09396215065874625,0.26315189571678355,0.17514603046356853,0.09106897853158052,0.49970369147933225,0.0013909267812478607,0.004597815467349418,0.0024762168334278006,0.0014159787167152605,0.0013909267812478607,0.003343815145019563,0.1464631158922053,0.487725727457623,0.009373063736652426,0.841174803469761,0.02431172161969806,0.05854039171054735,0.5705340752017255,0.4601725814448437,0.8259648809895601,0.9933497819813688,,,,1
2011-12-11,0.00342807228724028,0.004164226113993856,0.0027216297988316893,0.0038407695190981585,0.07267823034956261,0.2373574386623523,0.17505942461198068,0.09075586374268722,0.5000993941223143,0.0010874242135146296,0.0043273642901548144,0.002171639888737022,0.000998082985038864,0.0010874242135146296,0.003189622273511709,0.1403614408015231,0.37649929251515857,0.009779299267533908,0.8286284705890415,0.026508315790286036,0.05236463736187778,0.6397161549119355,0.3872030816941791,0.5855102476847155,0.5972621851291089,,,,0
2011-12-18,0.0013921975941495375,0.0028655259234129176,0.0011813400004472999,0.0023563380193224173,0.07267805437784262,0.18052937108934275,0.17360135887952172,0.0901499271825796,0.4978663049033942,0.0005467868081032928,0.0040154438873135365,0.0016834157260265951,0.0,0.0005467868081032928,0.003224433856587993,0.11623989999224257,0.3763263388766154,0.010867535693417406,0.7785381348530822,0.019354748803404993,0.033638929699358014,0.6682811038201066,0.32836095805007764,0.44860996349848903,0.4933142573200721,,,,0
2011-12-25,0.001657630150095282,0.0008920537019463011,0.00021228914891929785,0.0019313223833884786,0.06567057893341244,0.19206012410786527,0.17288974112958602,0.0894917009967659,0.4974675387906789,0.00032722896526222236,0.0036495090104633715,0.0012694145023690064,1.5032399196928844e-05,0.00032722896526222236,0.0027257325087647667,0.12808726646174218,0.34598978296529925,0.011193711110319783,0.8223552678907479,0.028549899337718527,0.04528131337475961,0.6359512510152304,0.4784402954965144,0.6914013495458988,0.7477291729282245,,,,1
2012-01-01,0.001017513424390151,0.0016277000000207752,0.0,0.0022853094956043554,0.041082754387225126,0.17353226696546725,0.17206106196910295,0.08876310608326897,0.4969308995698762,0.00028033059273929414,0.003288113977313274,0.0008279794371682787,9.571841786801567e-05,0.00028033059273929414,0.0025246892944072907,0.1346466759536666,0.23200037056589184,0.012021007202681377,0.8168424665830112,0.02699355040784728,0.04655759721820696,0.656423207857042,0.39789481290828704,0.5305753468957922,0.6579273949796909,,,,0
2012-01-08,0.0,0.0007649632266625306,0.0003154044853951928,0.0013322465638377172,0.06924660583819608,0.14424293218347642,0.1708542141930087,0.08788602690006649,0.4957985431180877,0.00013389428391951335,0.0029456055941701406,0.000322302813923006,0.00032941325900286595,0.00013389428391951335,0.0019192017602461364,0.15425043503011326,0.4025256913160629,0.010950561520480023,0.8708297325428065,0.03106263456517173,0.05704458011458508,0.5792384781560066,0.49180146892220417,0.6124745817525281,0.734740433276375,,,,0
2012-01-15,0.0012944892660489932,0.0,0.00016241151811538862,0.0006279555617190347,0.09114093684965284,0.20732861499399075,0.17117755691824904,0.08726318748083944,0.4977374019454211,2.4753755524334984e-05,0.002692183212426678,0.0,0.00040538868017957896,2.4753755524334984e-05,0.0015877282592204503,0.16381360882635504,0.5281946177376368,0.010135124745633547,0.8459272033869406,0.03333372329716517,0.0626413344283728,0.5889107612991543,0.36920625285470327,0.5857298762177294,0.6927094781293696,,,,1
2012-01-22,0.004417054031980762,0.001137236395731337,0.002273182202388103,0.002731350304110527,0.10695917553619948,0.33968784288093606,0.1741293826416612,0.08748450688771484,0.5041750447675653,0.0,0.002465500393234588,3.4555984618582045e-05,0.0003798564929584503,0.0,0.0015647194945496506,0.16375954022553646,0.5854880997547721,0.009358238706053797,0.8404144020792039,0.03862694160820855,0.07981471998883781,0.5900233925099638,0.39808923869516877,0.6284409305683513,0.7848193377722292,,,,1
2012-01-29,0.006733570920505226,0.004004075981151791,0.004627573347968431,0.0053254821070026735,0.10891049074473448,0.4216527236371987,0.17847494113748502,0.08872091510732616,0.511916217408406,7.393531827415348e-05,0.0023050947511575903,0.0003077895713010375,0.0005278281674688279,7.393531827415348e-05,0.0015459557597773063,0.16765254262309645,0.587797842237112,0.008376750277082083,0.8556220673110052,0.03881820412119348,0.0868855609624012,0.580882357230793,0.43002455518090327,0.5558002695203967,0.7015768862139252,,,,1
2012-02-05,0.0093534327544788,0.006140040831877907,0.007294854841024957,0.007864595400054906,0.11823037536710249,0.5017657873209699,0.18410077075057724,0.09108149664397504,0.520489279800808,0.00018844654335392432,0.0021781007494797913,0.0008286550471259827,0.0009202162649847441,0.00018844654335392432,0.001317780949356595,0.1821373479159066,0.6248640930345926,0.007312236021047754,0.8852770688999185,0.04457048195646362,0.10362387017896951,0.5765286719444148,0.4516655786459522,0.6332784807445442,0.7737378165207122,,,,1
2012-02-12,0.008587640295784122,0.008821907386024825,0.008362176278689886,0.009837584987038612,0.11107849752925517,0.47091779408594225,0.18801103118456633,0.09392319836278173,0.5241583522448614,0.0003414690255861392,0.0021338274480521887,0.001219924468407417,0.00130330755541777,0.0003414690255861392,0.0011852054135366786,0.19408558284517224,0.5912670565990316,0.007155077971354124,0.9112251318388332,0.04411545315083485,0.09877962657947426,0.6155716408774181,0.4449515556088511,0.5469284192756139,0.6120129023791789,,,,0
2012-02-19,0.010257567052719683,0.00871804390299087,0.007918110522566368,0.00998806665961246,0.10780271357310459,0.5205211327218228,0.19244234634955115,0.09727681804363358,0.5280622917548023,0.0004135833793639087,0.0021337947853957012,0.0017483600831051363,0.001582848602144968,0.0004135833793639087,0.0010019443890587846,0.2048145949756002,0.5678509013373103,0.007433809048558168,0.9328010680717148,0.04785834403235153,0.10897086795163406,0.6348161585117889,0.43773855294339425,0.6042603373914711,0.7221780082281638,,,,1
2012-02-26,0.00896814480216113,0.010396700391104075,0.008540344542312344,0.00998389778269346,0.11212792247853906,0.46671293495574057,0.19491112157926682,0.1005615475211407,0.5275369279140594,0.0005355814816553671,0.0020458181857284765,0.00209178363375627,0.0019085833791836029,0.0005355814816553671,0.0008714661845407376,0.2153069290904184,0.58339797267938,0.007487184814423526,0.9887843332948214,0.04876638628431008,0.11004870717857035,0.6248432849284487,0.4859343204942902,0.565367736308631,0.6549894085514533,,,,0
2012-03-04,0.010061497327252445,0.008498334061643497,0.007834948547707637,0.009260292696476304,0.09809878826904815,0.5007161287665256,0.19768237208434722,0.10386490173266034,0.5276789620686789,0.0006170645208236463,0.0019819294985619212,0.0025167048434185167,0.002186135051616474,0.0006170645208236463,0.0007111295547235838,0.2253813479366799,0.5046394140276028,0.007169903001952754,0.9714856004969222,0.049549599147493184,0.11379081941421164,0.6085626282449358,0.38317579742495556,0.5636510432271755,0.6740714566590469,,,,1
2012-03-11,0.008539118395044698,0.009469339330138894,0.007449621070716207,0.009718647629410436,0.0849630624819052,0.43680259027914026,0.19860816202736323,0.10673327256443291,0.5243617336682962,0.0007436094466709044,0.0018738874058165129,0.002742139327714628,0.002463381136191798,0.0007436094466709044,0.000649754869983582,0.23306113297738829,0.4359291747202749,0.007831147440189114,0.9936318015147876,0.04979925792504407,0.11108576000389188,0.6517141850169876,0.43692154215015244,0.5564765991915637,0.6280103014509639,,,,0
2012-03-18,0.011407329867844188,0.008099654620009611,0.009098057377184478,0.009638437008271732,0.107827807140374,0.5250642970096405,0.20151996564459568,0.10973780365265343,0.5254001059158867,0.0010128576420349842,0.0018004010758721361,0.0032456990232909294,0.003232653548771942,0.0010128576420349842,0.00030032803051716783,0.25846788427692347,0.5428660897194028,0.008465707530311726,0.992015930430887,0.05650386676174575,0.12933037424941068,0.6501826886001512,0.40437819913342,0.6428305981088187,0.7777419801006392,,,,1
2012-03-25,0.010544871700403696,0.011169624159875834,0.009693534282584985,0.011978392556535896,0.10641165712664788,0.48866955002159007,0.2030295524474477,0.11250943296917909,0.5236239728323311,0.0012792222814483468,0.001655175337004706,0.0036112137475990923,0.003817540147893299,0.0012792222814483468,0.0001695411572838734,0.2743940892180284,0.5296294317740275,0.008806707977812734,0.985552663642888,0.05508239943959248,0.11867055456381383,0.6371973280109079,0.3978422723832645,0.5345675409984567,0.5739543765033034,,,,0
2012-04-01,0.011488705735613197,0.009966546516533397,0.009711902787965647,0.011831133779795359,0.11059485685405698,0.5174614531223198,0.20483955450771718,0.11516797557744393,0.5227615618579929,0.0015956482335915448,0.001524054554733738,0.004040504457353713,0.004523969960324461,0.0015956482335915448,0.0,0.29371016413698586,0.5254488108704842,0.008118775656643694,0.9641668640155796,0.05736961104597787,0.11546405667069942,0.5930286951146244,0.3775740740784985,0.58315810564172,0.6246869720553263,,,,1
2012-04-08,0.010096413618280401,0.011332577330775395,0.010254137164109531,0.011583582867090568,0.1111820392892925,0.4568852572294412,0.20503266066602036,0.11734188474755647,0.5190656969590886,0.0019244940576296538,0.0013554151349493147,0.004283480341727221,0.004969316162062084,0.0019244940576296538,0.0001761510965499568,0.29901262406823287,0.5169820643270493,0.008338203076634288,0.9693945329308243,0.0552776926711754,0.10418839761972999,0.6320183507374434,0.4137665104291919,0.5258940948585537,0.5673657546369687,,,,0
2012-04-15,0.009761337526645262,0.009711059136172718,0.008044441302776222,0.010216480921521399,0.10441332227453372,0.44242513718686766,0.2047856764794482,0.11902080270809685,0.5152908426203151,0.0024082444825057905,0.0011668645066673102,0.004468315744317438,0.0051466155668215595,0.0024082444825057905,0.0010182262013503616,0.28283528191984436,0.48236711270710275,0.008379715990165596,0.9541868676990231,0.04967644389556762,0.09161216258839554,0.6242906929551467,0.3856619667664484,0.47965611573227973,0.5558962699891298,,,,0
2012-04-22,0.009329876431475198,0.009091818488401385,0.008043044965634244,0.010507404543817904,0.09002731741691955,0.42313406029387823,0.2041211362422101,0.12020193661298924,0.5114946897475008,0.002680529274307574,0.0009902676140052483,0.00459048008827785,0.00539413307358422,0.002680529274307574,0.0013119785995362818,0.28119204324110575,0.4163130833554,0.00835599382031643,0.9250071351081749,0.051341523917374794,0.10253621140923692,0.6214724527043199,0.36594184211834846,0.5754195894040477,0.7288967187413848,,,,0
2012-04-29,0.009774570772301469,0.008497961179205541,0.007885291205851882,0.010077084988879638,0.07654140790701268,0.4407416376671659,0.20382397277879863,0.12107440174449666,0.5091407496452854,0.0030244348410345457,0.0009035027192282526,0.004747459680600575,0.005625387090959664,0.0030244348410345457,0.0017822685654838477,0.27511621094373323,0.35271686310250794,0.0075494541847204895,0.9351772680303047,0.056340770123841866,0.1059010734974487,0.5876549852100427,0.4210732999516129,0.6196439021386622,0.6717754109128604,,,,1
2012-05-06,0.008290677097374412,0.009643444237209127,0.00768549705164247,0.009678302144161799,0.058987173008500864,0.37170311567639147,0.20230591925656338,0.12140230540162394,0.5049878673222447,0.003398251286227965,0.0008103335538315497,0.004734490722486938,0.005490526223630917,0.003398251286227965,0.002764655738956217,0.24962118881712694,0.2730485368026386,0.0074367747616416804,0.8719703346286419,0.049442883414856253,0.09013807592861989,0.6175540909012355,0.31711592440114394,0.4629872133179465,0.5331879280327699,,,,0
2012-05-13,0.008156368246980577,0.007259107174508332,0.006253173389002417,0.008946833962741393,0.06771508876484984,0.3655529905579442,0.20090676821262526,0.12132354571866026,0.5018866104835842,0.0037504064491859883,0.0007334384906363524,0.0047087278533627635,0.005282170681301913,0.0037504064491859883,0.003789313787467855,0.22192584562479378,0.31360367543741874,0.008186976453107682,0.8632259361848398,0.046279850727743786,0.0913512708141014,0.6554753741837323,0.3934527948170958,0.5107624528587844,0.6563428758013669,,,,0
2012-05-20,0.006338521301261938,0.00766107534112638,0.005862719575186377,0.007391097090907514,0.07591765854836494,0.2855141941118368,0.19829674290395038,0.12062427054081881,0.49715449491704694,0.0040387424873591,0.0006057202011899589,0.0044955378391201084,0.004816014274190909,0.0040387424873591,0.004988858868915471,0.18512996553200745,0.3455432588181835,0.00943533310694939,0.814561334927208,0.03456793424737906,0.07106274761653864,0.6765967563355639,0.33304975082394606,0.3944228950948977,0.495503439169519,,,,0
2012-05-27,0.004343188460772482,0.006314423618697586,0.004536863739931999,0.005111365507499482,0.07475483742272471,0.20940976527647337,0.19462861318682004,0.11917064011420014,0.49140170349619616,0.004274092214853688,0.0004123206289465889,0.004094231834222918,0.004072320433848579,0.004274092214853688,0.006411070080918459,0.1377775854784597,0.3392144130827699,0.009969073091508312,0.8116148701836343,0.03911819772611434,0.07557903132264075,0.6450947859373386,0.40188999138070686,0.6175644150472314,0.6826843052546225,,,,0
2012-06-03,0.0050551084336875225,0.004302172817131748,0.002957321854498747,0.005460531377155362,0.08099394994902605,0.24661383092803696,0.19229590497043522,0.1174390722199978,0.48928212352158856,0.004477873539175328,0.00027857222890466496,0.003805508089724865,0.0033956130549072693,0.004477873539175328,0.007682491234227638,0.09549445332341945,0.3697774613521566,0.010505778789150745,0.7317745370718429,0.03110893867394372,0.056543141631790445,0.6449988018020105,0.2798322980514912,0.44166884637569276,0.4994827381046117,,,,1
2012-06-10,0.006680351503991738,0.004396019724991614,0.004425915323645665,0.0061861268676330905,0.07257166187594159,0.3267901813104448,0.19175214071430266,0.1159212599997662,0.4909122464767483,0.004600517639952442,0.00017475025759595983,0.0037140444182870384,0.003159943677781098,0.004600517639952442,0.008238333644866175,0.07844519819944967,0.3370955127970357,0.009352307279886772,0.7416595376014807,0.040696715608274515,0.061835586388919936,0.5746056170895547,0.42358118166372927,0.6907196189139119,0.6902916092252624,,,,1
2012-06-17,0.007776425151025347,0.007253773220804991,0.005635975690995025,0.008432702251958298,0.0693182615225727,0.3767289981367392,0.1922012727601018,0.11481649885276082,0.49406221683127405,0.004657028072595714,7.04039577082737e-05,0.0037457804676590436,0.003131007519651896,0.004657028072595714,0.008397272413314366,0.07444370936702852,0.3288359596172574,0.008987584662536598,0.7239806041083031,0.044155711181709856,0.06831497640405583,0.6070310963979559,0.3764172380244505,0.6009876066014584,0.6992537725980875,,,,1
2012-06-24,0.00963819386923149,0.007866734199056119,0.007642234745050162,0.009039069808185371,0.0750607466607412,0.4541245904197604,0.19402353909042816,0.11437691885263036,0.4991349572957388,0.004672458775491391,1.9926875950584427e-06,0.003968962577365425,0.003156087634028215,0.004672458775491391,0.008400435161704248,0.07493824391327711,0.3650027886228602,0.008702925693984462,0.6609638073122137,0.042581248595700096,0.07053894239737463,0.610344223424741,0.29708669404153387,0.5316300367367784,0.664812958009195,,,,1
2012-07-01,0.011601807020890463,0.008768992497095167,0.009253384600095034,0.01030266125038177,0.08268584764796377,0.5253595610735473,0.1969807073299023,0.1147461481840591,0.5053030212036124,0.004835791157630494,0.0,0.004375995812257984,0.0034983333323121107,0.004835791157630494,0.008340247450620474,0.08383915847227555,0.4089373495974913,0.009390854480334568,0.7257865392819091,0.04804560040429091,0.08059611171135474,0.6520218842688471,0.5273621956711585,0.6282010300795355,0.7262656696531062,,,,1
2012-07-08,0.011824343237670114,0.01106276306376157,0.009826761684432873,0.012445638309178308,0.07417504579972843,0.5330816244401922,0.19942825432576972,0.11563819040009157,0.5092900465237569,0.004920691997532686,6.47891673951004e-05,0.00476750869763765,0.0037357309104343716,0.004920691997532686,0.008236376072390587,0.09129616229791841,0.3736770477052951,0.00888676809179184,0.7294934054160398,0.046539586301789636,0.08019062235588353,0.6011367354147171,0.4129796991406138,0.5328566174406218,0.6441336654511396,,,,1
2012-07-15,0.01171321834622462,0.011451620600333725,0.01021572590739217,0.012791582810046156,0.06540693810253559,0.5268068633317392,0.2011870265149263,0.11678057459905981,0.5111991804683353,0.0050694426944879545,7.276204217579444e-05,0.005110127240846965,0.004035984311590238,0.0050694426944879545,0.008195515833408114,0.09878501929538247,0.3383232164177892,0.00914770842531374,0.7695086040167881,0.04696239393618694,0.08985087034683235,0.6336576626437956,0.4756527334988612,0.558857634623519,0.7214079561641035,,,,0
2012-07-22,0.010896646887747857,0.011443938391830583,0.009697449985954135,0.012126121340748043,0.06561979349502567,0.4798867000173071,0.20183301271882223,0.11785195935178769,0.5106577313223544,0.005114697977157613,0.00019298836798682344,0.005334821575900488,0.0041279283477376185,0.005114697977157613,0.008182357314993097,0.10108460877452681,0.3461635652804549,0.00865844706736964,0.8116148701836343,0.048146270059030855,0.09464319231154188,0.6016714442647985,0.4762742931752981,0.5691364052512932,0.6832108591442588,,,,0
2012-07-29,0.013318754764988857,0.010201523740980049,0.011075881642869953,0.01123763922187415,0.07429065921975651,0.571820727736015,0.20413907940667317,0.11927123608137535,0.5133107916452009,0.00537369804757811,0.0004580381243355234,0.005791114463048205,0.004706262795790234,0.00537369804757811,0.0080434513471914,0.11665791372413473,0.3949034674393947,0.00888973380487535,0.8081931364419955,0.05283947658268009,0.09854565832284712,0.6324315955990399,0.4011221243612997,0.616299509086737,0.6762102189988034,,,,1
2012-08-05,0.014192383854087186,0.013135040596789887,0.011958416291256851,0.013887837099126846,0.08373221068931999,0.6011664844031138,0.20650541587511223,0.12098351885476631,0.5155452861460097,0.005524615214226561,0.000724345260183526,0.006295204633336023,0.005219029837415763,0.005524615214226561,0.007748066599156604,0.13400646558737897,0.4521775532194682,0.008581349131655116,0.8316700036354018,0.053850203848677586,0.11012954191158965,0.609307329423544,0.4439409506707086,0.5665081481661371,0.7324631747700044,,,,1
2012-08-12,0.01402569078824117,0.013881930190729887,0.012607315374789154,0.0146045282687898,0.07418099364386381,0.5906812665742375,0.20807634200210692,0.12273630271321181,0.5158541516241972,0.005713234665392362,0.0009727382567048756,0.0067338745165376225,0.0057386386450071925,0.005713234665392362,0.007526822314115866,0.14983745166178147,0.40841814169720186,0.008071331316945362,0.8697841987597574,0.05684613375684061,0.1153148702182156,0.6005575167832463,0.465875310856542,0.5926345902186049,0.6844114191699798,,,,0
2012-08-19,0.014619347937205247,0.013607900336635793,0.012432784848836854,0.01433728754001599,0.058415757639375725,0.6120106358250151,0.20960233285814567,0.12451053319748016,0.5160177058186434,0.005882878648305492,0.0011986118121115187,0.007192775972688548,0.006252961627405015,0.005882878648305492,0.007270510999826026,0.16620826671352898,0.3319549804176768,0.008400472446931252,0.8770078669383136,0.059320601735165374,0.12164504169085852,0.6367919626832829,0.4173970354861236,0.5854138475697789,0.6921019836259387,,,,1
2012-08-26,0.014521547950260331,0.014339061084080144,0.013034601497800693,0.01602116073599998,0.03194457816291041,0.605116946845042,0.21053359159066073,0.1261569382194467,0.5150428955762701,0.006122668878125091,0.001410739169042846,0.00759775696248161,0.006811657712311839,0.006122668878125091,0.007113535176551989,0.18129244838784442,0.19008438668733738,0.008379715990165596,0.875867264852478,0.057905180490909085,0.11705710099435065,0.6216008615107562,0.4048522175834997,0.5348288821603274,0.6151764047402984,,,,0
2012-09-02,0.016129988808655606,0.014232950894815027,0.01375136405518296,0.016189065002272466,0.05071322909536113,0.6632189193830917,0.21232605575646585,0.12791102603464644,0.515864095733741,0.006467774865872773,0.0016167795876673725,0.008132175855392937,0.007654450159108527,0.006467774865872773,0.006840380938838781,0.2046059389707663,0.31535776149622,0.009384926588986476,0.8851820005971319,0.056989076801754565,0.11703871341911443,0.6659015855053864,0.42045731621342336,0.5412271855275006,0.6471139126068659,,,,1
2012-09-09,0.016664136452911166,0.015739649571994457,0.014588965219046133,0.017149228546938768,0.07761909391452568,0.6811526980271424,0.21393052815201125,0.1297054317775564,0.5161715644350116,0.006865205489252266,0.0018694209867059937,0.008671491382870558,0.008517420845572814,0.006865205489252266,0.006657088471550658,0.22614315700459475,0.48865871154971413,0.008871052286822476,0.8821404675507717,0.0632990684566924,0.1330554146001904,0.6007196014058855,0.4020516978368062,0.6354080650103687,0.7603177311661345,,,,1
2012-09-16,0.016892590393830585,0.01650573593257583,0.01484470042601767,0.017667623806157065,0.07642340127159283,0.6889848437455283,0.2151297501456987,0.1314333006243138,0.5156641471591631,0.007250918426500697,0.0020540471835349496,0.009183306375151884,0.009318250081469477,0.007250918426500697,0.006523971266100748,0.2450935152033286,0.4811247119686325,0.008557330037015705,0.9073282016149973,0.06890636331019717,0.1460437174388694,0.6090743716600455,0.4439340647460699,0.6246522505546123,0.7358404912132682,,,,1
2012-09-23,0.01662133750126722,0.01639625959455107,0.014581784654971147,0.016925739525506755,0.07694086371137153,0.666023258187607,0.21560600731477872,0.13293169684628825,0.5139141651058647,0.0077023422303753005,0.0022836079014226115,0.009618043727293133,0.009961302900188589,0.0077023422303753005,0.006727105880267172,0.25350784214146604,0.47819067887273237,0.008501585942466255,0.8552418666157267,0.06777483737402222,0.1486390290179363,0.6200977679126746,0.3310041773860669,0.538975606892873,0.66447502595689,,,,0
2012-09-30,0.015218344213853994,0.015847542381129207,0.014341618390448828,0.016566725147524546,0.0779858541733119,0.553565380633795,0.21462307178981743,0.13389079551070832,0.5098014259588733,0.008085018260759082,0.00243798117572862,0.009864829749914629,0.010297345568359872,0.008085018260759082,0.007154379150121831,0.25103084169942275,0.48119667487259066,0.008230267380561526,0.8644615340575941,0.06385275155776214,0.13316384674106863,0.6108080840140164,0.42058343984865104,0.5038705581798248,0.5450423304971302,,,,0
2012-10-07,0.016144722967888405,0.014771361501436509,0.014162893847824471,0.016136407687773312,0.08410889575311319,0.594732832420601,0.21433443729364696,0.13458771162664188,0.5078019946324858,0.008616399044909337,0.0026683836872831803,0.010184875985521221,0.010545316308833484,0.008616399044909337,0.008014444547742182,0.23776932551918464,0.5162241807027149,0.008482904424413379,0.8609447320131687,0.06793188793402913,0.14510656081199533,0.633436351663479,0.40124736833166297,0.6050619122258181,0.7286896177035275,,,,1
2012-10-14,0.01822781915186404,0.015778606435642346,0.016176429302813336,0.017522822373440036,0.08484301457453357,0.6745480168243251,0.21549998316879695,0.13542937926619666,0.508905884775218,0.009368782709358994,0.0029416260610811503,0.010692028630507344,0.010673468385333434,0.009368782709358994,0.00950421099288721,0.20941330722982132,0.5170807742719152,0.008791879412395173,0.885657269595197,0.06142055696961138,0.1342377388968809,0.6358124069187555,0.4439589392512308,0.4713922634119846,0.5749421869700075,,,,1
2012-10-21,0.01932679723852869,0.017855287407298664,0.01706595661323825,0.01958151962376439,0.06775996155344521,0.7106054486623097,0.2170199648484073,0.13647325186877143,0.5104479208098319,0.010142140370773876,0.00325909579614764,0.011265673297874224,0.01084505700141403,0.010142140370773876,0.01098687349282476,0.18269854814714262,0.4162014328551273,0.008517895597016106,0.8430757344302857,0.06234671287770844,0.14397420065953312,0.6107572287227941,0.343561885268498,0.5650234179107675,0.7134935902194424,,,,1
2012-10-28,0.019265231138499577,0.01901416342547344,0.01745640800491315,0.020769443143658195,0.029297013247095122,0.7055088337843051,0.21789039325777063,0.1375205414749762,0.510473979234161,0.010824092816375759,0.003574675213164354,0.011778254335808968,0.011004614229751434,0.010824092816375759,0.012284232281652012,0.1600154411241067,0.183889182456339,0.008577793103810046,0.8374679373356303,0.05806825255126054,0.13419566889490064,0.6250764293453936,0.3979199408425448,0.4983834499777327,0.582043155485874,,,,0
2012-11-04,0.0199355666394586,0.018898127505285654,0.01894701007681668,0.02086187141649769,0.07208020805637622,0.7281032101232798,0.21881583965446016,0.13858397687337073,0.5105971087211539,0.011482975262237191,0.003943372872762268,0.012312037122971173,0.01123685629407889,0.011482975262237191,0.013442442376640723,0.1419108664161697,0.4559978843811965,0.00821158586250865,0.8006843358709476,0.05852328135688931,0.14287075360530452,0.606742715119487,0.3496205028412418,0.5590440287784441,0.7062768802747873,,,,1
2012-11-11,0.020308841554485764,0.019777160317611866,0.01929485609898439,0.021300716367883995,0.10173059820906605,0.7406071197399605,0.21954093488387066,0.13961148764632583,0.5103231437989767,0.012061198852486106,0.004394743566375919,0.012833973382173656,0.01163136789005623,0.012061198852486106,0.014226214981150453,0.13448413747076604,0.6325929743663885,0.008161769659307294,0.8360422028573029,0.051607280991765196,0.1297036773257162,0.6203388915468092,0.4632828906889728,0.4634432855218358,0.559249094632963,,,,1
2012-11-18,0.019342287583227556,0.01996737064958142,0.01858526854570094,0.02098516712556745,0.07781966648096102,0.6530275505489058,0.21905030524640218,0.14031389142476836,0.5078438441163372,0.01248064185098293,0.004743264732973664,0.013205241334356408,0.011926440555240057,0.01248064185098293,0.014783912235512571,0.12955424692458137,0.48486298088687413,0.008619009092551111,0.8510598039993987,0.04758654088006415,0.1157072026699401,0.6423215750633253,0.42982866833547745,0.49969246163012876,0.5510902125618388,,,,0
2012-11-25,0.019542957436946715,0.019143780384140916,0.017543584067812208,0.020092425727074533,0.09481948487849794,0.6613555388232946,0.2185279364117543,0.14074847228130005,0.5058013987168084,0.012898899949806622,0.0051167635375234605,0.013562111132956257,0.01217010578725369,0.012898899949806622,0.015401733631110224,0.12255731513781831,0.5828539625957124,0.008506626594262547,0.8548616659204482,0.05750653259054727,0.1392745225512058,0.6176658635483493,0.4123616029355784,0.6869198738771665,0.8141082448406155,,,,1
2012-12-02,0.021470995499633806,0.019373233886793354,0.019071752672168363,0.021314919394823197,0.0953285006757175,0.7338057332726805,0.21934099477732183,0.14129434292114812,0.5066501061550192,0.013427656694937435,0.0055821349593378885,0.014086383947942826,0.012645213746791855,0.013427656694937435,0.01597895293931273,0.12085107278131342,0.5738970730445798,0.008156729007511002,0.8534360039579886,0.05892195383480355,0.14560799929478996,0.6074242434050078,0.4043826800886776,0.5715552279687076,0.6898867664148879,,,,1
2012-12-09,0.024459154027649595,0.021191984421835848,0.022122031033656887,0.023225878754399316,0.11441946141048702,0.8170097593472533,0.22202224869389392,0.14238467085067885,0.5108021939547438,0.014162585051914992,0.006110611695663561,0.014872850088737823,0.013550508396033122,0.014162585051914992,0.016482423703842917,0.12870358774971982,0.6670082627063608,0.008275339856756835,0.8134207328413724,0.05930246350147443,0.15298838049650113,0.6276399429497553,0.34555407203329336,0.558061281171868,0.6962888772192138,,,,1
2012-12-16,0.02450702285912287,0.0241048051378808,0.02348144611434479,0.025992744190907354,0.10244866840962409,0.8181613065085614,0.22383130203462356,0.14369794107214798,0.5125023750119935,0.014768857579776376,0.006655034048775622,0.015589414766563978,0.014519211786412693,0.014768857579776376,0.016627055427446375,0.14420260467069085,0.5858750229039488,0.00802329666248547,0.8336660028987131,0.05839845196811387,0.15815862649883206,0.6115921790946623,0.4386287971264496,0.5414418437579864,0.681088537074157,,,,1
2012-12-23,0.02487447170885464,0.02424201409723924,0.02379125800294599,0.02623262627684983,0.0839203948466686,0.8273928521858249,0.22518695772018166,0.14507903663515204,0.5130196181060543,0.015347701092647029,0.007231556025864257,0.01627611656352444,0.01544225116036684,0.015347701092647029,0.016767385914692193,0.1586790132077219,0.4792818713463495,0.008186679528317437,0.8319551360278936,0.061734658089625194,0.16077165176294328,0.6295992391136092,0.4038952897876194,0.5964181490442042,0.6641716353768451,,,,1
2012-12-30,0.026652527258760286,0.024643506086305274,0.024668200682530686,0.026629421168787238,0.08501532608273982,0.8684325083605561,0.2272779229088545,0.14669364494350673,0.5148004105381211,0.016031927105240318,0.007819285742087427,0.017083142584448863,0.016583300988765735,0.016031927105240318,0.016872308132684564,0.17751321818813534,0.4821469759515244,0.008245686260740645,0.8476380702577601,0.05615353832945491,0.15920488915677627,0.6250539585965931,0.43095577806440444,0.48156192521761976,0.6371466361500211,,,,1
2013-01-06,0.0275769353476407,0.026264463538416227,0.025682932474968716,0.027535040371672738,0.07415984184312199,0.8872776105530072,0.22925185525718045,0.14846653338581733,0.5160074712673846,0.016734075928294373,0.008356068220184816,0.017909866784872223,0.01775666625452986,0.016734075928294373,0.01697701846407689,0.1965689569711322,0.4158998006956153,0.008130634974158812,0.8541963328326777,0.06904729099581214,0.1699817090156913,0.6175163195298583,0.4166055112152584,0.7217496865212271,0.7169129981755448,,,,1
2013-01-13,0.028956183265683808,0.027443286117139223,0.026931594994745223,0.029427160354633736,0.12460097396257427,0.9129412803774518,0.23146821692859693,0.15042514493414272,0.5174238149498437,0.017516263373912266,0.008871127376225323,0.018801922828791458,0.019005431608019055,0.017516263373912266,0.01716485482544661,0.21505274391097703,0.6614936985865632,0.007602232566186427,0.8478281343474653,0.07017078007234354,0.16598326178705347,0.5995730302195377,0.39685236804097895,0.5671841957404578,0.6219398941500655,,,,1
2013-01-20,0.03268366203240409,0.02895720105809021,0.03074637149255343,0.030900039417494567,0.12882996153152265,0.9660798269880795,0.2356903862719082,0.15302130727386198,0.522285843455687,0.01841327774881942,0.009411858052505474,0.019998369923039296,0.021084776420883064,0.01841327774881942,0.01659061816477237,0.26113583706759375,0.6530437906841268,0.007213494389015774,0.8475430019549735,0.0729754228899692,0.1651091941181452,0.6054619613002143,0.40611604937941514,0.5880762011280424,0.6416686400905561,,,,1
2013-01-27,0.0324492044371783,0.032591247345809114,0.03185630423229748,0.0340280956548443,0.13904909683734204,0.9460218789092254,0.2383295895535206,0.15574161753261628,0.5232326083714202,0.019268642760523324,0.00996490361247717,0.02105637972298901,0.022724038056610548,0.019268642760523324,0.01646215542258045,0.29074485254106,0.6808336266105632,0.007658277120345052,0.8729208001089044,0.07639416043252953,0.17534449507285185,0.6421332385218422,0.44545557168180644,0.5953278417412067,0.7126404239456279,,,,0
2013-02-03,0.028194234749774977,0.03222149883781536,0.030101950106970737,0.02845525262002816,0.12662169241747012,0.6442123736024413,0.23654622272228884,0.1574831196743973,0.5157681160819971,0.019881058948178074,0.010380626335923276,0.021569179563150218,0.023281507456504605,0.019881058948178074,0.017121929832266757,0.28785346003040724,0.6027153009192225,0.0072870292272473654,0.9059975354394564,0.07844985149505497,0.17372908401283124,0.6062457880953019,0.4560624521365663,0.578218384208963,0.637126890326869,,,,0
2013-02-10,0.026750986043649127,0.028017009672745626,0.026665507474038737,0.0270947809964831,0.10981797690468101,0.5644761533400655,0.23352272936250773,0.1581392594337858,0.5074910299053415,0.020429966748426186,0.010792783784362525,0.021882388725638073,0.02350421445230812,0.020429966748426186,0.018051163406790926,0.27473491583448484,0.5130691453445934,0.007797640891537609,0.9263378012837158,0.0794082285743835,0.16181727262070472,0.6450076431919891,0.43609101939215406,0.5647493518505512,0.572409577515562,,,,0
2013-02-17,0.0261853936870962,0.026535965722188727,0.024876848796757167,0.02654485436200988,0.09403004054831525,0.5342606114995863,0.230250208173259,0.15786640171599908,0.5004063987248087,0.021024251829135813,0.01116649144402872,0.02210669025706709,0.023390585995719908,0.021024251829135813,0.019490001922617954,0.24731318642669217,0.4350713355001321,0.007639892527082422,0.9232962682373556,0.07978271674070982,0.15796406477342673,0.6156098091255281,0.4022156232865219,0.5576582106536887,0.6224631514924382,,,,0
2013-02-24,0.024136749771248883,0.02614936112565513,0.024665584608653382,0.025632884730959513,0.09320705600830402,0.4320500675725019,0.22565708843186183,0.15652841279766913,0.4922835976407068,0.021457325675064632,0.011528001725901653,0.022095641399852164,0.02309009807812847,0.021457325675064632,0.02080409932243883,0.2194008159186851,0.4291524733707447,0.008378825215794864,0.8807147330724442,0.07893909225366177,0.1624593616135524,0.6548541136825322,0.34566548481960213,0.5429530938203533,0.6763768762214918,,,,0
2013-03-03,0.027861793849915533,0.023952617370532735,0.02552388391757814,0.02560153756592963,0.0942276215955109,0.5569481563726757,0.22460850876224883,0.15520240073440364,0.49237493438049296,0.02197937378335072,0.011909371035686858,0.022474739271492097,0.023233849409007745,0.02197937378335072,0.021770892726859413,0.20508672827580118,0.4317390105346649,0.008553774009170635,0.8455470026916622,0.07946256954279902,0.16549892727912952,0.630051155937686,0.354292078042561,0.5594680643023145,0.6667667035190211,,,,1
2013-03-10,0.0313102344509786,0.027498169032089598,0.02903751999775977,0.029568450181386388,0.09518606916556417,0.6450497602620296,0.22613206937158603,0.15451300203998802,0.49722981400472116,0.022628735124188584,0.012390655146081155,0.02317793479736032,0.023900012018009287,0.022628735124188584,0.022378893394649022,0.20562051076819335,0.4299398701663723,0.008502770106808302,0.8498241336107766,0.08610276061459021,0.1837895585977526,0.6203016205415243,0.4131220621254383,0.6333479929202156,0.764018670967968,,,,1
2013-03-17,0.030910309726950278,0.030925708872092658,0.029195273946443546,0.03161237451987533,0.07365536611627796,0.6257489619870304,0.2266361704264408,0.1540843719630836,0.4992184625467408,0.0232597614075743,0.01284079461687571,0.023772385722937304,0.02431970194479532,0.0232597614075743,0.023247473633345526,0.1977555385738804,0.32440833355514503,0.008874017999905988,0.8358520662517297,0.08801949019569483,0.18749486359291231,0.6384901642313582,0.3851811018848341,0.5757956110799516,0.6700755541356552,,,,0
2013-03-24,0.030287556623575868,0.02978210348824569,0.029192100182298973,0.03148556806552679,0.06688474860694336,0.594888764023164,0.22616109651752775,0.15362565521009763,0.4989890184322808,0.02382071749865662,0.013308769889731382,0.024245173438898357,0.024556409353450905,0.02382071749865662,0.024185986831072186,0.18588667942225803,0.29505754615287527,0.00910827045049521,0.8195038714499607,0.08725240020690367,0.17885263905186602,0.6325185547253472,0.3812104636729267,0.544119320051599,0.5943642238515467,,,,0
2013-03-31,0.03352284458205187,0.030470082196850906,0.03112172290551443,0.031982273678380066,0.0817738566119857,0.6741936353515173,0.22794916959598793,0.1536945751536975,0.503012830643259,0.024536761032051276,0.013859496401093302,0.025010871394884886,0.02525160386422128,0.024536761032051276,0.02490446022769514,0.18520676278104783,0.3652237669991509,0.008857708345356137,0.8419351323444502,0.089728858966975,0.17122644838015572,0.6118238318554641,0.4418809215439672,0.5823060736094814,0.5998054553647048,,,,1
2013-04-07,0.029930241804824974,0.033073096480980765,0.031468174903816655,0.03169732457628605,0.08214205983887578,0.5152164234227019,0.2261365863039076,0.15330784270533046,0.4995379782104741,0.02511050360925803,0.014336956325179409,0.025328385256846945,0.025023142889197984,0.02511050360925803,0.02643844909194321,0.15643418619683855,0.36606676360108525,0.008642731262400278,0.7858568713344248,0.08652556824898752,0.16225167507440952,0.6132968302653633,0.32012761103982734,0.5156947386921774,0.5905856430283989,,,,0
2013-04-14,0.03228588556254073,0.029783789602610966,0.030037431850706953,0.03166124022063782,0.08103245256135808,0.5746213493686263,0.22618734840727728,0.15301083144393182,0.5002222012943552,0.025801020424019598,0.01485870681144655,0.025861715295968462,0.02490646649453573,0.025801020424019598,0.028091547689970253,0.12798334666957464,0.3636585422963441,0.008126485096733254,0.776257003197279,0.09368719667306454,0.16790493989428973,0.600315112293981,0.39091975772830884,0.6376931652273786,0.6835693501959327,,,,1
2013-04-21,0.031069864860290824,0.03166698093417905,0.031039586881492005,0.031935683163838005,0.08676216215265588,0.525568553406394,0.22489705837134671,0.15245867777339336,0.49827645880131394,0.026321166235948053,0.015386665857944607,0.02621723419514485,0.02469375223203045,0.026321166235948053,0.02948906347130174,0.10244686135077256,0.3913504606443008,0.008458885329773968,0.7433704044723001,0.08692220079005034,0.149187126374018,0.6369184599535235,0.35247301779632123,0.47504528558657994,0.5283063520189412,,,,0
2013-04-28,0.03278446384650219,0.031012056183644367,0.030724462999574067,0.032800870047449686,0.060944365672483264,0.5692760830985726,0.22486853980916094,0.15201000263146067,0.4990655968003805,0.02677230010105014,0.01595747751308861,0.026717990276843746,0.025008754146356584,0.02677230010105014,0.030091782449553302,0.098153154273025,0.2817631244966079,0.00854784258300361,0.7767322721953441,0.09235634678670868,0.1725046897141605,0.6263322174452002,0.46331945072817804,0.6172149573598765,0.8010656998034934,,,,1
2013-05-05,0.0365213376447706,0.03261747252604742,0.03483926781091862,0.0341181523949506,0.07867151038304927,0.651509051578826,0.22741447601260364,0.15227170641874885,0.504483020244042,0.027423334643155533,0.016657032348107188,0.02756138541729283,0.02601594957188837,0.027423334643155533,0.03028738734040015,0.11135215035605728,0.3694072126478851,0.008393059931631936,0.7865222044221953,0.09883545657989497,0.19271568344964518,0.615834357626351,0.4226441628995059,0.6282342432137558,0.7745189126994481,,,,1
2013-05-12,0.03696734958148471,0.0361108557490497,0.03613052908881314,0.03803146383561835,0.09359866347395168,0.6604485338397613,0.22936822498803783,0.15295735097665722,0.5077160365611239,0.0280786263804712,0.01741317085389404,0.02837104478652153,0.02693105700408223,0.0280786263804712,0.03060465278058957,0.12100906523404516,0.43784144788992213,0.008462147967647726,0.7838608720711135,0.10271725978772761,0.2029877595548243,0.6254792320650518,0.4022219866116418,0.5972314469983682,0.7094811225887393,,,,1
2013-05-19,0.039178550457825756,0.03640295827659876,0.037757059614369114,0.03818951994592031,0.09917376431207342,0.7033176393847314,0.2322197391397219,0.15420100378470558,0.5119714653917343,0.028757389499575337,0.018204058575695285,0.029334561745796794,0.028344651599988127,0.028757389499575337,0.030365121151662424,0.14687363871223102,0.4606092954447687,0.009275803193752737,0.7820549368975076,0.10951649220127226,0.21083543546960695,0.6575758582158163,0.403606134712749,0.6294623711567051,0.693894232184071,,,,1
2013-05-26,0.03832585395731088,0.039030326019046435,0.038019969755760906,0.03918283757032001,0.0961760860621822,0.6642528074878334,0.23333988926208205,0.15546899428027067,0.5121570671227179,0.029339854453259966,0.018937514459860093,0.030117247921875305,0.02934593406293053,0.029339854453259966,0.030417919087797153,0.1615058171727902,0.4413884118435484,0.00995484191049017,0.7717897356725912,0.10591855972396852,0.20474449501508984,0.6513314429256685,0.38977180226563135,0.5135608037884094,0.6115509524528022,,,,0
2013-06-02,0.03360825916765102,0.03809031996224181,0.03636966967880259,0.03434524378218676,0.10692697271144279,0.47772113643185465,0.23006052303830932,0.155683948480811,0.5041265030434166,0.029591942246755664,0.019536225467410406,0.030332622554380687,0.029530629245911336,0.029591942246755664,0.03074412585220592,0.15930701961684768,0.49573260554707177,0.010716605994681045,0.750403936045283,0.10212130329648388,0.20760461334956573,0.6544429492739203,0.3712243424788158,0.5109160533830822,0.6641909734830412,,,,0
2013-06-09,0.026421163149532058,0.02806355504167419,0.02759680517446985,0.023138659792337955,0.13175292218910958,0.2791317067313539,0.22143540423249458,0.1537532953760068,0.48776387904271057,0.02925258847041573,0.019925208628305113,0.029776766892953194,0.029545232626649,0.02925258847041573,0.029983851087225514,0.17127208498616986,0.6106638079225851,0.011333371806302584,0.7900389339507528,0.10466623511761612,0.20141637598734138,0.6480070726984533,0.4734962909708631,0.5817550413666046,0.6107672692802406,,,,0
2013-06-16,0.027996572451886775,0.024729764299638538,0.025573476790960604,0.02434448672501495,0.11169316674715185,0.32228629242012724,0.21559054248246254,0.15078392265771062,0.47984249546269053,0.029011308191229847,0.02030519428954101,0.02943840712049157,0.02944800945402722,0.029011308191229847,0.029574574710912755,0.1761470775633912,0.5248106157721522,0.010377383561102573,0.7874726699024577,0.10131393069926528,0.1930883126357588,0.5833904061598253,0.4023914784104655,0.5157219172347306,0.5975941453907735,,,,1
2013-06-23,0.021511629011079465,0.026315221137111017,0.025814205473669003,0.02263002323032395,0.09964315127795306,0.18762431893428197,0.20567084208947833,0.14599021716951882,0.4659299444140371,0.028649189564842636,0.02052971898345522,0.028454896064840716,0.030067591431705107,0.028649189564842636,0.02802642599524014,0.20988104819722025,0.47474640927817624,0.012711901702114997,0.7553464725680358,0.09440800713063613,0.17082753747655785,0.7196496247198348,0.3543211972170676,0.47527480083658147,0.5124621656426086,,,,0
2013-06-30,0.02450824306748857,0.020810725957025707,0.022746403248289086,0.02035475207454949,0.10701541609790569,0.2669265345595635,0.2001056541925227,0.14079858095012227,0.4628952833570907,0.02852765927596681,0.020826272535849854,0.027878060009686217,0.03020733372198064,0.02852765927596681,0.027590050503499854,0.2189152031569863,0.5109034935025495,0.012088317224774632,0.7672274723609849,0.09719655165142227,0.18199867936776393,0.5975996620408035,0.4265165491370586,0.5852493000952034,0.7178225078067508,,,,1
2013-07-07,0.02152101258527205,0.02428068614516964,0.022699509061848037,0.023154286657315178,0.0796681438163386,0.21062336195367906,0.19332391550701747,0.1349920315098521,0.4582058913135627,0.028274904685379694,0.02107251617024507,0.027044133589369093,0.030626678911028694,0.028274904685379694,0.02652546187475217,0.24224060283134935,0.38251009185206397,0.012780102498578985,0.8200741362349446,0.10235284841789626,0.1719289949502199,0.6504197459301702,0.49426425302613386,0.612006742309995,0.5849825790313766,,,,0
2013-07-14,0.022281454458926514,0.021314863476584154,0.019874666379631523,0.020653433328055797,0.10599886266591439,0.2311247325574153,0.1886046819579918,0.12919634540879674,0.4582887362659086,0.028174369502501774,0.021280246947729734,0.0263690596634962,0.03079942092801502,0.028174369502501774,0.026094761425161744,0.2517633563920312,0.5064547442866821,0.013018211436622453,0.8304343332467796,0.11207752231924402,0.19866202632298524,0.6319921966861237,0.4228606263502359,0.6624247390615037,0.8157792182999165,,,,1
2013-07-21,0.024113565812300543,0.02226872702453071,0.023349616032879182,0.024243538057837775,0.11661393434169298,0.28040903603742473,0.18639539296964966,0.12402121989985757,0.4630211957486664,0.027971259631675818,0.021510192713193738,0.025949649213638952,0.0309267337302467,0.027971259631675818,0.02549506501876688,0.2633750376170723,0.5507434716557922,0.012166302400040959,0.8234008016737968,0.11447346501756533,0.20646965390636335,0.5886638947070176,0.3955927021310348,0.579286389903663,0.694028132156371,,,,1
2013-07-28,0.020998413955407358,0.024054046639512754,0.022895852248920205,0.022590820768577546,0.09380680282434625,0.21728577189450787,0.18229886548885346,0.1188824751464267,0.46329863916609043,0.027412480254376075,0.021671801297009224,0.025244793629114113,0.031140885925795617,0.027412480254376075,0.02401127011451824,0.2908552361173461,0.4427046465908004,0.012197734009979684,0.8148464673196999,0.11438488751861933,0.20077431908450286,0.6237637284790182,0.3931315654586171,0.5521734698853437,0.6136030886607025,,,,0
2013-08-04,0.022385452875222086,0.02046757813371716,0.02048776284861344,0.022226128805969723,0.08317131842904976,0.25568552117979837,0.18030035422255866,0.11428428574217024,0.4674209703625207,0.026950533287279036,0.02185179829254539,0.024751948428094202,0.031147723600094324,0.026950533287279036,0.02299225260658866,0.30787093951858446,0.39011144418197696,0.01290375399962111,0.8317649994223205,0.11801302580785554,0.21142300353692872,0.6509395809205802,0.4333205318887468,0.5924681013391069,0.7108034078042288,,,,1
2013-08-11,0.021927422172539693,0.022168890150700084,0.020770530923636517,0.023622676345056694,0.026599824306244947,0.24586007047124486,0.17852173807376756,0.11017214626664754,0.4711276375656152,0.02649751233673996,0.022023446128876252,0.02425819788578336,0.03115642814360159,0.02649751233673996,0.02199048641839542,0.32481388687228796,0.12527125485098922,0.012200996647853441,0.8248265361521242,0.11433858340984734,0.20691256021248977,0.5945319494950139,0.3957547401210453,0.5137168424937014,0.6208407365483912,,,,0
2013-08-18,0.022613150630675434,0.02225842231429228,0.02192418831111743,0.023554111139731593,0.07491106511572461,0.2664319672807601,0.1778324366843026,0.10671439799205394,0.4761180927824212,0.025906335250666827,0.022173708024492145,0.023883098046168,0.030724100554139766,0.025906335250666827,0.021224508490261352,0.33141214483417836,0.3602362691694781,0.012512343499338257,0.8528656666571369,0.10717289968961992,0.210437198456201,0.6350390115050704,0.4504844713192931,0.4754360065136347,0.6680458711699329,,,,1
2013-08-25,0.016659633712181394,0.021723287640874018,0.019648395556801007,0.017706070236464467,0.090139446596892,0.14494097259998148,0.17279894917667624,0.1027211445399329,0.47203427471912185,0.02518722438856627,0.02217360366332145,0.02292185541824089,0.031053283787856177,0.02518722438856627,0.019249593954430686,0.37027629735544554,0.43222873400184475,0.01418265148903081,0.8516300687843826,0.10871718104124964,0.21208348010501263,0.6894174630762356,0.404668468849545,0.5702380890434646,0.6568978565942477,,,,0
2013-09-01,0.015216184502333478,0.016593208105054182,0.015223965347892778,0.014477348530006503,0.08340835233586534,0.11986938796366903,0.16795537242463035,0.09834578305957095,0.46912027923719785,0.0242622473747391,0.02213474917626817,0.021901386166255293,0.031091856610795006,0.0242622473747391,0.01717881465006782,0.40731150336622407,0.39917823505281913,0.015388904914579652,0.8798593358949685,0.10257028602421567,0.19145778718143405,0.669455993772826,0.4496591158133446,0.48536407393173464,0.5266503428194852,,,,0
2013-09-08,0.016002720503245093,0.015872917447839526,0.015113118118654022,0.016679137431552894,0.08352273395385357,0.14571289008831087,0.16506420109317613,0.0941406891552308,0.47041875744381867,0.023445785379000203,0.022120411332275547,0.02106026101956213,0.030964766858427206,0.023445785379000203,0.015547557717552035,0.434805664432183,0.400446447833003,0.016546529836088113,0.8999144693467359,0.10704003344120093,0.20279586130017743,0.6666593415379849,0.4363794413694235,0.6033337798757131,0.7161021543692401,,,,1
2013-09-15,0.020134918897289907,0.01635251598418282,0.018795787522837108,0.01830589952561777,0.10695491702057591,0.2707300639165066,0.1663588029216363,0.09109220981446378,0.47923922014934106,0.02276032883397194,0.022234364038092796,0.020730866241480406,0.030230486336874158,0.02276032883397194,0.014943688919605395,0.43509497660086754,0.5010064203954077,0.015306472937097523,0.8681684001917247,0.11364797876420822,0.21815799047485096,0.576082547647512,0.3601975007167041,0.6263527170837863,0.7385961236355351,,,,1
2013-09-22,0.025980312751491638,0.0211032920493358,0.02605940906435995,0.023136195078628283,0.1339517240246271,0.4113261053084986,0.17226133240188263,0.09009233471530267,0.4948620887181384,0.02218912927435033,0.022462326011888488,0.021043415128307662,0.028821227269081533,0.02218912927435033,0.01541326533391352,0.405603729522837,0.6101832266939676,0.013348239806160145,0.8343313359864835,0.11806134527592653,0.22908797594738292,0.547689070493906,0.3556809838701865,0.6010849227608605,0.7104545297645192,,,,1
2013-09-29,0.023079533745551228,0.02563866682847046,0.023782492266752726,0.024785128593470037,0.09715160288907371,0.3455929154015975,0.17484936896784228,0.08992334168997893,0.50119848164953,0.02143657301251573,0.022574775438857688,0.021023200494555902,0.02700224661578455,0.02143657301251573,0.01598591464210681,0.367503950803429,0.4407984261336158,0.015107801973872584,0.8287234663759602,0.11440501653405684,0.22815338652123987,0.691979574442756,0.3978471088225758,0.5139166573258677,0.6419423684137461,,,,0
2013-10-06,0.024426116742931266,0.022330818942335285,0.022604597649141252,0.023623056799601208,0.10475192705812283,0.376126932815065,0.17814122688039957,0.09059063066780317,0.5075760550022972,0.020637164631773938,0.022692963668014654,0.021145566575404475,0.02427245406657505,0.020637164631773938,0.01756723913133488,0.2958642710137771,0.4741667814581521,0.014594814911260386,0.8366124676422867,0.11415334239720697,0.2256205220999561,0.6028348125818304,0.41886678378374625,0.5504051645581113,0.6328527489793963,,,,1
2013-10-13,0.02439739315257619,0.023733192424955925,0.022184306864561337,0.02387344338835906,0.08185307908032155,0.3754312433162938,0.18086869008464074,0.09178935808751473,0.5116288597175229,0.01988240589071981,0.02281191309639754,0.021253278459888923,0.021161727044064115,0.01988240589071981,0.01971098692935203,0.20634024158222197,0.37255710379713414,0.013787981885693133,0.8539112004401859,0.11671034179658074,0.232314818906291,0.5913049692428143,0.4333494783684322,0.5808741770075205,0.6854486865495358,,,,0
2013-10-20,0.02445239418787716,0.023941760171328517,0.022185894786416967,0.02594047253950898,0.0036610659423517693,0.37682101809398394,0.18318852570280666,0.09331386551658027,0.5141132918811943,0.01938626570536304,0.02291660076087789,0.021356477128644715,0.019111706686113894,0.01938626570536304,0.021126504944411362,0.14631279287946403,0.014427424586117578,0.01352348552432616,0.8509647356966121,0.12502566510912164,0.24153338001146063,0.6121305847931485,0.40206347213852395,0.642673011972736,0.6992406718053236,,,,1
2013-10-27,0.02730239992271326,0.025907451717402406,0.025145079883801328,0.0277054978604833,0.10604320753934983,0.4472763841066599,0.18735397850974372,0.09554891830227237,0.5195319845175247,0.019434018372855966,0.023078692247464123,0.021747540859110574,0.01927430032442391,0.019434018372855966,0.021032618572329614,0.1507826606936356,0.5187322108403079,0.013923789629040619,0.8125653356638967,0.1281001202972881,0.24946192274927173,0.6382567383717881,0.34788014365554476,0.585455536710245,0.6912567709238229,,,,1
2013-11-03,0.02470225046895744,0.027297000190278222,0.025960022808587783,0.026314640563092424,0.06903709390838567,0.37584519567094266,0.1886447698755266,0.09765162740556525,0.5185227178597477,0.019255504871090047,0.023202921474768785,0.0218297653193743,0.01870224490531302,0.019255504871090047,0.02133995759042827,0.13542984821037254,0.34484607008217244,0.014410679123481696,0.8028704717398321,0.12847662382291342,0.25091367476268717,0.641534879140843,0.3911799478128205,0.5570574018052715,0.6551945096604158,,,,0
2013-11-10,0.022277982880195925,0.024395510179366586,0.022823883955373034,0.0238208881849805,0.08075142572454702,0.31491138577894756,0.18780652372891377,0.09912944850010984,0.5137572570486155,0.019297032236501425,0.02326631185726154,0.02165093527633013,0.018731298117662238,0.019297032236501425,0.02139536906278061,0.1349792782186055,0.40837169570046145,0.015558215671759712,0.7953616711687841,0.13028263153033556,0.2555436854611753,0.666998040772887,0.3945317016547662,0.5719355110475778,0.6725386525731384,,,,0
2013-11-17,0.022611082577999292,0.02215652676168242,0.020761864301852565,0.021057142440921557,0.12627263491371407,0.3242355635405343,0.1874716917433141,0.10023008061649756,0.510880774753175,0.019194228453463323,0.02329273594635037,0.021523930145770663,0.018556405086372723,0.019194228453463323,0.02138381639472404,0.1321023562622501,0.6333523047852697,0.01554961899211835,0.827963137501271,0.13583357005612579,0.2614854715532177,0.6221697348572314,0.459139041256649,0.6106304521981026,0.6794533062373538,,,,1
2013-11-24,0.02389215241636445,0.022604566404373316,0.021682344957354723,0.024025532990317188,0.10369482974184772,0.3607596603238691,0.18827834327195328,0.10130723041666413,0.5107016961724697,0.019322716341598843,0.02327959440534492,0.02154283316462389,0.018709291042641157,0.019322716341598843,0.021478410710872444,0.1331532024475525,0.5124302098105655,0.01497851950627261,0.8517251370871692,0.13715837386458465,0.2647944649355198,0.600767775571197,0.44366991929521676,0.5666455295236686,0.6650044290541155,,,,1
2013-12-01,0.02399558369356047,0.0243367836656057,0.022772597471429235,0.02449846533946679,0.077509146783881,0.36378517215622824,0.18904680064415327,0.10235628345880857,0.5104874273796621,0.01941560198354262,0.023267740649319805,0.021570739670569824,0.018837726243728314,0.01941560198354262,0.02152494194003436,0.13460323229434715,0.3884894039732644,0.01491506243681467,0.8387986035111712,0.13736978997055954,0.27703551982140495,0.6200593032377852,0.3868159798347022,0.555281958029235,0.7125875925690205,,,,1
2013-12-08,0.02177124123040759,0.023787228437541368,0.021983018637854356,0.02179277652749599,0.09265422325280896,0.2996126887847322,0.18795148799343253,0.10292851247904689,0.5068511178995817,0.019288675542972193,0.023195816284785113,0.02136364772114958,0.018675735012811515,0.019288675542972193,0.021444872194531457,0.1331442825770142,0.47156904824605217,0.015570375448884006,0.8570478017893327,0.13722480698879416,0.2617299332428331,0.6476949563294128,0.4347625136537894,0.551661067232549,0.5671591091978412,,,,0
2013-12-15,0.02241567737915375,0.022011083417057414,0.02082106614242204,0.023041026098685278,0.07838601386455067,0.32072007784349016,0.18765770161951664,0.10331467696383627,0.5054321704408211,0.019365474549872162,0.023097617734166284,0.021243592523551645,0.0187185953123296,0.019365474549872162,0.021560608601700438,0.1318935396914471,0.40207825549806053,0.015777049242169817,0.8306244698523528,0.1312309318131691,0.2508236301970452,0.6303575201990356,0.3664106509838772,0.4922345740075069,0.5887289057536742,,,,1
2013-12-22,0.018199381995397633,0.02189214426032523,0.020842415294974537,0.018546347242396004,0.1401978754197277,0.2097241391332687,0.18418418837819014,0.10277684153339711,0.49838565118638506,0.01913863874715765,0.02288027178760032,0.020694563704841008,0.01876871002826064,0.01913863874715765,0.0210031840279793,0.1424531163647987,0.6982763027558403,0.01666069034829921,0.8585685320545788,0.13988852212080485,0.27669902398558105,0.6559909666327325,0.450090114877323,0.6425714048678494,0.7886291227009249,,,,0
2013-12-29,0.012861096426361724,0.01839473740365143,0.01642340390241558,0.011884918316661679,0.12410723251064913,0.10226423634498343,0.17737932514637442,0.10068769546260195,0.4865551952342584,0.018647350535049838,0.022507231853541507,0.01964021992358213,0.019483686159954244,0.018647350535049838,0.01905605037066732,0.18923447848857983,0.5851926167105311,0.01814804317973619,0.8624655347942827,0.14453544911323454,0.2891339667066797,0.6780636146697108,0.41246487890977185,0.6000037125784482,0.7123434757043232,,,,0
2014-01-05,0.014815136957461597,0.013855710609369671,0.014998067210159428,0.01546062530471376,0.09305522760830366,0.16771922035710035,0.17375951854201563,0.09813394844602816,0.4830121002013454,0.018224789918681004,0.02209308848903354,0.018890396504808622,0.01964669235090255,0.018224789918681004,0.017932680736939502,0.2122114833928287,0.4336690074361652,0.019531019877764406,0.8121851349686181,0.14251600994053853,0.2789973104400641,0.6729428695962474,0.3305550804060015,0.5330202196712268,0.5952231039391226,,,,1
2014-01-12,0.016640671788751938,0.01478203987918603,0.01523487240722376,0.01623366285330182,0.11975608537368933,0.2258798308713328,0.17257562327697545,0.09580234290359939,0.4847061741389871,0.018223762405472157,0.021726690094566462,0.018402668619627537,0.019647912881878886,0.018223762405472157,0.01792894364600346,0.21230005473537755,0.5503378675030385,0.019777135180687678,0.8156068687102569,0.14473074234481745,0.2815005878729224,0.6312811170169481,0.4119808686577908,0.5753127527717156,0.6603003729656907,,,,1
2014-01-19,0.014503428142463543,0.016756447094914438,0.01498511138498619,0.016132048913972945,0.10537022129345115,0.18057634846082435,0.17020668507208267,0.09335956283314675,0.48385834564959873,0.01818513939461723,0.021409374776855585,0.017738148105810227,0.01972397554540024,0.01818513939461723,0.017751646215694517,0.21681765385389748,0.47827458103054865,0.02064594418658058,0.813800933536651,0.14399181823110735,0.2992266596607759,0.6533880662316017,0.40369790709868225,0.545777835288088,0.7393280387692946,,,,0
2014-01-26,0.01337009517519272,0.013484182474480277,0.01382846948501258,0.013893897890386062,0.11514837146899594,0.1573953399823151,0.16772340594764276,0.0907999693097223,0.48296751413329997,0.018042482068289217,0.02109924245529381,0.017018534492958495,0.019998055599535162,0.018042482068289217,0.017105157026740793,0.23327438409422616,0.5144826626879225,0.023136733137734834,0.8215948665001908,0.1342449999550231,0.27616273575286227,0.7098829031810661,0.41889679502749605,0.455914110229763,0.5307469156997806,,,,0
2014-02-02,0.010958591080510003,0.012982667899737232,0.012053238782310672,0.011509239676220032,0.13910301457234447,0.11035866658938957,0.1641766942722462,0.08788768328573097,0.4802778445184223,0.01754523303786236,0.020746326966424863,0.01611556510113666,0.020611323167118716,0.01754523303786236,0.01526906532533035,0.2775725373475765,0.6121307694398498,0.02235035610932406,0.8075278033542251,0.13269467252549638,0.27054107959198326,0.595919624927986,0.3844434124897808,0.5372516860154369,0.6177874986781268,,,,0
2014-02-09,0.013545421358443022,0.010927619861090023,0.011473052660860272,0.011599203911241238,0.11956065118147745,0.19889526987509093,0.16375616595805795,0.08545533880531428,0.48393792854231105,0.016871408190699648,0.02050084904560648,0.015568796663093869,0.02014874802278158,0.016871408190699648,0.014359167312588796,0.2867981021970032,0.5295014383957484,0.020681525673944864,0.8376580014253356,0.13560000957541443,0.27024135890663176,0.5654346426101426,0.4545682369203344,0.5830249256911127,0.645658815145474,,,,1
2014-02-16,0.013797523281210415,0.012973953865745748,0.011588659103098913,0.014178564178156756,0.09785862206561688,0.2073292530899782,0.1639591777120262,0.0835589530733691,0.4880252055847053,0.016368432403875047,0.020174877858379504,0.015100434376058793,0.019946296816092095,0.016368432403875047,0.013505714732050877,0.2995527686086014,0.43261404734653774,0.01995564353672745,0.8296740043720905,0.14397773529356683,0.2939322574130889,0.597043972656473,0.39419789283996937,0.6386351409038521,0.772581114776931,,,,1
2014-02-23,0.012861474519094758,0.013991320750178301,0.012397355391073802,0.013357515697399939,0.09220426356481531,0.18564100488955235,0.16371683622889038,0.08198276690243435,0.49046708067012007,0.015741764825312653,0.019747286242555284,0.014578904309755345,0.01952350622448131,0.015741764825312653,0.012650453511362143,0.3087616992363544,0.41004217601437615,0.020433338967127745,0.8403193337764173,0.14349854675390256,0.29357406873108755,0.63943482775814,0.4231537909656918,0.5483536982802205,0.6454194095353991,,,,0
2014-03-02,0.011611007277394302,0.012679697275318983,0.010963073470723868,0.011876867567985271,0.08472469119001776,0.15689761444157807,0.16288181352767386,0.08051825758351067,0.4913187399343702,0.01504889311169846,0.01929998138579771,0.013976427903856255,0.019061431939499305,0.01504889311169846,0.01169827256477082,0.31935388958399047,0.3759491886918158,0.020782345779508556,0.8329056015081561,0.1481696089028153,0.29588281652854964,0.6347811494493655,0.39510961277123857,0.5997871057594465,0.6590091608147352,,,,0
2014-03-09,0.012120372661602785,0.01044867628493502,0.010773717550864795,0.011900262285940088,0.07791426887762327,0.17695137023635507,0.16297175023529306,0.07936857474257432,0.4937196393309849,0.014380642601300394,0.01887891592806736,0.013484535277708152,0.01839930099926236,0.014380642601300394,0.011044026431008835,0.3207972169188972,0.33277127642606885,0.019819835793379963,0.8322402684203856,0.1519125243618844,0.2734504881804955,0.588798605339653,0.40551870683065017,0.5900505500496378,0.533342311936054,,,,1
2014-03-16,0.01229203821975598,0.011513047227106724,0.01072943700315799,0.012821886604886546,0.08594642764750791,0.18403292077451405,0.1635205721382094,0.07858261931903379,0.4964934623669012,0.013567257557502866,0.0183868441123343,0.013057420662755316,0.016931565200463138,0.013567257557502866,0.011055075748633124,0.2948463499080144,0.371115713496832,0.021446255471219252,0.8281532015909764,0.14448108356726658,0.25410637395187213,0.68028737477929,0.40019526584893883,0.48056151413471915,0.5454375414338357,,,,1
2014-03-23,0.013512664778935582,0.012421589155381189,0.012497489471890546,0.01435745790501781,0.0875221488169136,0.2350555977673186,0.16524510183393015,0.07837425783083421,0.5008982536656309,0.012960913631442682,0.018006329740943603,0.012798482531640376,0.015806632647215144,0.012960913631442682,0.011100885778253092,0.2737994666508306,0.37452839404962807,0.021360267465892056,0.81247026736111,0.14959309158426756,0.272937240574338,0.6195164521297022,0.38206035690529766,0.6040558480404786,0.7495697090818685,,,,1
2014-03-30,0.01777185077318002,0.013352791746058001,0.015569860326072656,0.0143095387155138,0.1245792238579845,0.3869395172397118,0.17025349658429745,0.07942850640398706,0.5105270490383707,0.012716734274958527,0.017669934253624904,0.013009092705261597,0.015207495747866192,0.012716734274958527,0.011297596179045227,0.259016812384435,0.5232563984476626,0.019975806143912617,0.8234008016737968,0.14780116681438596,0.2889894333055209,0.5744493495604076,0.42388710824477105,0.5355264221078055,0.731795452702005,,,,1
2014-04-06,0.021024599741508884,0.018699760667328678,0.018706839594950935,0.019054510546691543,0.15562911709969018,0.47893257171481396,0.17698854849855863,0.08191376450734676,0.521440076238584,0.01263076556634383,0.017437112581090732,0.013539406274896358,0.014919772262885976,0.01263076556634383,0.011460528295037669,0.2505240670444823,0.6454036794735806,0.018460577730381983,0.8105693364005854,0.14930516555758822,0.29612528863759846,0.5687867500472342,0.38642089472750624,0.5679823454296017,0.6838728331602731,,,,1
2014-04-13,0.021168578599983962,0.020269218914793025,0.01989900268164422,0.022190804600080848,0.10547900701074395,0.48277438484480756,0.18256221392467753,0.08526070945619642,0.5280113895557907,0.012483179901736828,0.017167888245139366,0.01403425290781469,0.014357411292401714,0.012483179901736828,0.011823705985637105,0.23298070224688888,0.4359418496075911,0.017796660969033425,0.8163672701008139,0.1393589987537706,0.2711200475368559,0.5983991285112156,0.4157648516527338,0.45532944976324224,0.5203265160732095,,,,1
2014-04-20,0.021862848516679623,0.020679137945288445,0.020346424805271147,0.022149985337582438,0.10735648448557455,0.5020479771859447,0.18759389871493046,0.08916488078441555,0.5322608557587563,0.012367610741606992,0.01682814470275688,0.014554490318039298,0.01387109723270308,0.012367610741606992,0.012164154883751516,0.2172298998365919,0.43754447522470913,0.018291556828354306,0.8372778007300571,0.14925684608951725,0.2773253567839419,0.6406501968105062,0.4395871187368019,0.6531105376326038,0.6800259707664813,,,,1
2014-04-27,0.01990374956310597,0.02160069240492457,0.019657248074294944,0.021483579298093716,0.07112809546824228,0.4276785695409167,0.19006324267875097,0.09289019022482765,0.5308968364384675,0.012266414659749727,0.01643265729164764,0.014820546268511162,0.01353014929611334,0.012266414659749727,0.012358704908588185,0.20702073195245901,0.2916816983489332,0.018501496794332804,0.8377530697281222,0.14896491392179237,0.27678906855122304,0.6301372128623309,0.40728876166427047,0.5502624966624637,0.6444389717586387,,,,0
2014-05-04,0.02344257724207537,0.019777816019517534,0.021268488416400503,0.02137050897991022,0.0906647221810379,0.5258787037935404,0.1948075573993995,0.09702699857040396,0.5340349697982542,0.012322060553333602,0.016067940625663985,0.015430907030818716,0.01377613987336651,0.012322060553333602,0.012180344412903658,0.21513605611271133,0.37058719363794196,0.017668566200594427,0.8283432656806817,0.15253667130576162,0.2869408713021519,0.5922841221139564,0.39199280486362054,0.5882877098880399,0.7003829728261628,,,,1
2014-05-11,0.023821666765042385,0.02326913620743752,0.021898269343203273,0.02444780398074339,0.10418621317272511,0.5355396330572572,0.19880280107614282,0.10131039880350344,0.5351528947471118,0.01262672225530304,0.015731773378615532,0.01602273548170901,0.014765579074102267,0.01262672225530304,0.011639796188918198,0.24414608487142442,0.43373964624762323,0.01677900073793587,0.8216899348029774,0.1520011018608304,0.2886121831580914,0.5897994141267122,0.39616416198376053,0.5479120304923115,0.6558507269847605,,,,1
2014-05-18,0.023301978303486508,0.02393173823176216,0.02251574747548592,0.024594023509903976,0.0923326173373701,0.5142529110841796,0.2014609499831183,0.10538511790857057,0.5335614708059594,0.013192495241388822,0.015492902077556962,0.016503915960675856,0.015696377227073864,0.013192495241388822,0.011742064554110358,0.2591239528362017,0.3899484588780985,0.017441135950542964,0.8457370667813674,0.15187627247205496,0.2917437187898588,0.6471863037472081,0.444345086554318,0.5519147949957349,0.663327859087568,,,,0
2014-05-25,0.026165870353244965,0.023238322765385892,0.02408586711851417,0.02467442542861492,0.08371063655645021,0.5888243980175386,0.20569411785389385,0.10967684749558437,0.5352164152645565,0.013807571477589334,0.015486985091283866,0.017238413710015842,0.017136559514265532,0.013807571477589334,0.011330758188480387,0.2930238900306035,0.35483185710383813,0.016939714815474568,0.846877668867203,0.15644064346588318,0.30087294130958747,0.6039988879445475,0.40830449980768424,0.597711350428462,0.693901045075135,,,,1
2014-06-01,0.027319574498677463,0.025706944034673492,0.025527796073651365,0.027150271988230716,0.10766408305210287,0.6160774370297076,0.20977216273985302,0.11410436985664284,0.536251985053199,0.014386242393075054,0.015471294136997974,0.01802346790371736,0.01861315343141904,0.014386242393075054,0.010795380240409515,0.32941609012246154,0.4600708207912721,0.017114956998821654,0.8361372711600894,0.16107948444356446,0.3123910724696057,0.6290141418645553,0.3900782478288498,0.5978982477000118,0.7052730637160673,,,,1
2014-06-08,0.02835933524320003,0.027300654014765443,0.026122338529158178,0.028047941045016636,0.10329540913183287,0.6401527284319553,0.21359286187780996,0.11857779113795848,0.5366020149828773,0.015137069576790852,0.015630005171414,0.018842361838005882,0.020134006300448114,0.015137069576790852,0.010582660762876717,0.35955579431044843,0.44171403226524564,0.017416519471504133,0.8285334022862549,0.1662881313967074,0.31527756879159324,0.633680318750262,0.39476892873791136,0.6027948243049291,0.6615298139754187,,,,1
2014-06-15,0.02705846136577275,0.028436205554539577,0.027314216679133054,0.027704560430430777,0.12415960169451573,0.5798096030989172,0.21533322408572533,0.1225807906359373,0.5330145296386073,0.01587881801388868,0.015689112231557552,0.019447384846899667,0.02114377852215605,0.01587881801388868,0.01097359135508337,0.3687216361016237,0.5292826207788757,0.017826021175078303,0.8741564704975264,0.16361436404575416,0.31039321268067516,0.6376096433335896,0.47777814389599693,0.5279790871076637,0.6231759565643782,,,,0
2014-06-22,0.026485083736125976,0.025946795748314388,0.024998146011928995,0.027315054067408313,0.08921179407783555,0.5534806347790102,0.2159942521442368,0.12594433450503725,0.5281379746444026,0.01672017128429134,0.01580416577511804,0.019934895229634732,0.021695784384919866,0.01672017128429134,0.012140913670272596,0.35509612378218725,0.38886066343080355,0.0186859365765396,0.8874631322529352,0.16899212913714554,0.31528084197252537,0.6540247955172749,0.4264476700751442,0.6040738502470777,0.6715081760032853,,,,0
2014-06-29,0.02655237851392834,0.026461511378132935,0.025582058566844975,0.027611371379511553,0.07344666365637946,0.5554687539247485,0.21630443345755673,0.12871078506153907,0.5235844790708917,0.01742499536681179,0.01590315407159345,0.020383005237390738,0.022294567765102316,0.01742499536681179,0.012952461053184,0.34933803038893463,0.32714498746028386,0.01824115031039139,0.8731109367144775,0.16860756417432426,0.3039723227521984,0.6064100586761498,0.385356861559323,0.5495403536427026,0.5915210419583465,,,,1
2014-07-06,0.02567236767779061,0.026472659477628138,0.024842077265512404,0.026000987049070272,0.0837863747847304,0.5118905456019431,0.21559346607300134,0.13075062711395455,0.5180432872048565,0.018068472254360618,0.015939282820131313,0.020696517756185744,0.022646429568566023,0.018068472254360618,0.013931031088236697,0.33650730276665575,0.37640822303361593,0.018316173307393137,0.8512498680891041,0.17353634653798383,0.316716163901262,0.625229301968084,0.373837035539809,0.5992304612983343,0.7111398053820549,,,,0
2014-07-13,0.02738959039842212,0.025177142105271933,0.025376483702932693,0.027136352650230768,0.08852525800949827,0.5668908323231044,0.21612691375897009,0.13251254370522042,0.5159237987925614,0.018855725246969986,0.01608741274714952,0.021159542123799883,0.02299943760008162,0.018855725246969986,0.01522276482716555,0.318092258725761,0.3986503599334049,0.018167315012550624,0.8099990716156015,0.1699384140606801,0.2941911596068165,0.6170814175666609,0.3435403486765457,0.519898411966066,0.5364940471279402,,,,1
2014-07-20,0.0301585009707001,0.027451062076645084,0.027851982505397513,0.0294230873889465,0.09356128708062754,0.6430761018319254,0.21845382606120428,0.13448932761326676,0.5175623992511643,0.019860781238864672,0.016267570666017608,0.021867691753083156,0.023408821350045943,0.019860781238864672,0.016922243395839167,0.29355184440310383,0.4195964139637454,0.018675558348156773,0.8155118004074703,0.17208268262215154,0.2977190068514416,0.6410300144843689,0.4153166413319559,0.5731206475974164,0.6652042613779829,,,,1
2014-07-27,0.03194509225048789,0.030151751631366425,0.029527828569278994,0.031785766344280986,0.09621567969917812,0.6854398171534771,0.22138917056345955,0.13678632791852455,0.5200044027311955,0.020935047850834585,0.016499752761249976,0.022695014543789055,0.023894473160440896,0.020935047850834585,0.018680098915635397,0.2698539179402132,0.4275524938160425,0.017205398876002517,0.826442334720157,0.17210684235618703,0.29272361930890506,0.5693163934223524,0.4238353840482377,0.5533575205411727,0.6219522662684597,,,,1
2014-08-03,0.029951455098619316,0.03130004502587959,0.029590020615421233,0.03060248799157929,0.0412218424346988,0.5852565694586821,0.22180387173766583,0.13872502329390174,0.5172719321478639,0.021891980525456472,0.016669834516145357,0.02323530200709485,0.023595985411944045,0.021891980525456472,0.02113788627488575,0.22192707909935716,0.18553260175515598,0.018682967328637157,0.7927002663018345,0.16139761628217625,0.2642056132678325,0.6772129422176655,0.353769175522312,0.45385434963885357,0.5017201809581427,,,,0
2014-08-10,0.027234727052177866,0.02989345867812967,0.028314507559823756,0.027605972536190602,0.102468834768734,0.466962763948228,0.21967204533435614,0.13975628666039686,0.5103517614667901,0.022635554893881898,0.016914936152539153,0.02344036135640311,0.02268658335510482,0.022635554893881898,0.02387418451680386,0.160371983566576,0.4626102363150036,0.01950730124273417,0.7944111331726539,0.16269422963800165,0.25101161347057716,0.6523120890200141,0.4093200117564796,0.5654858108663955,0.5767444204391232,,,,0
2014-08-17,0.024881420594993594,0.028030025446300524,0.0259791346126963,0.026540491762469063,0.10788936204802366,0.37897354514996784,0.21585431086312537,0.13965061668242365,0.5016813897808524,0.023020809951377137,0.01713894979537705,0.023380079790863692,0.022157753708085835,0.023020809951377137,0.02536223561630999,0.12680839745069897,0.4915215591682531,0.01903909326634597,0.7652314005818057,0.16741968191043477,0.2564847570691643,0.6057793306301861,0.3594414217755794,0.5980007892886277,0.6771399574193616,,,,0
2014-08-24,0.026981496579889144,0.024985716500243067,0.025085874540876435,0.02645877068304594,0.10140114395491599,0.4461084395377306,0.21425088486833396,0.1391752002990512,0.4988616653177179,0.02334360369157253,0.017393407689550815,0.023544899932262178,0.022094358680638988,0.02334360369157253,0.026145804633219673,0.11289134101180508,0.47526215002368866,0.019768538501046318,0.7684630702337392,0.17413232760678,0.2726894415237723,0.6487328251880429,0.41192777083002513,0.6161036769789286,0.7349486967250155,,,,1
2014-08-31,0.028279838381740648,0.026855235502962278,0.027030884824569914,0.02871586079468547,0.081499164757094,0.484755249541906,0.21377198978592507,0.1386781229818602,0.49869647678825374,0.023728950325018438,0.017582184566477678,0.023829639459687805,0.022089368327075528,0.023728950325018438,0.02699497756915732,0.09901038254467219,0.386326644011452,0.019190319889872576,0.7770174045878361,0.17714637117108153,0.28129880589546097,0.6019349447691691,0.4207328686808425,0.5809336647131785,0.6926101426187324,,,,1
2014-09-07,0.03004456329846794,0.02805634317939357,0.027717263411022798,0.0299051168692399,0.08846965094598401,0.5343373558218915,0.21454526211051234,0.13846896811083934,0.5008922032458916,0.02417230302815898,0.01767638273832838,0.024271592898670605,0.022313645079398432,0.02417230302815898,0.027691356208040693,0.09157073804996545,0.42403376390016645,0.019357559243158788,0.7544910028746922,0.17802017689250962,0.2994934559967515,0.6284976707725608,0.36953844815393044,0.5611328869184775,0.7417928774952409,,,,1
2014-09-14,0.025940796332211764,0.02987041829586675,0.027978778915578623,0.02756108339659692,0.09914638311244424,0.38420119982718565,0.2116895803569797,0.137605491081569,0.49590227455572616,0.024499439951830133,0.017742698951301216,0.024242802088612642,0.021645696855497346,0.024499439951830133,0.029221976151081245,0.05594638216028491,0.46836923091416605,0.020418513936529117,0.7192282041911234,0.1735565001309738,0.29319155582215933,0.6604667789835141,0.34724838772916794,0.5123586446218518,0.6154258264603305,,,,0
2014-09-21,0.025097105313156436,0.025462785651363472,0.024974461963564683,0.02682080869602034,0.09542778392013128,0.35705444199984815,0.20857930335747488,0.13615649153932285,0.49143701910105536,0.024589095911772493,0.01775825062458449,0.024128626652622904,0.021514139727573295,0.024589095911772493,0.029578629237729904,0.04809703105373917,0.4495124212134679,0.021178203082007213,0.7313943363765645,0.17856179241533782,0.3029267018944369,0.6492424690852764,0.42779559325600364,0.5993665106589994,0.6968842072194225,,,,0
2014-09-28,0.0229482209936328,0.024770780244952634,0.023480420355528494,0.023908673620979797,0.1007632112756377,0.29108104175436045,0.20428166650817403,0.13394962146707876,0.4856574197807682,0.024541765424933335,0.01772466279172538,0.023800866253436834,0.021620537519060623,0.024541765424933335,0.02934527252058876,0.05357616113247591,0.47571549094762955,0.022231154945316668,0.7181826704080745,0.17301488460814557,0.28263817869687413,0.6591401079536567,0.3837850059796323,0.5025313224367601,0.5453543447649841,,,,0
2014-10-05,0.022715453358350124,0.022574688920998492,0.02106216526293856,0.023618033414132177,0.08851100430017975,0.2840960521221397,0.20060506709759068,0.131287850397795,0.4821882975636852,0.024509982671950505,0.01768440527096893,0.023480007700862185,0.0216979933241779,0.024509982671950505,0.02918124100333894,0.05747667571140784,0.41833207485021545,0.02245473224273282,0.6736051359798519,0.17000487176244203,0.2632592147183266,0.6301551245683271,0.3286305263191732,0.5252928749398896,0.5467564803055234,,,,0
2014-10-12,0.021879834046277306,0.021414605545849463,0.02119632820988867,0.02273950260130023,0.0682717928981845,0.2583141120897997,0.19698426884609035,0.1282757616404144,0.47951673851518334,0.024277729918935644,0.017558725078176598,0.023102423617103275,0.022011086551899924,0.024277729918935644,0.02829113383300798,0.07688753752786177,0.3246457174154099,0.022535382671473484,0.6536450708308711,0.15756813868346015,0.23651957280367875,0.625250161308231,0.36988970389770226,0.43722796007297104,0.5041424510858479,,,,0
2014-10-19,0.023793791018997753,0.021814599952590056,0.021777812912195327,0.023792479376510696,0.1348545997255101,0.33182435533061194,0.19560425441451382,0.12552967311593147,0.4815452838991232,0.024086673926629023,0.017537669481727115,0.0229607197172603,0.022003730925669405,0.024086673926629023,0.02788210372334324,0.0832950420939681,0.6350727553480076,0.022264657959149243,0.5997528731738624,0.15366819724193656,0.24055874225391302,0.6132653583126525,0.3052576141050233,0.515609752848713,0.6698606541432442,,,,1
2014-10-26,0.02743905753099413,0.024045995107857293,0.02548407138210683,0.02580268784200971,0.12493092093754028,0.45047936384782256,0.19735299786919525,0.12375910793503482,0.4889847261657738,0.024036805699462913,0.017657289025667867,0.023213272825503332,0.02191481745675176,0.024036805699462913,0.02788147250110136,0.08180333197142538,0.5813016732839213,0.021499334312294366,0.614865470102877,0.1693364114915394,0.24959727840781698,0.5962946954367833,0.4368636803185004,0.7054349318945289,0.697502660128673,,,,1
2014-11-02,0.02853025034456493,0.0274267099976356,0.026597821061298932,0.028356566082921884,0.08262425754597011,0.4818061498351722,0.19953059994569938,0.12287350783814138,0.4957335617459043,0.024116559350085442,0.017794479087167143,0.023555752330850954,0.022050206309648438,0.024116559350085442,0.027890789379230663,0.08394029418692953,0.3920275429983198,0.02041673238778765,0.6122992060545819,0.18010204304836955,0.2718810941935792,0.585004151117482,0.4015009962551974,0.6536346436432495,0.7692572232659076,,,,1
2014-11-09,0.026069382233510123,0.02815037029565196,0.026449207183448793,0.027020815701635843,0.13334905607803316,0.393281263338411,0.19923439687210773,0.12209281989038051,0.49653363268390244,0.024094033218363706,0.017844941298121773,0.023608568079913312,0.02203645577612485,0.024094033218363706,0.02785828084950595,0.08422867194896498,0.6198380211879307,0.02242181600884287,0.5888223388611756,0.1828946182877537,0.2695782509577985,0.6930898893422982,0.36019041969668775,0.5785125059215781,0.6350930505985761,,,,0
2014-11-16,0.029123340354429456,0.026081086303228425,0.026930570907538497,0.02749716458047037,0.12932032432642415,0.48115248304336106,0.20132729643189284,0.12197847294774954,0.5016152183478001,0.024233349108987834,0.01796378862250941,0.02397535083548805,0.02226747559205434,0.024233349108987834,0.02788124282628163,0.0877527238263268,0.5836307212823578,0.021719058657075203,0.5351202052938723,0.18448517917060298,0.26702241008997174,0.5984930234315294,0.2973596917966718,0.5674899085573131,0.6337072848493552,,,,1
2014-11-23,0.031066393281560235,0.02889679083748012,0.02876454271690641,0.030167905874304894,0.14135869046776015,0.5305834561947499,0.20439714532920525,0.12263535782001803,0.5074967122134986,0.024525641849082347,0.01817922473309672,0.024510160873729883,0.02280933569649424,0.024525641849082347,0.027859674904032974,0.09717664450453335,0.6198132193878153,0.021060776397103426,0.5600228069656059,0.18925290483321008,0.2985425006659479,0.5997745035006506,0.46086788939408146,0.596000276964136,0.8148844019800981,,,,1
2014-11-30,0.03377598339549622,0.03054809897298847,0.032099546359400155,0.03215803774292046,0.13723144974730525,0.592633130398653,0.20879842899135717,0.12423380299609708,0.514677148813834,0.024871709229098232,0.01844252544402366,0.025277063204610872,0.023830886259872015,0.024871709229098232,0.027370541005674907,0.12194651083269732,0.5872374187906328,0.020631416080772198,0.4629788093587021,0.19007035422692364,0.3148608479329237,0.6075281324034879,0.20179200104847236,0.5603989008956934,0.7297565081436348,,,,1
2014-12-07,0.03290422758402974,0.03344967828602645,0.03206420863192546,0.034038981657733565,0.13718552112839,0.558786876210787,0.2113847520804112,0.12614304848254476,0.5170473442383169,0.025020495314725957,0.018783343401919155,0.02587986914037165,0.02430578039722828,0.025020495314725957,0.027116698300640805,0.13381532182022265,0.5747322863271271,0.02144684932079974,0.4527136081337858,0.19164282603118685,0.32184498170179543,0.6511115542514736,0.3817412180129795,0.5670819802138868,0.6816800417976631,,,,0
2014-12-14,0.03101439407341245,0.032625616399288654,0.030696306088175487,0.03263542903940062,0.11525874093176858,0.4878449086560644,0.21172140102888057,0.12775251256699996,0.5147611801527503,0.02497006242093542,0.019204087012985708,0.026227864975734032,0.02414953412530989,0.02497006242093542,0.027196976989596392,0.12996728163041082,0.4779379483091659,0.022830419868408447,0.38408894172717317,0.17693697042440568,0.28948496722663414,0.6704505004101123,0.23808815941943237,0.4231777006795342,0.4893687622462987,,,,0
2014-12-21,0.03134026990854375,0.030383545211265562,0.0290659552757509,0.028641049065717107,0.13446045826709468,0.4966636053768602,0.21202887282246194,0.12911503877377536,0.5128780062681624,0.025045319847595206,0.019587094235495626,0.026576757271564118,0.024347249056935843,0.025045319847595206,0.027120419584709676,0.13443267105954793,0.5343906581156875,0.024067811513924703,0.37962171046041937,0.19069246123394945,0.30211835456424385,0.6645063209396905,0.39430637144853287,0.679125106985464,0.7120412956744231,,,,1
2014-12-28,0.032629600500257934,0.031001852661299092,0.0305945936029064,0.032902194425275255,0.07564412810682511,0.5317838082383637,0.2130653767269994,0.13045773685878428,0.5127267949536325,0.025337658530878503,0.019957673715541635,0.027027097018241887,0.024959705404880277,0.025337658530878503,0.02701282549298825,0.14612334114367836,0.3028379747350183,0.023951275603391647,0.3612774438794713,0.19434075311617557,0.31100048401360786,0.6186114811067028,0.35587822600818797,0.5854470316731065,0.6919060122822573,,,,1
2015-01-04,0.03310977827121171,0.03208617166376417,0.03098308587986299,0.03313289105526118,0.05565359993950824,0.5448469358327218,0.21402683223371896,0.1317662772784531,0.5124663050525636,0.025783538730256614,0.020388917839565025,0.02748470358687464,0.025580576753092225,0.025783538730256614,0.02723089263728118,0.15262501155484065,0.22743366267428297,0.024343873802835477,0.3324778757259677,0.18818579666194565,0.3006574248082149,0.6356081344997645,0.3244134086044888,0.499091038950852,0.5959437991629432,,,,1
2015-01-11,0.035164803934098425,0.03277649730000962,0.03329170616735283,0.034860417481683496,0.12576242250879863,0.5986493318679845,0.21615329016244156,0.1333314938305946,0.514423743878925,0.026226977732089648,0.02089405936501426,0.028113383512356486,0.026545789240046646,0.026226977732089648,0.027023526154279286,0.1713513170749826,0.5123938236013543,0.02337186929305693,0.2725026119762385,0.1854898849362559,0.29301871903294063,0.5902197124860075,0.22631034109647566,0.5291109832764705,0.608746332230141,,,,1
2015-01-18,0.034947051163259434,0.03504488845440153,0.03367582320365036,0.03623461524378893,0.12454107318909244,0.5884637517272067,0.21738629667092738,0.1348842472550107,0.5143286987733572,0.026588262241258705,0.021450046024594056,0.028659444087140322,0.027330479659011926,0.026588262241258705,0.026856652140710143,0.1863993248557971,0.49735821303850863,0.023582996958196403,0.24950097752296346,0.18037787691925491,0.3271452885111638,0.6296076228353744,0.32872198212036885,0.507283508336551,0.8213059570902521,,,,0
2015-01-25,0.038062861818096545,0.03483810078680873,0.03632948783532616,0.03691873505033282,0.11924548583098991,0.6640027245327844,0.22051893106131962,0.1368901181592492,0.5177842197030323,0.027022759705186222,0.02201829299732959,0.02947895669378303,0.028609500172191594,0.027022759705186222,0.026246880272596435,0.2160985619152677,0.46942514875320474,0.024203916182062434,0.259956279095519,0.1869012754619142,0.35881004084833534,0.6433449505017602,0.4437260360132688,0.6123780707619488,0.8005013587326993,,,,1
2015-02-01,0.03638252032496921,0.037509577981435664,0.03653515535200972,0.03735473579877854,0.1062930169930361,0.585867003901164,0.22134376046604531,0.13869589036072136,0.5162582462277185,0.027588578324033854,0.02254175123598531,0.030044902675694787,0.029454847997101036,0.027588578324033854,0.026453496992182527,0.22570064188917346,0.41670554312932234,0.02684977763974074,0.2998764456514147,0.17545914677453786,0.3617503842056569,0.7105353598027171,0.5452861092188805,0.4508587447533813,0.6608311484232254,,,,0
2015-02-08,0.03266723791322818,0.03619439192619645,0.03489660250036785,0.034385583575499944,0.12123547962357693,0.4381351885123157,0.21875558756529825,0.13950956783243654,0.5086924288502052,0.027998790466706558,0.02300079446727013,0.030168874225299472,0.029630001600290817,0.027998790466706558,0.027137298434926786,0.2173883456202849,0.47029621559270324,0.02745231580516307,0.345594509649605,0.1876361442794739,0.37174443247166206,0.64180505100931,0.552842277794554,0.6650774637371709,0.6932333565671055,,,,0
2015-02-15,0.033438655933496195,0.03232077154667482,0.031455404049542834,0.032553415155206746,0.13532131192124602,0.4608225159861214,0.21704069746629934,0.13974245688330345,0.5042632760734449,0.028567248645921164,0.023506699449120746,0.030361616389855902,0.02959944528955871,0.028567248645921164,0.028418284129323658,0.19658158197038192,0.5173701287067347,0.0283919908609943,0.341697543167835,0.19599575634148778,0.3794344180815392,0.6523573705287392,0.39512114814152555,0.6277227501742799,0.682134609828752,,,,1
2015-02-22,0.03313793472246723,0.03338468484026618,0.03165604052517183,0.03366737815829007,0.10504048548454911,0.4491925295523025,0.21518893659983981,0.13947734907978931,0.5004655003754064,0.029132024540639356,0.023993828847273906,0.030504590729153996,0.0293324386092886,0.029132024540639356,0.029979680502974577,0.16808088183384098,0.3979144428641114,0.027967968121249607,0.36859614410288,0.19867559434789045,0.38516781165423775,0.6091954061656545,0.48602463010386227,0.5765711407000109,0.6729795510607072,,,,0
2015-03-01,0.03187892029352909,0.032768533811394884,0.03284456410684552,0.03331982796669891,0.13071127518984887,0.40030776403460255,0.212499694731042,0.13860968413022148,0.49587033704087796,0.029673857400240176,0.02444779901035294,0.030502439810070937,0.02855457539256914,0.029673857400240176,0.03211412040144172,0.12333846912376424,0.4828625025187317,0.029488237186576532,0.3910274775132373,0.19750781652188604,0.40823699832365,0.670464784117759,0.46971167485133397,0.5429846803865029,0.7499782865821985,,,,0
2015-03-08,0.028277300577487098,0.031755667343712844,0.02988649554001767,0.029749424829340048,0.12864100309860613,0.27880507938184335,0.20734823627331259,0.13665973858503128,0.4876167528899865,0.029916810880693628,0.02479000274119818,0.030124291409069408,0.027942611167334187,0.029916810880693628,0.03339225879802428,0.09452950190275515,0.47641678133411236,0.03249081843154414,0.36393877623055304,0.1908152998409783,0.4180496738580056,0.7152957412002464,0.3331572307560637,0.4948103043062443,0.6895973919878216,,,,0
2015-03-15,0.024834491266675134,0.028760340743816743,0.027166262017124743,0.026555837580419833,0.13213185969091853,0.1859178036536479,0.20045091194980885,0.13341836441827373,0.47776818418600203,0.029775674025573115,0.024953695361826837,0.029422543136894963,0.028306808207962022,0.029775674025573115,0.03263915439699766,0.1115408465451551,0.48794406158292836,0.0319054806950424,0.315844476015839,0.18721935814542115,0.44109389450030834,0.6051091037220768,0.27002567873764616,0.5212930952309179,0.7454219743834798,,,,0
2015-03-22,0.03033861632856884,0.025454081292044777,0.0280753642219043,0.027063624041221073,0.12113461263368333,0.3647503572873051,0.19927918018037075,0.13053962235150612,0.48053365421769967,0.029873666190865913,0.02516956870057584,0.029362553995596244,0.028251339183304625,0.029873666190865913,0.03292121924087422,0.10642540997609164,0.43983677271749316,0.032388810626819475,0.32202261041134606,0.19823265769805562,0.45014751295850725,0.6369638588686998,0.4257144026756108,0.6514995242108423,0.6846796116550337,,,,1
2015-03-29,0.02882543765286493,0.03003637225841169,0.029041902631756034,0.0299572938561928,0.11637028389820608,0.32365481558865067,0.19710475520450457,0.12770655115833743,0.480881945039893,0.030023011976286842,0.02534703367636002,0.02915022106750648,0.027966737130749528,0.030023011976286842,0.03359517857586303,0.09187125550185314,0.4254208410432661,0.03240986400837537,0.33238284368111504,0.18875358727810831,0.438906703657462,0.6231229967815604,0.4383075662222498,0.4706674146703634,0.6012958321684323,,,,0
2015-04-05,0.03079654964372909,0.02845062881387437,0.02836951676699798,0.03017548616748676,0.09617267221081455,0.38006565322648406,0.19690137847434744,0.12539051537815354,0.4848249107618346,0.0301136802385174,0.025554092346661433,0.029164000168388604,0.027919995475893602,0.0301136802385174,0.03385057243916498,0.08732721426974337,0.3559501973785703,0.03198584126863068,0.31850584462485465,0.1899495309791938,0.4454169321713798,0.6098878128040243,0.3648413104788552,0.5637756904945291,0.6742384093576089,,,,1
2015-04-12,0.030469453600232087,0.02982509362931934,0.029058405158271534,0.03152979140643191,0.10779475965136141,0.3703896609904633,0.19644268047871502,0.12342586615420933,0.48750462110973025,0.030081333129337088,0.025798976364787063,0.029142300597750585,0.0279209096629439,0.030081333129337088,0.033778686171400805,0.08841344912320437,0.4052081961454253,0.03287747813518308,0.34625984273737537,0.19701656040398025,0.4721875088548369,0.649157408799726,0.49219296734906165,0.6158390712626706,0.7573291954449018,,,,0
2015-04-19,0.030255361454490204,0.03009425099516396,0.02864175014124331,0.030402475859587847,0.12918644504186194,0.36370660684835066,0.19587777236567613,0.12171643445751229,0.48945093646125465,0.0298905568317136,0.025956878002642618,0.0291003049464658,0.027761526172939338,0.0298905568317136,0.0335557404158454,0.08924346625869282,0.4880211631389715,0.03471146945031678,0.39929664321690833,0.19281257006138539,0.42710136691565626,0.6767048705094015,0.5619499307230218,0.5164545231606188,0.46794422853427176,,,,0
2015-04-26,0.033196504724020935,0.030281463241210824,0.03073061737718283,0.03146521401436732,0.10313365592682552,0.45103642438120106,0.19770994780336867,0.12079553364259236,0.495464354806413,0.029906394814769394,0.026174161013846092,0.029369522035676405,0.027785991227910537,0.029906394814769394,0.03356054460260413,0.08955564359561617,0.39474400056342535,0.0353884296935225,0.4166904080596601,0.20016347021670078,0.4351290677817046,0.6420443138205504,0.4530345596971455,0.6179121927678172,0.681042162045771,,,,1
2015-05-03,0.03169073322867784,0.032958277097057016,0.03182591046717389,0.033473617135018716,0.10372576557022054,0.4006688478885334,0.1979127019618798,0.12010824004687196,0.49724586770585677,0.02994304444149485,0.026368589326993413,0.029455816070799206,0.027802470943247042,0.02994304444149485,0.03362062379845269,0.08891616449804578,0.3990638289546478,0.03449975500523468,0.4279060747648388,0.19827090036963163,0.4117017566103092,0.5970525768780495,0.43568456405870837,0.536743096604989,0.5496295107680174,,,,0
2015-05-10,0.031796702310127406,0.031264453886284335,0.02982244689989342,0.031397307075803314,0.10528955585701145,0.4039362653663941,0.19810021687012944,0.11960411722858022,0.4986427470656151,0.029967777708840408,0.02649909655586775,0.0295449604839106,0.027816526729222996,0.029967777708840408,0.033657588828640075,0.08858442758386266,0.4104481752767226,0.034922894040246504,0.41773594184270907,0.19984337217389483,0.4284834836092416,0.6347477391728625,0.3806061591368659,0.5668125107093145,0.7193439740619447,,,,1
2015-05-17,0.035123975647608476,0.03152761882878705,0.03298301106104663,0.033677033221379674,0.12611813174357,0.4999773432435847,0.20079931538215917,0.11985880051605187,0.5044294811837916,0.030102943501552498,0.0266799811524549,0.029973160803201292,0.028084117546108234,0.030102943501552498,0.03362685472643629,0.09323449497774206,0.48142620371256695,0.03205522269461778,0.4289516085478877,0.20117822820129624,0.41121873779275997,0.5399110956466849,0.4356355582844261,0.5647026274609448,0.5746857664589292,,,,1
2015-05-24,0.033433586053666864,0.034785463740591854,0.033594800927887546,0.03514991448855108,0.09335015621099328,0.43939681042289996,0.20150132668737547,0.12023368224136663,0.5053461269460428,0.03012049007454829,0.026797588358096678,0.03018401277382906,0.028111234045244994,0.03012049007454829,0.033632162335528425,0.09357908619169028,0.3496215168025589,0.032051072817192224,0.4175458777530037,0.20184870383149786,0.4354024746595627,0.622372799238953,0.3775018861065369,0.5589263457751362,0.751212345976643,,,,0
2015-05-31,0.030784255901227697,0.03297326147508468,0.030924815739290634,0.03218502785364782,0.10038582232496457,0.35323391322808656,0.19987881209453898,0.12013805383538415,0.5017579678510572,0.029883115897690733,0.02688394204861714,0.03009805139543082,0.027772040824495636,0.029883115897690733,0.03352663292257926,0.0898438765233403,0.38041843956674076,0.033960970834060536,0.41935174041074186,0.19808966549803683,0.40903616791122954,0.6795557216567045,0.41123710551699016,0.5207068716903711,0.5374223267736404,,,,0
2015-06-07,0.02981019736208653,0.030223211823544267,0.02870916392173471,0.030059188289261206,0.08930297910369576,0.3236463771913136,0.1977670728393551,0.11954675498683434,0.4979779336109658,0.029604758844294397,0.026961009055471417,0.0299185328435979,0.027435228138112104,0.029604758844294397,0.033328534457269264,0.08751286448702833,0.3433333580715734,0.034361571863565234,0.39796597704136744,0.19515820250988913,0.39479654725621277,0.6341745730827568,0.35124293073494145,0.5276217670319794,0.585847854693571,,,,0
2015-06-14,0.02848595047934439,0.023198425166501054,0.026619455871904417,0.025254745229904303,0.1324332992472475,0.2841360725224874,0.19502153852203993,0.11840441432601899,0.4937756315586239,0.02908580289887029,0.027005823946231418,0.029617788874054186,0.02634987675563907,0.02908580289887029,0.03351724859672145,0.06745298095925718,0.5078782244054608,0.03537241696376289,0.4032886417435309,0.195415922724636,0.3947531615638578,0.6518144504529106,0.420808286593909,0.5553920121347685,0.6470530367402579,,,,0
2015-06-21,0.030289807993940755,0.02814278527167902,0.02812151341476941,0.028742753868993588,0.09773389331049373,0.3465042179163359,0.19426331612341682,0.11730570365941766,0.49410835842280776,0.028755649556513246,0.027112843538499097,0.029534106691860042,0.025496465360562215,0.028755649556513246,0.03383607214673618,0.048958690529430145,0.375305870207442,0.03571786774829864,0.39520957638749915,0.1986131673647265,0.384475116716979,0.632389563014724,0.3851052208068665,0.581134784533898,0.6020684932886828,,,,1
2015-06-28,0.031314456486497486,0.030359008777027026,0.02975121916683165,0.03227263094550513,0.10560007555409147,0.3804622575352544,0.19445980720949846,0.11647463538144542,0.4961494270567931,0.028682344715377207,0.027203811161184317,0.02956542251805409,0.025367910686803788,0.028682344715377207,0.03383252673761093,0.0469305049541993,0.40862794826491833,0.03392005177010971,0.39749070804330233,0.19690178323414734,0.4142024026624182,0.5712330628264667,0.4126905062908973,0.5382581528814493,0.7797553501076743,,,,1
2015-07-05,0.029128404505581008,0.029836982180092023,0.028269381324977062,0.030662247020936593,0.08669817883527048,0.3093281549830574,0.19288470775121636,0.1154258057518902,0.49448875638841755,0.028448779787639156,0.027179936352600905,0.029365414772410225,0.025064721932368268,0.028448779787639156,0.0336914063546738,0.04411857302633795,0.34230211441497266,0.034800426703546425,0.38618000929327106,0.19192669676171575,0.3856771442792804,0.64817366360269,0.3762365392091557,0.5097150818780495,0.5250948468601329,,,,0
2015-07-12,0.030606580960090363,0.02855532726451891,0.028694895015154317,0.029961840232768495,0.07278644943791707,0.3602945338980658,0.1928124941865448,0.11456913795101438,0.49595420243818505,0.028311610188956376,0.027148913334925293,0.029338856312016454,0.02479597110838828,0.028311610188956376,0.0337191716051941,0.03932374483775076,0.2911164426537221,0.03452317671547467,0.3544339763961938,0.19189450016803672,0.4025830596135779,0.614499998923749,0.3198316257235574,0.5528492071550241,0.7224784777595492,,,,1
2015-07-19,0.030604610294936364,0.030261427722524412,0.029437583793765345,0.03209222187291375,0.06580632351820645,0.36022635740643033,0.19275807052707855,0.11387053640524021,0.4971596321051075,0.02824255757619937,0.02716405167955161,0.02931462138563144,0.024691365796531334,0.02824255757619937,0.033695711505670085,0.03796607996765354,0.27105125705443534,0.0340119782712418,0.34293317729852324,0.20196544720552492,0.4260971421696832,0.6077006286320782,0.37334931498239665,0.6420770532538322,0.7495073092950286,,,,0
2015-07-26,0.026777355147439397,0.030264978609261858,0.02822705402257602,0.027582491419530817,0.09790726064901988,0.23937773784085545,0.1897189948892311,0.11257079459393185,0.49257527404847745,0.028161278177111143,0.027153451054224925,0.028892923771351504,0.024823418421553604,0.028161278177111143,0.03335678066600353,0.04520510336045936,0.41098759429727255,0.03626613937348488,0.3153692432757078,0.19250451501926855,0.4046743013291008,0.6881646092449101,0.32529974894362823,0.471542768084767,0.556930633039071,,,,0
2015-08-02,0.02790140192803978,0.026435664476811095,0.02544426351240074,0.027112680984107858,0.09310302152745074,0.28173254522830143,0.18825821295326142,0.11117489426452322,0.4918419592092612,0.028327468660190973,0.0272234459320771,0.02862879862553102,0.024352392063802717,0.028327468660190973,0.034295029576861154,0.02346851748024991,0.39817766682388483,0.03788543992599616,0.2924626771252194,0.19737495027346705,0.40214669966931565,0.6683578338738326,0.3354436492958596,0.596085060910494,0.6362819140799617,,,,1
2015-08-09,0.026509860267495283,0.027517271755334895,0.02541629205807374,0.02757130990502063,0.07716614270729233,0.2404603589228931,0.18607828860967807,0.10952675583494181,0.4899183652778374,0.028119995117710454,0.02721251469693489,0.02824447664757427,0.02456299091766917,0.028119995117710454,0.03358417794331884,0.03753647906910743,0.33675291284436865,0.037518348979961896,0.2582454122246996,0.19208576268102165,0.41409727579248123,0.6123038632323081,0.295428438056368,0.5070254289387481,0.6992477185232341,,,,0
2015-08-16,0.025460435243569245,0.026311292649920947,0.025443329346219554,0.025760543413848213,0.08772824689535637,0.2102927322562912,0.1836280122255331,0.10761092097485872,0.4878768845149226,0.027937651568219278,0.027147168671079403,0.027787140486827754,0.024880909159290802,0.027937651568219278,0.03279737869103426,0.054571695403444205,0.3889339385933147,0.0389351326862508,0.26223741075132223,0.19489846693584328,0.3808631294683934,0.6620116807878557,0.42047763845326624,0.5779631192993404,0.5049109642519145,,,,0
2015-08-23,0.022164887323596432,0.025155324769370796,0.02326263149506578,0.023599285692583308,0.0674679259258321,0.12566721146573823,0.17923277472083035,0.10500678973027794,0.48262786484924225,0.02746991700104205,0.026964539410646353,0.027029128136339356,0.025621324909362655,0.02746991700104205,0.03087074105661687,0.09598741307859034,0.3027865581388976,0.041709986756376695,0.22830527824329439,0.17060687433158275,0.3243028838617322,0.698579183883562,0.28920715092339805,0.34012801880755733,0.39386074195742043,,,,0
2015-08-30,0.02295685983971486,0.02073580174908269,0.02101405583207934,0.02007386760838325,0.09164347688757708,0.15975013187910658,0.17656861142121982,0.10227401963784696,0.4816468516442565,0.02706282278666829,0.02689537995325982,0.026426031859628565,0.02595832620138113,0.02706282278666829,0.029568937532667948,0.12162320871773123,0.41598725176313744,0.04149530306339215,0.2719323109333207,0.17422695118362297,0.33573892877837475,0.6167993225468701,0.5692744645267137,0.586820078881233,0.7028307095089789,,,,1
2015-09-06,0.02136924845370312,0.022525058156701167,0.021165838853375724,0.02300863977955561,0.08062110106872845,0.12041773305081788,0.17342535349754123,0.09932154561272406,0.4799713666507258,0.02658129998559475,0.026808978463729885,0.025714541516816437,0.026388392749012956,0.02658129998559475,0.027990755979619926,0.153383235620435,0.3750904951546834,0.043301121871641944,0.26775021205905886,0.16060634198179718,0.3186194223432529,0.6705403093364544,0.39238501386473973,0.4275330894526453,0.565437236586126,,,,0
2015-09-13,0.019868266132978464,0.02054549574438116,0.018904772897560457,0.021462085518154532,0.06498562661055499,0.0853970832612296,0.1700104785657445,0.0961270941194927,0.47812602136436383,0.02585906622836404,0.02673759356412712,0.024914029074505677,0.026463110688551682,0.02585906622836404,0.026319454010754473,0.18140742645019983,0.3080230350694688,0.04469418694290061,0.2537781447000119,0.1686257024080152,0.3242397949037664,0.6587991713175382,0.3587989965387012,0.6296867951374401,0.6747979258764891,,,,0
2015-09-20,0.02338616695204218,0.019786990731237263,0.020962035258301582,0.021260468366535872,0.09308855665206824,0.23351794934354855,0.17035676412353984,0.0936559498160701,0.4836420370650783,0.02540905641925265,0.026753138864209124,0.024557213499264745,0.026172759493992278,0.02540905641925265,0.02568912068732439,0.18705425787223004,0.44527059465139723,0.044393805099741245,0.2474099462147995,0.1680176537609775,0.31060943516224887,0.6147908909346778,0.38412303239063295,0.5474469617121139,0.5809845775106448,,,,1
2015-09-27,0.022927385792571493,0.02283467233482236,0.021975843208381127,0.02455064841740373,0.039853310368399765,0.22087022976159415,0.17052796837484868,0.09172077024802835,0.4877293597642646,0.024928443790000348,0.026777418238297754,0.024186458992325775,0.02580714469164461,0.024928443790000348,0.02508365347923093,0.19115434365371078,0.19585858294420377,0.04558404933034941,0.25815034392191305,0.16264389481063168,0.29564952216211443,0.653133701547341,0.44491664742751136,0.5027997171504429,0.5730004194690795,,,,0
2015-10-04,0.022726996644063222,0.022722005266439294,0.020986461136952822,0.022764022524727593,0.0938683929263399,0.21508553873405872,0.17076264159282922,0.09022983482262752,0.49111721170363976,0.02425667334840139,0.026752692872895716,0.023830083060106998,0.024652166073516616,0.02425667334840139,0.0250229752949248,0.17357289990312544,0.47454609652252994,0.04491153588935949,0.25368311265515925,0.1666747117188277,0.28674704764695674,0.6054142725757083,0.3909675214975027,0.5914103151694182,0.6020243428063614,,,,0
2015-10-11,0.027249272165044146,0.023239914346828372,0.025170532927041557,0.02529669812947838,0.13391941561683843,0.38242800561555185,0.17474716698425385,0.09000842715398709,0.5007987621395408,0.023921556279092926,0.02674829416904863,0.023980015884995876,0.023742051138604822,0.023921556279092926,0.025400116633814508,0.15250826167013953,0.6628331254575658,0.04100515093107732,0.2966448122574152,0.17946580394869838,0.32246797713920583,0.5225267266914736,0.5579036110338133,0.6733520291505858,0.8312579909442936,,,,1
2015-10-18,0.026562890637642254,0.02626961352481629,0.025885622067747534,0.027737135291570014,0.11310590290951034,0.3595050009805718,0.1775403611369461,0.09051222103284821,0.5063292244086335,0.023692807935931405,0.026702696171183374,0.02404397433623598,0.023264139612655943,0.023692807935931405,0.025482694240763933,0.14327177106616887,0.5552926846686433,0.040582011896065494,0.2593859780526012,0.1831342002688096,0.3229825725257472,0.6111748950812875,0.2865618168748157,0.5865242685132023,0.6497519210563937,,,,0
2015-10-25,0.02810328626144687,0.0265491766495616,0.02652295538209227,0.02864294763249482,0.09805741379824601,0.4104732608151296,0.18111424705269252,0.09178649183025113,0.5122049613563588,0.02360031343194628,0.026749836483754386,0.024262741454365997,0.023045903527328482,0.02360031343194628,0.0255465749167702,0.13860641398794188,0.4786061489330439,0.04038275415289793,0.2523524464796184,0.191598488126609,0.36833685858128723,0.6171388280939701,0.38207954958000984,0.6294873253533027,0.8681348401479037,,,,1
2015-11-01,0.027431455575589028,0.027791396403146602,0.025904269628264323,0.02744914886346207,0.06974312764329695,0.38600087353776874,0.18352456437496883,0.0933934914339694,0.514742385766865,0.023543172211737948,0.026710623238579985,0.024390498440406413,0.022939117020980095,0.023543172211737948,0.025551836319632752,0.13674650330799973,0.35186671201890324,0.04224550475485815,0.2672749793189277,0.19244616790980745,0.37199088374184397,0.6727024286319812,0.4592772590412293,0.5606252877877659,0.6639023430640035,,,,0
2015-11-08,0.02979780623206299,0.031051764817059988,0.029587871466109524,0.03136321880463455,0.14257454946980289,0.462799268819192,0.1873778686655839,0.09561844293683448,0.5194549510862853,0.023516511503451718,0.026681220872875687,0.024753262061701007,0.022857624043293254,0.023516511503451718,0.02559292699341623,0.13471652580657242,0.7044395387035005,0.04000083110662717,0.2469346772167344,0.1964407083506216,0.38105310232249195,0.563292406004488,0.3369633749500946,0.5883656057264859,0.6883464745131176,,,,1
2015-11-15,0.029749565036534455,0.029503393357028666,0.02797318447527408,0.030847667949613407,0.09888872532004678,0.4608536951514286,0.19042464787853364,0.09814114267795913,0.5217256100542047,0.023431712794016502,0.026587899547298805,0.025076437797646775,0.022568647658109786,0.023431712794016502,0.025759947429922526,0.12715779723020657,0.48943841994238213,0.04011707009236998,0.21072141305290334,0.18110672423647006,0.3626757317091681,0.6256438091228491,0.2770664657862656,0.41916517375249895,0.5649370064306767,,,,0
2015-11-22,0.028625988007511476,0.029110235560909813,0.02726023639184739,0.02991164642837313,0.086547476654278,0.41467646426265625,0.19196169719938055,0.10053400168169345,0.520735431114843,0.02340448772953279,0.0264887416971148,0.02525147316843256,0.022499732087712544,0.02340448772953279,0.025784459064176948,0.12560382498900247,0.4279793502267477,0.03954181365946082,0.22070144562739377,0.1944212691779256,0.38971503012914915,0.6069436882684572,0.445355940172333,0.673837878438674,0.7715069234306894,,,,0
2015-11-29,0.023892433121575338,0.028241124642781945,0.026259577312050364,0.024834084325598336,0.12631001130703823,0.2537332980729838,0.18946799425388458,0.10184037831664632,0.5124498038057431,0.023040659892351656,0.026323674191088563,0.024915401410573735,0.02187533005557249,0.023040659892351656,0.02575021845656233,0.11567443722181747,0.6076538001455167,0.042049506114745415,0.22260241284585242,0.1946105654867164,0.40114574810427467,0.6907592790630661,0.41377031552703936,0.5547953000149742,0.6978316702064006,,,,0
2015-12-06,0.022603669668960706,0.023545132661831572,0.023446299205262366,0.023457896141577325,0.11757375449116211,0.217523439789544,0.1865455977740989,0.10217306289219166,0.505024327102307,0.022607103022086593,0.026121183778342848,0.024476720438000896,0.02118838173147556,0.022607103022086593,0.025639726266786882,0.10584072037010231,0.5496903651464717,0.04069439792917299,0.20492347935267477,0.19492864817022335,0.3655476591670069,0.5866744465854764,0.3397316587181426,0.5559246132801455,0.4921265506543933,,,,0
2015-12-13,0.018863421679483853,0.02225917524968156,0.021087894148272977,0.020531175186898735,0.12509745705389674,0.1254946408864833,0.18139855016206585,0.10118447223538636,0.4949481450467431,0.02217826091635803,0.025802121539610624,0.023689136044929768,0.021400877465008454,0.02217826091635803,0.024442236879342043,0.12927518580173855,0.576669900650928,0.04193801085600865,0.15673414709310807,0.17895842495640066,0.33846824823560306,0.6558929461735721,0.21653228754595052,0.41310558786024615,0.5233019577537864,,,,0
2015-12-20,0.020909625178599765,0.018527067210597558,0.020101224445769138,0.01949960221881821,0.14002581379136383,0.20514788476561166,0.179104059090341,0.09983425266610844,0.4921903254271723,0.021799388857835583,0.025519355478724484,0.023190293116886404,0.021132722190722205,0.021799388857835583,0.023940464251779953,0.13310762575410648,0.6302607383334753,0.04195491436013899,0.14675411451861764,0.1775853016798708,0.3560898991337206,0.6229441909391645,0.36193938166480577,0.5406193457867977,0.7311115253686015,,,,1
2015-12-27,0.022532530948372494,0.02056881357020893,0.020399382298197707,0.022368556250972758,0.09685772659726959,0.2640724014125287,0.17873873890959957,0.09866501989223897,0.4935705495133713,0.021583864392372875,0.02522657406482771,0.022908477473141474,0.020931712078624754,0.021583864392372875,0.02371415700067994,0.1334828523762696,0.4305259126941701,0.04166639536931368,0.15635394639782957,0.18874754120021134,0.3639401422492343,0.6148614452618056,0.4506888446690943,0.6552084159119161,0.6836615043870856,,,,1
2016-01-03,0.020221272986043873,0.022188182007571344,0.020823582640562926,0.021623360286144838,0.06852855323481005,0.20384989461660508,0.176804463788405,0.09725809944739115,0.4917579186651567,0.021299963424053114,0.02488527094698604,0.022412082080342233,0.020899609583020475,0.021299963424053114,0.023132185941191697,0.14275755164585496,0.3066352333587725,0.04156943528602316,0.150556012697601,0.18531469614255805,0.3649502715568888,0.6199222691254814,0.38060721370675615,0.5225857760371463,0.6518775964545086,,,,0
2016-01-10,0.019175880951270204,0.019881961134506788,0.018192852456343143,0.019693553383810354,0.1258784547415203,0.1781337988624526,0.1746554942953514,0.09560869104509664,0.48990868033411833,0.021137994437084147,0.02444752257274812,0.02185376742375385,0.02104929994766327,0.021137994437084147,0.022595199663210108,0.15443041796973533,0.5495288479297944,0.04419365658220294,0.11510311366639303,0.16076943861970105,0.3062179815916946,0.692253841857197,0.24530499688093282,0.3328913500194148,0.3782001014833815,,,,0
2016-01-17,0.01959711062793724,0.018636643500464015,0.01901236454093946,0.020371319827796,0.13596858517942095,0.19505653349946833,0.17351270980464945,0.09401057830717663,0.49029986639455686,0.02095593554910732,0.024058482849692198,0.021392624569532382,0.021132021042452542,0.02095593554910732,0.022095961296729534,0.1643688119023747,0.5809527070782494,0.04487861965546954,0.09096093151418336,0.15237357466785773,0.2862343776609637,0.6401674098058979,0.28454102122631975,0.4730199316468988,0.5473959373809645,,,,1
2016-01-24,0.018829261573921965,0.019635270705781943,0.01790895871445678,0.018590001344344357,0.12526152956617342,0.17451957149431638,0.17223897419249334,0.09242157906406422,0.4903693668518389,0.02081829813700893,0.023737756541555067,0.020895195444737658,0.02125973421522019,0.02081829813700893,0.021639021061978427,0.17438763834593182,0.5234715111407575,0.044654151583682654,0.10208154804554236,0.15772317388416807,0.30066724435101116,0.6167501998303127,0.46735890829851284,0.6053116317038385,0.7216545467485962,,,,0
2016-01-31,0.021867631962620288,0.0189781081286573,0.019474512590237934,0.020194800398612857,0.12393420655725976,0.29514240325906244,0.17386141928070345,0.09154589651209158,0.4958091939728014,0.020926640247285334,0.023469571966834853,0.02076250940460388,0.021202982782081287,0.020926640247285334,0.021945294668840345,0.1681577204197788,0.5036305592809,0.04327770016140196,0.12641384867435826,0.1644358195805133,0.3028511620129254,0.5871700059452585,0.5347611803379706,0.6176940299691811,0.658250012594749,,,,1
2016-02-07,0.022545666806506555,0.0215388776900713,0.020649989986131285,0.02217413305612643,0.12796481768683818,0.31985724604763044,0.17588384388471123,0.09133837362391276,0.5009046489164264,0.020881095025843156,0.023224072270912128,0.02071328334561706,0.02117978432459829,0.020881095025843156,0.02187394994679892,0.16898978307835097,0.5117860963519664,0.04156083153674394,0.11995058188635926,0.1523172183401432,0.2692102427330008,0.577744354405433,0.37500727599289596,0.4385827454517318,0.478278522246331,,,,1
2016-02-14,0.019480165399874124,0.02243907660827853,0.020546310603435505,0.020161370021668183,0.13945369453535875,0.2279724307841151,0.1752614796409831,0.09102063644019254,0.5000641432596111,0.020694296228746772,0.022936703165413384,0.020348542666527282,0.021237242335846562,0.020694296228746772,0.02139516201999949,0.17821489099904633,0.5336268872894716,0.04212630359085076,0.11329721475072099,0.1492427631519767,0.2482638101680852,0.6375296520674013,0.37343111136431356,0.5231419241623464,0.5362387705279751,,,,0
2016-02-21,0.02143053957719912,0.01945892082442511,0.019426972383065587,0.01973171505883058,0.12436405619709387,0.29995328258368115,0.1765067716659669,0.09107002181776926,0.5028638580152958,0.020624043505396,0.022778014038876717,0.02022226289996183,0.02122321667064633,0.020624043505396,0.021258570013777536,0.18033988548586852,0.46920918953592033,0.04322698964901093,0.10997051305393489,0.15991374655441148,0.2759018439785681,0.6515677267093175,0.3896444714676122,0.6580824332357972,0.7989162787865246,,,,1
2016-02-28,0.023226606090023864,0.021689100239976198,0.021815389598735285,0.023643132980645996,0.13741275692983698,0.36114244571933535,0.17908015103018668,0.09173686406668137,0.5075726482012477,0.020406062321040638,0.022740747673913302,0.020295615483781674,0.020827173472981908,0.020406062321040638,0.02126482615076426,0.1735043386922906,0.518025075027848,0.04201184615384942,0.1298355461580631,0.1660082913847765,0.2841333164026445,0.5908042214068907,0.5085911122619895,0.6114167547118006,0.6903930309674602,,,,1
2016-03-06,0.025349774375023382,0.022675276557962722,0.023223099551296533,0.024455092165495664,0.1247113997362973,0.4274926956915843,0.18292119219230213,0.09320670020155886,0.5136963629174442,0.020340325688977513,0.022625120011138988,0.02058375478776755,0.020678439626409,0.020340325688977513,0.02130245731094283,0.17031611765715615,0.4674646226532864,0.04151220656752249,0.16424294766415604,0.17646584332193738,0.30456380580063497,0.6092830530004679,0.5727653800318837,0.6515869916629741,0.7529301708304237,,,,1
2016-03-13,0.027404421945177063,0.02514773647931578,0.025224608209324616,0.027037205559950307,0.1406406484226773,0.4858510024373318,0.18765791953366665,0.09553728026457842,0.520260485449092,0.020302455463479512,0.022592184767534263,0.02105906769492605,0.020556516821662034,0.020302455463479512,0.021368347093297043,0.16709200097024615,0.5181139480592808,0.04095118838526933,0.18011594598372768,0.18093556616137021,0.3050212167908919,0.6075738914007491,0.476062197373561,0.5941212610935149,0.6495350218666378,,,,1
2016-03-20,0.030748778199777962,0.026883609120310743,0.028272648186750182,0.028239046481166114,0.1375145213755025,0.5684696643622201,0.1940536102030218,0.09896087466562525,0.5285959262336062,0.02048221532945495,0.022591077556589737,0.021838442929524617,0.021236132321871215,0.02048221532945495,0.020932512760223402,0.1862137972978903,0.49238582234938094,0.039504747548145314,0.1878148469024149,0.18645027737488343,0.31288596459053614,0.5837701783770828,0.43887317461422115,0.6031487201687068,0.6866126025932885,,,,1
2016-03-27,0.0292593391647664,0.03022939434504072,0.028813674556609194,0.029850376597670123,0.13732478162814923,0.5129182177207264,0.19788624114583983,0.10263406229357376,0.5304993500869564,0.020453036748166648,0.022563030425579122,0.022388014605121204,0.021123020696752523,0.020453036748166648,0.021006669101389007,0.18300941111194416,0.49276682017460355,0.04048949861499078,0.18059117872385888,0.18370398166671886,0.30635006406930776,0.6493147098006457,0.3768241028607769,0.5285591057232057,0.6149201600582297,,,,0
2016-04-03,0.030200641124400126,0.02902921595262819,0.0287419800611091,0.030562619162655714,0.10816467332336971,0.5364787855359324,0.20157291999681462,0.10647134455587369,0.5317507527997162,0.020477479766312718,0.02256176215852768,0.022983568548167955,0.021223091723640525,0.020477479766312718,0.020938061402658387,0.1858966344407952,0.38589428280254456,0.038752474452785464,0.17317744645559752,0.19112133952379615,0.3026230662279706,0.5757383594051719,0.37546849088039,0.6199502808226013,0.6286256285835636,,,,1
2016-04-10,0.0303345776107387,0.03021712408127026,0.029139238223522605,0.030572942415731132,0.1251657516784217,0.5399383904454718,0.20447022146010513,0.11024746947864428,0.5312843605810145,0.02057006522539457,0.022495430543651777,0.023536393223160576,0.0215717193604252,0.02057006522539457,0.02071530337983335,0.19565757845843962,0.4401133251260189,0.04014316412572217,0.19484837847539774,0.18605160489696917,0.2912942019418499,0.6607108190004425,0.49920259283211693,0.5082762431804367,0.5903230965785583,,,,1
2016-04-17,0.033217150878715726,0.030093500917936312,0.03135965092869596,0.031915225288855265,0.154600023922933,0.6105971369099007,0.20887111286415438,0.11434121107112681,0.5337065382693117,0.02107535524514119,0.022530808714965853,0.024337663233222995,0.02309693220445091,0.02107535524514119,0.019960063665819674,0.23423492455224285,0.5382919057368944,0.03972951254472244,0.20587394483293714,0.1927219772031404,0.31950863649647443,0.6113164002373429,0.4511279878631002,0.6128791464253643,0.791543610619989,,,,1
2016-04-24,0.03345686167145958,0.03248158207834126,0.03199065111552962,0.034468638348979855,0.1307112259177673,0.6161477256367182,0.21232774450820166,0.11845885599695227,0.5338888275702848,0.021663470590193547,0.02256928665204447,0.025087660481408314,0.024507964443586713,0.021663470590193547,0.019525333383014393,0.26482881236875105,0.45218287611125135,0.03917353501426558,0.22497861280444223,0.19490652837303926,0.340665322801264,0.6073959880745069,0.4817119831154048,0.5723887139376884,0.7508259982174146,,,,1
2016-05-01,0.03298673200132008,0.032849640482191106,0.031235193348774684,0.03424656969659356,0.10612442904642466,0.5942488235370265,0.21444863003806655,0.1222699977243148,0.5315514023671869,0.022428787883142554,0.022519751210773594,0.025717122659426706,0.025512604813357747,0.022428787883142554,0.01997409015501918,0.27303700760290306,0.36925069699282725,0.038580788297283446,0.25368311265515925,0.1896153254212949,0.31868052172065214,0.6062906839276476,0.5144466215609761,0.5067374898437947,0.5429473071322289,,,,0
2016-05-08,0.02645448686813905,0.03253898856115674,0.030440476171401474,0.027092791099625403,0.14831520450208358,0.34978558920456865,0.210745826142779,0.12441624801099913,0.5188547674433809,0.022729254164865025,0.02235799484835381,0.025604319200662785,0.02560825713804583,0.022729254164865025,0.020514773678657623,0.2651503971627119,0.515757428906798,0.042048912265164926,0.22744984480788472,0.1879723651966718,0.30757250087742105,0.7179918542974972,0.314135341415335,0.5385438834719047,0.592791037637526,,,,0
2016-05-15,0.02592915565897652,0.02672308796501443,0.02528324836006088,0.02744981131848094,0.11451226537617107,0.33397923781524375,0.20723221415711854,0.12527670601990537,0.5090491820821231,0.02291331127112744,0.022245466951344054,0.025447386165301785,0.025687452109883845,0.02291331127112744,0.02082084794210791,0.26111020542650876,0.39460284237296966,0.043043447710812734,0.2508316799564383,0.18585228094678827,0.31302401580984895,0.648787525641896,0.49393630459763543,0.5342322938507131,0.6744252539878027,,,,0
2016-05-22,0.02456756352583057,0.025719397340280774,0.023851484104062223,0.026234140888659503,0.08605462913869036,0.2930583394988428,0.20325120114254902,0.12499458799647256,0.5003357786728351,0.023148829094816182,0.022123957089353528,0.025163175862883094,0.02560773160725459,0.023148829094816182,0.02143338632184341,0.2492977530161455,0.2935943141379798,0.043829230889643016,0.2592909460077486,0.18700194511665416,0.310600193239617,0.643033870294933,0.43654125000497757,0.5634359012117272,0.6352591370170471,,,,0
2016-05-29,0.026136115600890707,0.02438342882494487,0.025473443368083368,0.026144361213016228,0.11626651337493277,0.3469224995629458,0.20124673479987207,0.12428024825804869,0.49703961101451166,0.0235259919425447,0.02206949436685576,0.025069874200426598,0.025457685796767538,0.0235259919425447,0.02244162043148519,0.2297065024917048,0.39944514543164344,0.04233297738413657,0.26499381140519057,0.19641254247554055,0.33493578002966207,0.5837377480494014,0.4264004547298174,0.6372291110392279,0.768018478179447,,,,1
2016-06-05,0.026239924970819763,0.025708258421295458,0.02469458336090871,0.0261691783160649,0.09432728845827423,0.3505072423479731,0.19966525790095713,0.12332324677874368,0.4951890473929653,0.023885954343328138,0.02197562919477108,0.024996301678354184,0.025277087475041628,0.023885954343328138,0.02344949610683898,0.20981663688900776,0.328836973732894,0.04264521500999212,0.2680353444515508,0.19642660083552865,0.3229056848638519,0.6307239219959351,0.41700956087749247,0.5532563675143533,0.5896889650909606,,,,1
2016-06-12,0.025064629438859887,0.02624480180385857,0.02498742646854802,0.026632638529397137,0.09889021756023222,0.3105709057125277,0.197430324705159,0.12201281746690096,0.4924937700601588,0.02422383793762667,0.021830775358752393,0.024806972153012533,0.024880558115054043,0.02422383793762667,0.024672500062034447,0.18305876778040517,0.3486292013379947,0.041057338997781696,0.2765896788056477,0.19581053990639982,0.30525059617621225,0.580807257324504,0.4357725348217029,0.5477510188191866,0.5612473501938924,,,,0
2016-06-19,0.02369730289926291,0.024322361769625146,0.022373102144827437,0.024689855287365524,0.09582383995086008,0.2659382540812328,0.19455833194602729,0.1202643446163895,0.4891532045702292,0.024322984580751394,0.02170489733117083,0.024492851760917245,0.024781930190250965,0.024322984580751394,0.02500974415429821,0.17589339395740983,0.34162818212105195,0.04209487198091203,0.26356807692686307,0.19080723840378236,0.291892295532169,0.6502410287263466,0.362866475217665,0.5093559381950674,0.580399269105441,,,,0
2016-06-26,0.02363676223255521,0.024301668379169,0.023990864903226838,0.02406956544076955,0.09823968178636884,0.2639435649720735,0.19224453175540399,0.11830151214871606,0.4875184758816102,0.024382109118751633,0.021543356064293705,0.02420232390292693,0.024727600199790745,0.024382109118751633,0.0252053824338787,0.17179155875664967,0.3546816792430586,0.040154136203685485,0.256344445006241,0.18399996913059416,0.2870158335634989,0.5712201559102437,0.38164300777592736,0.4928570739599978,0.6223271100470129,,,,0
2016-07-03,0.026064031648469908,0.02337665374801819,0.023619148232969057,0.024888917375673118,0.10865859426644922,0.3623241122788798,0.1923449948160184,0.11675573688481002,0.49069899740343453,0.024738877226206085,0.021438117914554217,0.02419300251888353,0.024268480940939044,0.024738877226206085,0.026546062102429633,0.14242706916473458,0.39778545355908446,0.04067630672588167,0.2699363116700094,0.19719573076117122,0.3014059563613742,0.6366084214467341,0.4541591158839752,0.6719172953102113,0.721341869438357,,,,1
2016-07-10,0.026127293437119902,0.02586961961213415,0.024025271265213297,0.02751023139069571,0.022185753201654022,0.3647748347549986,0.19248233217366909,0.11555259653593285,0.4933119668271339,0.024993386039495063,0.021423051268442093,0.024191176810538603,0.023989055280948333,0.024993386039495063,0.02744378834808288,0.12336908164191279,0.08208449505010447,0.04219272283857328,0.24066151077637465,0.20262181532063359,0.29178055812034953,0.6632274666710938,0.3069587280421459,0.6004550535721874,0.5987903581089474,,,,1
2016-07-17,0.030638025672387728,0.026343226109773,0.02816263436306794,0.02843469520993999,0.11581524093790806,0.516583570831719,0.19613402893363657,0.11548028854345287,0.5019358117448266,0.025394997803481745,0.021486478695167198,0.024660687432968075,0.024171742521660777,0.025394997803481745,0.028099582400428574,0.11587746735956635,0.44760362469615683,0.040735020068333565,0.24874061239034037,0.20903247663031138,0.3205161344233796,0.5840258135220622,0.4358489392798122,0.6083342483975325,0.7940959950224987,,,,1
2016-07-24,0.02023196842744653,0.02833786844434237,0.026563609268395873,0.020669349133106463,0.1781539512644076,0.21129663212081332,0.19080203378293292,0.11412261764283457,0.4921335008010054,0.025117672919698516,0.021340974394294557,0.02399853207904873,0.024688448904173235,0.025117672919698516,0.026862457743902026,0.1441495940157037,0.6744259642958473,0.046084572621409206,0.23049137785424495,0.21170828391811605,0.3258105366710665,0.766086239983322,0.3415602574191488,0.575834924225603,0.6731254248200762,,,,0
2016-07-31,0.023673838235103682,0.02053350887570104,0.02172858922437709,0.022534189282710226,0.11845720291415912,0.3088416701616585,0.18934974924294776,0.11268244552239594,0.49150433793594744,0.024915519163882578,0.021299565979609927,0.023758955009854688,0.02471548325225418,0.024915519163882578,0.02638719186066609,0.15228265680452335,0.4516109328696992,0.04448899070392816,0.19979087874021664,0.21142038246898914,0.33830003240770024,0.5821906971178716,0.29262177980732484,0.5507059216741068,0.7078139583082839,,,,1
2016-08-07,0.024293492123802763,0.024097219660743678,0.02258538865484046,0.024188226028739556,0.11577381015615552,0.3254786323288647,0.18874091893315711,0.11138188823175053,0.4925690551184154,0.02456571858935026,0.021348901196141107,0.02360691991585464,0.02435713779989392,0.02456571858935026,0.02605905467474278,0.1517906832408809,0.44555436647983016,0.0444682342471625,0.2169945794932631,0.21328680180027623,0.3402525811037275,0.6219630695162138,0.4752536057743177,0.5688817249470923,0.6565389051405425,,,,1
2016-08-14,0.02632355220895366,0.025207672059021514,0.024937920013857133,0.026876492385897472,0.12969598171537267,0.3793178564307295,0.18990568027348473,0.1106253858935073,0.49671807465228096,0.024406633468758977,0.021426931884136458,0.023681411543669467,0.02415252096689991,0.024406633468758977,0.025960629010553155,0.15005535014066135,0.5012494753219052,0.04298088141572552,0.24265754629761987,0.21352436842203315,0.3630062588032923,0.5842441852336739,0.5048445001923786,0.5551295266777343,0.7552530905552614,,,,1
2016-08-21,0.026245647919915238,0.026430514034275727,0.024634728996520295,0.027154347682007734,0.09002661704947403,0.37715954716247296,0.1907939869058539,0.1102367338691756,0.49952333932493703,0.024192319357979417,0.021539953438694096,0.0237406713432673,0.023807721824151928,0.024192319357979417,0.025912390976822606,0.1451925399708931,0.34968982982345415,0.04200829012600435,0.27982131219964723,0.2134881411097561,0.3518949647791291,0.5970591644082304,0.5407113621879185,0.5528293249450965,0.5962040505104,,,,0
2016-08-28,0.025282760302431907,0.02549050927646779,0.023936791135124466,0.02510833919176767,0.10833856505762139,0.34948649825880895,0.19076170459765066,0.10991794252474853,0.5000561041206503,0.023918570282248298,0.02166544655147434,0.02369371022460984,0.023390490186650074,0.023918570282248298,0.025822484413209758,0.13978919413357946,0.4247377218758334,0.04220517954048782,0.27069667680263254,0.21050226342053563,0.35474783077153976,0.627704021187044,0.37614508455054185,0.5280582289962367,0.660558464496777,,,,0
2016-09-04,0.02506181665807322,0.024583285969068492,0.022708644400065058,0.025692927808950015,0.06864341701531101,0.34293717918435596,0.19059025140522592,0.10962111288807815,0.5002235863833837,0.02347664709521851,0.021704283512224143,0.02362814322297165,0.022276212043516524,0.02347664709521851,0.026215025846333246,0.11481856518117116,0.2787149338060243,0.043026247281892145,0.241326880122079,0.2127049036690206,0.3610603206491475,0.6441628752345322,0.3067956679579943,0.571757710875439,0.6765842486132259,,,,0
2016-09-11,0.025220621334625472,0.0251320013936542,0.02393772590614,0.026914469519947005,0.09301136137794658,0.34820099679081495,0.19060945633706391,0.10938833092363202,0.5007120205792012,0.02303033974835537,0.02175743441746183,0.023585408426051974,0.020856144341407323,0.02303033974835537,0.02697103544705539,0.07844201366990383,0.385731295492025,0.04279110405693219,0.2525425105693237,0.2022010476230877,0.35380611736336803,0.6163499035634477,0.4471616240053895,0.46476507264113315,0.6138292261254064,,,,1
2016-09-18,0.024250882218525335,0.02495303056740479,0.022969603626741115,0.025957615136506348,0.020023866713554307,0.3164756644581975,0.18989298489551984,0.10902744518984679,0.49973508793847615,0.022556959446214685,0.02179275390221426,0.023445450817923794,0.01918800703293538,0.022556959446214685,0.027970455546348194,0.03339594065864181,0.08392162227975924,0.043176880055838265,0.23125177924480197,0.20448621929262167,0.3342693988998967,0.6326084046583261,0.3313600184832226,0.5728299431485889,0.5563137538449802,,,,0
2016-09-25,0.027757520457086845,0.024363289555769323,0.025609655345582065,0.026432629159035898,0.12429416726878588,0.43175018226389705,0.19211799255922746,0.1092811451022627,0.5044219818635531,0.02262756853970556,0.021804533702549724,0.02368510367499663,0.019374201781292903,0.02262756853970556,0.02789778274040166,0.03782710874828637,0.5452957486608061,0.04245662535035977,0.2323923450727036,0.20962641776225613,0.35732408088517853,0.6037008732516326,0.41077832483762017,0.5972029909936227,0.7576514768092785,,,,1
2016-10-02,0.024690231702989163,0.024111830274128866,0.023530765709021382,0.026088201907768248,0.12340258543289132,0.3331988533759688,0.19146794132577521,0.10932563667280511,0.5028265373349294,0.022560433434226788,0.021761130608644624,0.023581542939276955,0.019312830926947105,0.022560433434226788,0.027825772288787833,0.037907105943621934,0.5389462372805921,0.04409521187496121,0.26252257940174806,0.21034722821982774,0.3497037947751496,0.665610694112166,0.5178806584237439,0.5592405146919707,0.611955189440311,,,,0
2016-10-09,0.026086465150629953,0.024749243460709325,0.024228423142571825,0.02640687410255177,0.13091015138890358,0.37698024195298974,0.19207237880444364,0.10950857864680075,0.5038823744812742,0.022642740036096894,0.0217143862312021,0.023633686812992553,0.01938887150933095,0.022642740036096894,0.02791307894470593,0.03783874334636129,0.5593638432080167,0.045432822706822806,0.28980134477413766,0.20742176215447217,0.34837892665786696,0.6570426046047295,0.5008321777464083,0.5283888042086101,0.6410407512658375,,,,1
2016-10-16,0.025690573415754,0.02603491721835769,0.024135651634534263,0.02652780511689784,0.14370862033583248,0.3641023215479125,0.1922476758270071,0.10969766582935359,0.5039292384795355,0.02261859689038578,0.021674037361227548,0.02363951226611373,0.019353809434229992,0.02261859689038578,0.027903032473878542,0.0373856437572916,0.6062327051437789,0.04661119701545906,0.2899914451217769,0.20324195612346524,0.35426218057324116,0.6524788103438621,0.40717372266375956,0.517540592462018,0.674841757749484,,,,0
2016-10-23,0.02690087116890843,0.025212266156264453,0.025100887842314654,0.026886438127247995,0.1266529485143733,0.4037234712618121,0.19334408513426846,0.1101162163298977,0.5056791495582745,0.022654412399893072,0.021606894358165787,0.023771202934130205,0.019427710722684535,0.022654412399893072,0.027891233012255934,0.03886912382140307,0.5256474083483921,0.045952031050754405,0.28837561029581016,0.20488889791158146,0.36282886523277597,0.6059415022789839,0.40127914435558215,0.5672944898248257,0.6870895833632236,,,,1
2016-10-30,0.026421443854742946,0.02692014026397295,0.025799663161520298,0.027909392642272043,0.1076414038168316,0.386338031813174,0.1938248418104885,0.11056825475692843,0.5059345319613353,0.02272793578160283,0.021529757644422675,0.023840273700077554,0.019518481120379263,0.02272793578160283,0.027941352983640505,0.03965330971358032,0.4443677478061449,0.04748208449488367,0.26870067753932125,0.20191914309675293,0.3618732889406565,0.6612039926760204,0.34212574652438976,0.5276961463680516,0.6428531785153405,,,,0
2016-11-06,0.02260545128774819,0.02628039043269846,0.024556042170182736,0.024279896412120406,0.11798705223101474,0.26247991642271773,0.19120174048177258,0.11029043041765331,0.5003685227538583,0.022668770267245023,0.021390218128832603,0.023504171939378326,0.01958660430411106,0.022668770267245023,0.027728797500394337,0.04425474497832582,0.48233057447773064,0.04759476038314355,0.22944588032912994,0.193617927299305,0.33314952176098933,0.6252999669557694,0.27265704648795214,0.48153638132615156,0.5150885965844783,,,,0
2016-11-13,0.02345674999088639,0.02313595962270622,0.02283218124214479,0.024535968766501413,0.1428879656613938,0.29395785015413484,0.1898361191234692,0.10973526214603078,0.4982534691405648,0.022659015721154044,0.021380120189755585,0.02328900112839973,0.019593747289678713,0.022659015721154044,0.02769874154383007,0.04486248882230584,0.572847498378185,0.05152664552519742,0.23191711233257242,0.20957809829418514,0.3600173311721354,0.7201964383315821,0.415746030383601,0.6935102423707171,0.7761260736324742,,,,1
2016-11-20,0.02389300026067489,0.02331914530532241,0.021597688315785273,0.024330750183516107,0.11329329871355343,0.3104024561417747,0.1891458472325866,0.10912285424740925,0.49781695380423424,0.022541371356854707,0.021410003333830214,0.02313989070934162,0.019521783837240306,0.022541371356854707,0.027529146729817242,0.04633417221882616,0.45251194659305405,0.055303154166299134,0.24161201251457093,0.21309145941358845,0.35979449814867925,0.7125042966603999,0.4424135972754783,0.5829033611872508,0.646215773195659,,,,1
2016-11-27,0.02269583836565452,0.023771963457124026,0.022000361643270697,0.023819555247261988,0.11319621863507383,0.27093451851208583,0.18771188660430063,0.10828335949990066,0.49608516592553514,0.022355426854728334,0.02149882823314062,0.022879933350970553,0.01947678512354274,0.022355426854728334,0.027177224025948663,0.05122749520908132,0.4339497874095838,0.05794041894433608,0.24522384660384894,0.21942362002081522,0.36207564853828245,0.6829802091292274,0.41962207128822043,0.6063588389748226,0.6577701883982998,,,,0
2016-12-04,0.021782973562487203,0.02294696798700753,0.021177309689064346,0.021963710429009957,0.11812199438476564,0.2415282438050153,0.1859345081181045,0.10717847746501162,0.4940612949277264,0.021875587188584802,0.02151907005145375,0.022549381774059803,0.01843736739233338,0.021875587188584802,0.027395480556306376,0.029392049460564833,0.45252525405285315,0.058929022963816864,0.3138484767525277,0.21511492930488244,0.3498569282987575,0.6445874336578472,0.6528667665824127,0.5174312309637756,0.5910428123378633,,,,0
2016-12-11,0.02397587704202049,0.02113851180654234,0.02222663680766843,0.023120100026994668,0.12069597496615331,0.33117796820217776,0.18634339933683172,0.10639425062742694,0.4965066447428087,0.022078462997489466,0.021552522852111105,0.02247936807596248,0.018035200872652504,0.022078462997489466,0.02832998355979729,0.007225597564085057,0.47448513093319955,0.0575341834134546,0.3126128788797734,0.2287214555691677,0.39522238167747764,0.5916257757661871,0.40270605725812897,0.666979509563498,0.8595954862747468,,,,1
2016-12-18,0.02572389140568322,0.023272321731293455,0.023574493582799148,0.02491448799830806,0.11101666458628794,0.39526066015143957,0.1881117053675827,0.10619794372682802,0.5009901832018054,0.022189551765431054,0.02168005844312128,0.02259860883261127,0.01811225256112579,0.022189551765431054,0.028479028046830904,0.006222524853050164,0.4376268446757322,0.059236219937876124,0.3209770766282971,0.22842750804214382,0.40839141544762336,0.6606803178458756,0.4326567831541558,0.5507476329495502,0.7050888607944445,,,,1
2016-12-25,0.025144315346685788,0.025514673312174285,0.02385353575377876,0.026784629969833884,0.08777682212894017,0.3730264672365632,0.18909998360030061,0.10628181895551544,0.5031268811995285,0.022235656376239487,0.021818390369846945,0.02264595449092519,0.018141232678533393,0.022235656376239487,0.028544543069586457,0.005695316156244201,0.3497415934847895,0.05919708242266677,0.32050184388816594,0.22957916299375628,0.411409288267023,0.6216331271775575,0.40509351044585146,0.562487291151579,0.6602668404347608,,,,0
2017-01-01,0.026239174514031467,0.024900864037165616,0.024010537487960986,0.026434813331636577,0.06170246240046837,0.4138122374938785,0.19077870563658256,0.10675815507753002,0.5061198287051123,0.02223108409767365,0.021972335179142998,0.022803153077043774,0.018129749013497422,0.02223108409767365,0.02854854951353812,0.0054266679530864635,0.2527745396818036,0.05952977958049773,0.3297215113300333,0.2245537416939547,0.4134551547096244,0.6298411382178223,0.4348936530498336,0.5124201352145027,0.6560369037798665,,,,1
2017-01-08,0.025270460831252742,0.025669950457638965,0.023634995119216955,0.02562275470556454,0.10357819920527814,0.3739947519156482,0.19136130088157177,0.10728124803095608,0.5064764011542947,0.022178240428179247,0.022121624497691072,0.02284419468763379,0.018028527119852717,0.022178240428179247,0.028556424588791752,0.003494371330870824,0.4239488778374626,0.06173323017034978,0.3389411425139667,0.232234816688571,0.42120688149708363,0.670983300709378,0.43440377962595933,0.6160554487670282,0.680470496261783,,,,0
2017-01-15,0.029416831974108576,0.024620750384378266,0.027059508046082755,0.026550442764538572,0.1657147884142065,0.5141152213951745,0.1950889447795912,0.1086084409415771,0.5126085508844861,0.02240225848545673,0.022296594232405535,0.023314431180557087,0.018821922540840832,0.02240225848545673,0.02807861068692075,0.025216302093465526,0.6624858162646692,0.06681859035648656,0.3232582445420343,0.23176366500855028,0.4231896589817192,0.7320841469028012,0.359982750582122,0.5493386161216016,0.6556562137344093,,,,1
2017-01-22,0.03086497297105278,0.02918693277478356,0.0286216110904643,0.031009512451687038,0.1575933063992591,0.5547061296777481,0.19912263344233525,0.11065352087855196,0.5180832318561407,0.022716721297559833,0.022489412913908727,0.023891146860882048,0.019896353865872424,0.022716721297559833,0.02745581641422642,0.05404392435017493,0.6051840208556968,0.06870416881910628,0.3236384452373128,0.2310932385334535,0.42325210613950226,0.6612785128306414,0.40771561953957736,0.547727989917852,0.647507981572857,,,,1
2017-01-29,0.031578479787711014,0.030841795058199,0.02951692600960947,0.032398012401694654,0.14206494240760417,0.5742400772496157,0.20277414367238125,0.11317974364281369,0.5217524769942986,0.023061242440931263,0.02276981863315191,0.024487465630827678,0.020965881810531405,0.023061242440931263,0.026904767656631284,0.08139485070453847,0.5336682296059543,0.06967676717846533,0.3239235776298047,0.23580052799464327,0.4353538262057091,0.642168355228459,0.4074242858733874,0.5911433306323631,0.6984513010987374,,,,1
2017-02-05,0.03586038571800416,0.031067125393885803,0.033350162005116986,0.03319283312385471,0.17859292327820558,0.675339544675945,0.20888241315937497,0.11668978516878241,0.5292551809805095,0.023690340972949354,0.02310426285868375,0.025474252847599785,0.023115327965468783,0.023690340972949354,0.025658845539539166,0.13791559140353635,0.6288199718196767,0.06596163713328984,0.3361847781180323,0.23635018037711503,0.4246559156792651,0.5479938257354788,0.44399873066979345,0.5575265756160817,0.6026818071664318,,,,1
2017-02-12,0.03500045389746167,0.036173036018272355,0.03442074453865755,0.036248632200776204,0.17268630579737562,0.6354904960512718,0.21281443180765724,0.12045635905869245,0.5312115234131292,0.024082822769871077,0.023377148333210963,0.026277237310577385,0.024450295059875022,0.024082822769871077,0.02488889499434881,0.17250762950923593,0.5962556587242055,0.06446983749963706,0.3351392443349834,0.24011123406987506,0.4256732331489666,0.5915766557538003,0.403432465944075,0.5831576494440422,0.6515405352097855,,,,0
2017-02-19,0.036274208214310384,0.03487078301288531,0.03391785367518395,0.03684277963537223,0.13376154082853947,0.6639677570387964,0.21666951559835848,0.1244094037939478,0.5326335694333298,0.02471053803939414,0.02363034672348503,0.027136795352551504,0.026008803665529004,0.02471053803939414,0.024360884188585234,0.20630289791563525,0.4591597885008025,0.06397167546762349,0.32667997828367307,0.24717015290236072,0.431591336814265,0.6120305083840714,0.38125607107542653,0.6090296874336795,0.6722066876438618,,,,1
2017-02-26,0.0357374311069569,0.03648836923568695,0.03446316715687716,0.03680717668201272,0.11779545774173288,0.6376137615339743,0.21900084501229097,0.12814016701299508,0.5309384275203809,0.02523350687401782,0.023823483002851184,0.02785842239485242,0.027206462568849774,0.02523350687401782,0.02404393567808378,0.23044190751651722,0.40603262223506126,0.06103314514169431,0.3283908451544924,0.250427858321421,0.4346808987140795,0.56047614526227,0.41175085845845616,0.5785450583112406,0.6601758888005417,,,,0
2017-03-05,0.03711113939359328,0.03551249969963978,0.03489203368489153,0.036596846406264455,0.13994178377563807,0.6700851221989529,0.22160969591726856,0.13176075872561213,0.5300982481777682,0.025852367214754788,0.023970945071486973,0.028654811899074244,0.028548115544633514,0.025852367214754788,0.02376111314671347,0.25591464730762903,0.48376672255297903,0.06573183148491642,0.32753541171908274,0.25360499852362645,0.44935822709374235,0.7244214461304055,0.40396245698810995,0.5777472283659307,0.7084348426337249,,,,1
2017-03-12,0.03700723836481985,0.03705638063632998,0.036192156340152305,0.037926066554647406,0.13001364586428393,0.6645335714294119,0.22324772971353218,0.13505654912636694,0.5276212796627469,0.026400013439872774,0.024150520107989477,0.029364501941976193,0.029690572816868967,0.026400013439872774,0.02356550074799157,0.27655105123445906,0.4485918940444195,0.06711066537515695,0.28447864381404026,0.2514869050554895,0.4451402521125896,0.6511349094526208,0.2759515273870121,0.5368330616854878,0.6299851254242794,,,,0
2017-03-19,0.03783318766881142,0.03657443615372255,0.03563826341635873,0.038184119690347455,0.11677560308027472,0.6850192718018215,0.22483553290837005,0.1380802533489567,0.5255463222285445,0.027018395723104726,0.024327421586561933,0.030092875877899043,0.03086431146000092,0.027018395723104726,0.023486486042183976,0.29544128359369853,0.4010935585209795,0.0628063446408444,0.28818550994817094,0.252624452492009,0.4538193159841266,0.5341985172084077,0.41878835619487287,0.5619267168118048,0.6829461666807686,,,,1
2017-03-26,0.037731165646347625,0.037240320742085144,0.03624734571347775,0.038521538621985596,0.1266181307498577,0.678909927461836,0.2256383121077133,0.14069491684438232,0.5224269351893175,0.027838031523993795,0.024498854194575134,0.030741224294743942,0.03170820041497696,0.027838031523993795,0.024250199206242735,0.29529423089381285,0.43371925894939034,0.0629486776599394,0.2790609108090902,0.24572455042372437,0.4517839108845043,0.6255333932420067,0.37666218364219806,0.49992436783039446,0.6389622366739306,,,,0
2017-04-02,0.036384021238545804,0.03726756946844173,0.0352155509789773,0.03808704848891614,0.11344839314867665,0.5987402148758544,0.22484065867999306,0.1425921970750626,0.5169560959559746,0.02853853756762154,0.024572253556877283,0.03118711109056338,0.032217205952090926,0.02853853756762154,0.025161827361356148,0.2878516537565443,0.3928045401614665,0.06358323421524309,0.2983556791282345,0.24949764711717354,0.46812202559710925,0.6360169099289046,0.47095428581635823,0.582655488589414,0.7138894968806866,,,,0
2017-04-09,0.03596156562483529,0.03607798254777011,0.03398432857694209,0.03730965542024391,0.09821609805645687,0.5742156128162871,0.2235231963598808,0.14378885258599636,0.5116130591261421,0.02919251185295584,0.02463030571943669,0.03154640544572632,0.03255952732395226,0.02919251185295584,0.0261750034683646,0.27646692775553267,0.34164614477101096,0.06509371890176767,0.321262245278723,0.2480520446385372,0.46235108671371894,0.6544913485869988,0.48007173459486463,0.5419123776977741,0.6241784298577461,,,,0
2017-04-16,0.03743176203120651,0.03583944784133606,0.036559678278649636,0.03800390632400965,0.1311226442796505,0.622174962232128,0.2232974219404577,0.14469113809935003,0.5093681629722684,0.029991025583223946,0.02473332931451211,0.03202504867422712,0.03282550002081021,0.029991025583223946,0.027597556340617266,0.2576475495267453,0.45404125724225347,0.06398264754558682,0.32744034341629613,0.24269841470362888,0.4547236124416431,0.5992859858856331,0.42551657134921556,0.5114505420010861,0.6165392568044465,,,,1
2017-04-23,0.039647001625377695,0.03768020778502642,0.037564070891711696,0.03925546654642489,0.13812443231809088,0.6852544851696214,0.22451368178580128,0.14570946422031392,0.510253100689627,0.030959045777265753,0.02503909559488326,0.03268949669833599,0.03306387288887302,0.030959045777265753,0.029424637249420266,0.23247928096003603,0.4746927073499681,0.06318293011052863,0.29008647716662955,0.24667285070655792,0.4507521529106906,0.6056196369241105,0.29322951763235977,0.5844315221739879,0.6311033452473607,,,,1
2017-04-30,0.0417413489325,0.03973000965463604,0.03969647501724508,0.041829709187570056,0.14790954745431256,0.7359067486217481,0.22675109457888656,0.14706955771739894,0.512859454171575,0.03192172538603723,0.025405578832592153,0.03350942618238918,0.03371695758236637,0.03192172538603723,0.0307340895646753,0.22179498959759292,0.5031623542935773,0.06088488069643229,0.287900377555679,0.25382241155239343,0.4763462456791204,0.5736397736643658,0.3994192466625014,0.6089618769659696,0.7517821444602472,,,,1
2017-05-07,0.04105909205309484,0.04167239164032198,0.03984778982375608,0.04204667159381433,0.10630921694957762,0.6937749300081925,0.22758606489405836,0.14836118012666394,0.5123372865493231,0.03275271287968176,0.025787807196797668,0.03418000292170412,0.03418413602412318,0.03275271287968176,0.031982221580347095,0.20958705375232276,0.3613024697314002,0.060600518652670396,0.2629027438390927,0.25686063942828286,0.49467432603840783,0.6163196879886083,0.32461698228727603,0.5765046121105843,0.7197603832561988,,,,0
2017-05-14,0.04206149608985805,0.04105296139688946,0.040903358435201556,0.042684478507922126,0.15217912466019196,0.7189552931795021,0.22863359672362465,0.1496498435420528,0.5123147209549131,0.03366942508635729,0.026156913803476657,0.034891419971768804,0.03447232560736447,0.03366942508635729,0.03363627188268662,0.1889967473870519,0.5059769828074169,0.06130001690138324,0.2794411115043687,0.2551713750948878,0.4981917119400538,0.6377326989150304,0.4636653272891569,0.5402208700115513,0.6608553714833256,,,,1
2017-05-21,0.042203131919123865,0.0422111815879012,0.04103221008490293,0.04333829538176793,0.12579709949593826,0.7225505601623182,0.22916084328772163,0.15080930552498995,0.5113294174213662,0.03453448380046974,0.02652689712365448,0.035549877396643,0.03463783353311322,0.03453448380046974,0.035326981891513946,0.16652218258943322,0.4076277336231391,0.06263940221234844,0.3057694113964959,0.25332510935659064,0.4895350468948953,0.6514778406366576,0.49436136927679225,0.538971233353455,0.613884375501471,,,,1
2017-05-28,0.04444258663424258,0.04247902846039917,0.043051338285027295,0.04475084535372234,0.17965912889070698,0.7758750871738886,0.2309192430609335,0.15216553475057049,0.5128299848360134,0.035573387505427365,0.02697602498152348,0.036379543813375076,0.03465124923344858,0.035573387505427365,0.03758359146580146,0.13419260509976202,0.5676079389471753,0.06100349508049705,0.29189241234023555,0.2601887841125982,0.48713554855159014,0.5875410640886827,0.3626627476089792,0.6059859971557267,0.637900638323559,,,,1
2017-06-04,0.045695219316141324,0.044202450489651136,0.04311939865284933,0.045764708175943566,0.13938182416548375,0.8021558610281593,0.23284846607016407,0.1537208207617171,0.5143480125426185,0.03645548462361633,0.027485876302706488,0.03726103643875059,0.03539138167137175,0.03645548462361633,0.03861054316887832,0.13029081069842155,0.44378918332249107,0.05989153294994546,0.27098184545305837,0.26486992305800594,0.5016440193031674,0.5983691457728721,0.33856537261671443,0.5886711273971816,0.7038999529555474,,,,1
2017-06-11,0.045765613308619016,0.045565114726956596,0.04350183829639312,0.046279788301442124,0.15270537864710096,0.803631543615052,0.233962606538034,0.1552366527966387,0.514047132425043,0.03726292406001542,0.02799876232989118,0.038065930295090554,0.0360605415386801,0.03726292406001542,0.03956074006576778,0.12652367546916032,0.48743146655107067,0.05992474610862565,0.2538732130027985,0.2634001362677817,0.5011694722480307,0.6232250952608739,0.34847680178435714,0.5420817842636926,0.645422495103826,,,,1
2017-06-18,0.045061398407308995,0.0453446537368662,0.04417562578101825,0.046715793003083136,0.15048534758328483,0.7510916899168464,0.23381812155241516,0.15641409612601043,0.5114665450355399,0.037993539655358434,0.02843906914611133,0.03872060977566444,0.0364059102476323,0.037993539655358434,0.04073787896341716,0.11510362665552698,0.4788116628140112,0.05939337798756975,0.24645944447660323,0.2636779609204136,0.49702979688917526,0.6108482221593666,0.38044576314569806,0.5552288507262592,0.6313474571491968,,,,0
2017-06-25,0.04641867684609169,0.04517691774120801,0.04442250139822349,0.0474667680900865,0.122656173227113,0.78426598576189,0.2343054921742582,0.15747486115226697,0.5105767441860747,0.038565674841811295,0.028909367716377598,0.03945471151881387,0.03731213433931908,0.038565674841811295,0.04088404703732807,0.12588174402419344,0.3977548205423742,0.05939041580930517,0.22906567963385144,0.264714887857298,0.4957600594075921,0.6224315042076388,0.3442930723823873,0.5609494598640672,0.6423438725401777,,,,1
2017-07-02,0.04717113867160802,0.0458353989337998,0.04509834609831834,0.04812531431270117,0.08387530033370605,0.8016266077300338,0.23480814647216142,0.15844600936400627,0.5098933170573385,0.03922518279797963,0.029292559894499196,0.04019749619567056,0.03814151075147932,0.03922518279797963,0.04131512793462801,0.1315561336447773,0.28020821940377444,0.05972637207019096,0.25168707713391403,0.2617169180122836,0.4689270997463702,0.6298993188036749,0.49077877956266514,0.5305838154442896,0.5435397020714093,,,,1
2017-07-09,0.046837002083127695,0.04695943293771419,0.04549476180941958,0.04875582998433963,0.1323955110800986,0.7749679934165276,0.23446510059764705,0.15913930080659233,0.507774352497337,0.03979756198001624,0.029909191547352453,0.04083463768789992,0.03882957921470041,0.03979756198001624,0.04172797744683552,0.13545173798748492,0.44462021976311317,0.06259552097013303,0.24018627803624346,0.26207329252247136,0.473104256235899,0.6855130981347451,0.3658590787955325,0.5558305347938804,0.6639223853462974,,,,0
2017-07-16,0.051615595833717116,0.04691241453645524,0.04902266189752757,0.04923378281728627,0.14732550435456152,0.8711649465698162,0.23747200915169758,0.16042695289959388,0.5123070085054235,0.04065797174010586,0.030556804792073136,0.04191024060522506,0.040400478016295704,0.04065797174010586,0.041693953861831494,0.15740236533270768,0.48957615357427947,0.06096464742044008,0.2610968449234206,0.26893696727847893,0.48907692992443735,0.5876343784697892,0.48245873725654126,0.6050390831394574,0.7106926525489974,,,,1
2017-07-23,0.053180315423346954,0.05138279778397352,0.051400191603684434,0.053598439148753306,0.14697450412301688,0.8945604724376516,0.24054942456076303,0.162207281551447,0.5160642110775666,0.04152873206603299,0.03122632206566148,0.043046845824486146,0.042145063032660385,0.04152873206603299,0.04147068048780759,0.18384836587363282,0.4870916496116246,0.059802575696715814,0.2530177795673888,0.27160874384768563,0.4633368917944467,0.5972725918622037,0.3785450272329067,0.5730583814272874,0.546962770174744,,,,1
2017-07-30,0.053984575953289,0.05311586462278473,0.0521979764171861,0.05490237791711849,0.1561049375916524,0.9059528843485036,0.24305077302098416,0.16424131885124985,0.517999019558964,0.04244870406612421,0.03186742867021715,0.0441592108768932,0.04374167697056897,0.04244870406612421,0.04153559858678107,0.2039797948465862,0.5124793997535447,0.060090797762750885,0.29540917812672696,0.27152016634873966,0.458252807466652,0.6288225016456127,0.5561120034064342,0.5524765118702056,0.6268027753951708,,,,1
2017-08-06,0.054778249886706085,0.053778647774171434,0.052238151669478365,0.054335213940902544,0.15478422759997562,0.9170363484049582,0.2450639811720394,0.16635932507361606,0.5186393752774716,0.043366927120771746,0.032528736065602804,0.045248538541099635,0.04527086465595998,0.043366927120771746,0.0416789495673062,0.22181191645045373,0.5009266829882432,0.060173229740233015,0.2944586763885307,0.2724724973501712,0.4671263367935669,0.6243009682612894,0.4034843751218374,0.5601987105900446,0.6831473291904324,,,,1
2017-08-13,0.0532932276622577,0.05488797427642669,0.05379811099532954,0.05442944271993272,0.17984113644068422,0.8081117567781794,0.24488519141691897,0.1680101449958831,0.515076564064179,0.0442102078321151,0.033177941813989184,0.046079004719285985,0.04620926329608236,0.0442102078321151,0.04237909366357275,0.22434667666480304,0.5713001730204997,0.060259224815198076,0.2914171433421704,0.2653229365043357,0.4484840952448158,0.6243774757443717,0.39671485631977604,0.500193503721439,0.5726426124950857,,,,0
2017-08-20,0.053517826203035725,0.053765899315798484,0.05371485797352801,0.05335355254889332,0.2374945504505848,0.8126817491720442,0.24433148818234376,0.169195820121944,0.5115293215714602,0.045138658523527414,0.03383747400727291,0.04685383901825168,0.04682585902939731,0.045138658523527414,0.043658174029589374,0.21508310639137165,0.7229634428488017,0.05986484506701278,0.2973101453451856,0.26214781166142925,0.4584164665132572,0.6138787863437318,0.4257316433607639,0.5292808585180622,0.6879287729739398,,,,1
2017-08-27,0.05591374256549743,0.05313637223986796,0.05371252738994907,0.05511583366730672,0.17044366940641062,0.8577796502379162,0.2451927787079998,0.17035432412953633,0.5113221118019593,0.046219831824737025,0.03454885630886141,0.04780514178767211,0.04756015096179287,0.046219831824737025,0.04512780204665523,0.2049720715597604,0.5050781215464175,0.05857201332137518,0.294363644343678,0.2656712495773275,0.45859719744472394,0.5941393393206547,0.39707648248966304,0.5797749593773691,0.6479748335484212,,,,1
2017-09-03,0.05615345335824128,0.05589026265895867,0.05399296646792668,0.057620090351691654,0.06825951711099856,0.8619501881648166,0.24546229666277788,0.17134682995399164,0.5100561924285933,0.04723432727936711,0.03528827033955747,0.04869088296099087,0.04820545182501711,0.04723432727936711,0.04656011640724485,0.1944435006860871,0.20450823958888936,0.057544561641837425,0.29350821090826834,0.2724161164449042,0.4569344215312152,0.599678356942588,0.40378550177262146,0.6037675154560165,0.640518779722934,,,,1
2017-09-10,0.054690394884375534,0.05605302922879193,0.053908035166252595,0.05636312452798061,0.15634544518022042,0.7544037043560745,0.2439300493119496,0.1717673060186229,0.5056938341098548,0.048049502244965875,0.03591250044161721,0.049339446031851135,0.04858417412784358,0.048049502244965875,0.04788156838862791,0.18221659191360673,0.4701533724391461,0.056123924982913215,0.30738520996452867,0.2693718424911178,0.4675377948907378,0.5906293925752922,0.45152545151938944,0.5305891882784267,0.6902174122390603,,,,0
2017-09-17,0.054024000713724506,0.0548169777715951,0.053372408431002896,0.055730148639762556,0.17494287210969436,0.7079264258010625,0.2416282477681219,0.1715425576923163,0.5007732859374554,0.04871507749589755,0.036592376689984316,0.04985663388660858,0.04889172430591345,0.04871507749589755,0.04896254628910344,0.1723284328511168,0.5216366220852324,0.056994515537547585,0.32487404311006707,0.2771838175299589,0.48165643621130333,0.6423006124010892,0.46169198226171043,0.6113404283667988,0.7037138771642093,,,,0
2017-09-24,0.05062746766196485,0.053868832695648856,0.05170235288074469,0.05190690435441341,0.1476141296502414,0.506163135670259,0.2366091880769608,0.17013922138683588,0.4917852516839662,0.04923357090516419,0.037161169766403115,0.049969785474841794,0.048609093659914435,0.04923357090516419,0.05044174410817613,0.15024885055808956,0.43343108259518115,0.05918581341991321,0.3366600108581635,0.2775844807896197,0.48648951248761846,0.6719171104139058,0.4424826559657519,0.5560725426181561,0.6662427893596081,,,,0
2017-10-01,0.04948689937466642,0.0498041591719114,0.048031711463387944,0.04961078383014188,0.1534097230535004,0.4497161729168482,0.23128720641897052,0.16771916890765956,0.48403166861954283,0.04963594042133905,0.03771270328437504,0.049953024198723404,0.048260558466558426,0.04963594042133905,0.05174728189091945,0.12969908402164443,0.4504050325219118,0.06073692024559837,0.34312327764616246,0.28103546408096397,0.5020330785739597,0.6567415241690061,0.42582666143018955,0.5784275882544778,0.7079894304783497,,,,0
2017-10-08,0.050641170659198466,0.049108880418523015,0.04888096585440784,0.051406592579157716,0.150672250666512,0.4934183618375778,0.2275878085775008,0.16488129415099015,0.48084531256608026,0.050093182867989,0.03826293826258951,0.05005842708533159,0.04784006972583876,0.050093182867989,0.05326065658532554,0.10586539936008221,0.43861107822826917,0.06158467586993538,0.32487404311006707,0.287069597287464,0.5103848243522864,0.6409380547866157,0.35277642267639553,0.597059943674278,0.6792813888535014,,,,1
2017-10-15,0.05260111172840479,0.046664516433551385,0.050326801705111474,0.04792805572015676,0.16309709645757536,0.5608365304191792,0.22583350876404776,0.16218333418748485,0.4819123173003476,0.05053527896283064,0.03886971110418816,0.050358514603570964,0.047727155313693516,0.05053527896283064,0.054365655672762206,0.09104931576721488,0.47773616673683755,0.06365736643787409,0.3396064756017371,0.28784270877659973,0.512746135584717,0.667224767835375,0.45146498188376355,0.5586953579318098,0.6562129669639218,,,,1
2017-10-22,0.05472512212903697,0.052499339619476865,0.05282029459973971,0.05444156687534417,0.14911666418130662,0.6241012353781733,0.22575177655411605,0.16000504168065835,0.4858753552606761,0.05102459348038205,0.039614156910056826,0.050851883000751295,0.0478899890186437,0.05102459348038205,0.055237552241395,0.08263126061586876,0.4350413796252758,0.06352689627111315,0.3451192769094738,0.2922802350223535,0.512707370853678,0.6197350860977522,0.4229032067153882,0.5850094214203682,0.6470968817521149,,,,1
2017-10-29,0.05415755910733005,0.05400987734505867,0.05242358562100706,0.05524064475572618,0.14415165025749324,0.5929558241657664,0.22487106675542892,0.15804770977184004,0.4875604237143361,0.05147933823178173,0.04032571739573066,0.051238979901349554,0.04785791520414137,0.05147933823178173,0.05627160013461341,0.0699034675012411,0.42164708705245046,0.0684491599117514,0.37068717541104396,0.29346010500415187,0.5275772392881705,0.7268127352571978,0.481622185054227,0.561536307217264,0.7035720528866667,,,,0
2017-11-05,0.057357002728978826,0.05458519335255818,0.05773064146370873,0.056530838953170334,0.2496141838516428,0.6790670456172752,0.22632793141778654,0.15683699617899752,0.49325421248263557,0.05214561535805032,0.04110132111870169,0.051923404000133656,0.048051098895358614,0.05214561535805032,0.0574936395714162,0.057921284576659064,0.7091928988559463,0.06787984197464714,0.38618000929327106,0.2948231760617392,0.5447512987388273,0.6109559244469319,0.45001654661485396,0.5628189844646202,0.7111868737314778,,,,1
2017-11-12,0.055157534184717395,0.057518797256446555,0.05824667889224351,0.05692678733961966,0.20294946467338634,0.5667719685023618,0.22536661538605804,0.1556340773540326,0.4933136561914804,0.05261915863434047,0.041853694124742,0.05231290233017956,0.04788007629239867,0.05261915863434047,0.05873833210302825,0.04122181606153984,0.5612407004692977,0.06971382622014297,0.3999619763046788,0.29370774842240377,0.5216577878424883,0.6598620031469781,0.44420154857840133,0.545228478605457,0.5629280055788461,,,,0
2017-11-19,0.05261406999752787,0.05538715186740686,0.05415565444033002,0.05400215364275898,0.18042988502422758,0.45509796446104006,0.22225195909802534,0.1539124567998881,0.48935798296929306,0.052914101489318306,0.04256827431283952,0.052399631458867724,0.04746588070221308,0.052914101489318306,0.05988894032020883,0.02266110031851316,0.4837063416747383,0.06977639251523017,0.39235814368877814,0.29301313763571907,0.5128683985195338,0.6237510655192143,0.38625561220797944,0.5482002545709201,0.6142941753431039,,,,0
2017-11-26,0.0510183926332114,0.05235389599439993,0.05065161727944122,0.05153254698047459,0.16395021087548187,0.3927830042977517,0.21822881875501493,0.15155440619913788,0.4845045013795247,0.053140683673213604,0.04319504559612806,0.052311426342909084,0.04683047629721701,0.053140683673213604,0.0611598573772245,0.0,0.4349487606814067,0.07150037319557832,0.40319360969867823,0.29775866976848486,0.5172131290367827,0.657039286324389,0.4358457657951922,0.5868824546472037,0.6636988265914712,,,,0
2017-12-03,0.050098195122494325,0.05084428110568991,0.04993727627079906,0.05008760283411745,0.16229726627647934,0.3583023367542653,0.21406936015530023,0.14865398013351205,0.4803682897918493,0.05305845840320472,0.04375997505205585,0.05213550372391016,0.04694755945757026,0.05305845840320472,0.060837119695780664,0.005179531390461459,0.42856331273955806,0.07135626569737973,0.39967684391218683,0.3057719841168059,0.5041775255246339,0.6196521747038274,0.39721546804252394,0.6096058844231662,0.5981229655086965,,,,0
2017-12-10,0.05419257278588015,0.04949866144040826,0.051803319440549854,0.051848935871150505,0.1511953547596333,0.49206477855897407,0.21378217296858515,0.14626362928799136,0.48425817636049956,0.053113310845501076,0.04443323392588603,0.05240400833841042,0.04700925606785318,0.053113310845501076,0.06088185997242038,0.0054575309452627365,0.398480123338456,0.06983244060420774,0.39882141047677716,0.30764041880739196,0.5233816631333962,0.5923800372121955,0.40426847726364185,0.566102640431718,0.7207247512440325,,,,1
2017-12-17,0.05551493493363489,0.05459147311834216,0.053545351575842885,0.05611150527170455,0.16016046983621465,0.528704786326366,0.21435869368988825,0.1444918918305673,0.48897578626330634,0.0531962383012738,0.04511176569433658,0.052785066640058415,0.047174117597423876,0.0531962383012738,0.060862164333462906,0.007787918562805174,0.42180856775387043,0.07040028098699865,0.39720557565081044,0.31253498921807354,0.5200864042750053,0.6338687334493666,0.4022316031357875,0.5869886274333808,0.6349151315406503,,,,1
2017-12-24,0.05717557550390001,0.05555029838932346,0.05550883468422545,0.05779395484473758,0.17229639821854298,0.5723074540611512,0.21587056543481226,0.14344306332978257,0.49448876499653865,0.05332614515100373,0.045851238677144336,0.053303293646598755,0.04754879036018827,0.05332614515100373,0.06068928553034193,0.01453477140384452,0.45165152478792314,0.06842544127672118,0.4164052756671682,0.3140510801170698,0.518064220259148,0.5831422630149883,0.45803909758888844,0.5635248625383387,0.63964915048243,,,,1
2017-12-31,0.061149055151559176,0.05772147058589169,0.05894303500030999,0.05951523186230236,0.11262992052356575,0.6611109148266906,0.21991141171917006,0.14358907101018428,0.5036007097249583,0.053751838596165155,0.046586704509657635,0.05418721015926644,0.04897276562098879,0.053751838596165155,0.059883408402977886,0.041741669736898905,0.3000720215446921,0.06721740983724979,0.4292367409403796,0.3120920525682387,0.5078676840354804,0.5980032038296123,0.4398967578182182,0.5397439891319914,0.6088591995008519,,,,1
2018-01-07,0.062373812087413286,0.06109665947870698,0.06132503328401249,0.06302521582090524,0.20271005866778538,0.684942458627985,0.22373246571991556,0.1446373670548081,0.510481654438002,0.05423172886190177,0.04731699291279446,0.05511487448130611,0.05046424977185719,0.05423172886190177,0.05911374622204343,0.06915182752971658,0.5489166860591258,0.06642895433530731,0.4389316773803121,0.32609314685918295,0.5342872601989831,0.6063379183803023,0.43123552852420466,0.6491763664473129,0.7478938656831107,,,,1
2018-01-14,0.06050294050022545,0.06276350155389131,0.06075500041839973,0.06087750773687622,0.2095008319779267,0.6035692166860073,0.22491064882695982,0.14576321931973285,0.5110731062234891,0.05448040940917992,0.04798738251830576,0.05575877045116139,0.05116585996249192,0.05448040940917992,0.05880186744440376,0.08138173095721117,0.5606207187817953,0.0671192620547983,0.4603174770076204,0.33476887540050965,0.5293839068026551,0.6367444613720133,0.46017821092547606,0.6111374710582433,0.6291272963111106,,,,0
2018-01-21,0.06097457108394154,0.05974036727816806,0.06073187725259244,0.05919466940414793,0.2565516612652986,0.6143615931384128,0.22584141628913879,0.14689080200519622,0.5110863025901149,0.05474165728115484,0.048569460399983395,0.05639060653203606,0.0518856815661937,0.05474165728115484,0.0584952664870576,0.09371661325608974,0.6498067343772094,0.06687996895241279,0.44834140891188473,0.33961311098382124,0.5418326482276833,0.6175883224891805,0.3774899142279132,0.5850201038581988,0.6934971787279469,,,,1
2018-01-28,0.06618821781066486,0.06100740570270806,0.06347571174314337,0.06315447839929801,0.22544409857152045,0.7167307474754601,0.2302857051640584,0.14887628916782278,0.517628771173894,0.05536470403975716,0.049292307161219864,0.057506852187316077,0.05387233308023845,0.05536470403975716,0.057434711710535435,0.12996466342357937,0.5593309664494448,0.06670798587212053,0.4664955388872596,0.352210925341408,0.5356365167232109,0.6189614445762757,0.451417905165184,0.6353471155452737,0.6245465100719453,,,,1
2018-02-04,0.0637643225859586,0.06634754325096627,0.0642491453887307,0.06552569641835575,0.1948073904477666,0.6180921721400634,0.23144389932765033,0.15074702145727142,0.5167536386007613,0.05589251491396735,0.049929452555640144,0.05826360402502436,0.05499161620123049,0.05589251491396735,0.05722397455182362,0.14567383544409385,0.48009006678208277,0.06593762157346936,0.4480562765193928,0.3299145630207031,0.4991610869361027,0.6066365410367837,0.3622177058086961,0.41079612308629193,0.5126853277721692,,,,0
2018-02-11,0.05951339161638542,0.06296046085242098,0.061069661634808585,0.06051707447394987,0.1880690778267863,0.4715374636240572,0.22858183367396206,0.15154589790029696,0.5085795546692361,0.056374027470951514,0.05048051405839349,0.058504258996268835,0.055207870511012176,0.056374027470951514,0.05801362893225985,0.13900322585328032,0.4580949041990697,0.06857429250192583,0.3930234767765486,0.3012076377005301,0.4546237483332048,0.6771581710714758,0.2704892031541227,0.3625244365101266,0.47581253733496587,,,,0
2018-02-18,0.06225470141915188,0.06002769840371549,0.06050690974880077,0.061222600042843786,0.15470747225515394,0.5323653301271581,0.2280848667394081,0.1520638493195315,0.5064371912809164,0.05706589215953564,0.05106327281040613,0.05900833426576688,0.05558131881732178,0.05706589215953564,0.05907172942552181,0.13113476564769982,0.37602882388551295,0.0668538749190606,0.41250827292746434,0.323892521969997,0.4772630572402008,0.5876600729972888,0.45916975789206843,0.7119556281247652,0.7392634839382026,,,,1
2018-02-25,0.06320314131129108,0.06235180916740807,0.0608207310661728,0.06124078401567381,0.1596940990256155,0.5523698429743198,0.22804086310810734,0.15246748332619361,0.5055653948277642,0.057746603207759255,0.051670421936429366,0.05956347037688787,0.05605780004526969,0.057746603207759255,0.05997972820880586,0.12628070595718002,0.38728881951548094,0.06738167994263357,0.43598514012087053,0.3269287344865875,0.47935494075590646,0.6333489999095914,0.467945574287675,0.5735141631755066,0.6555111679730721,,,,1
2018-03-04,0.06258152248611577,0.06349438416967595,0.06211768001769387,0.06407913652594852,0.1633644538111782,0.5307089568890726,0.22712124388656588,0.15256620735671794,0.5032401197034768,0.05828742407549881,0.052244020406600866,0.060000806025936285,0.0564582508666074,0.05828742407549881,0.06067442307306584,0.12302361633096599,0.39624694572140184,0.06813188163409957,0.40804107791864447,0.31564365635921804,0.4418890849267547,0.6378491207740964,0.3361601784529903,0.47779806224368127,0.4995503723138021,,,,0
2018-03-11,0.0626334243067414,0.06231275006816504,0.06069579914376823,0.06376141787174568,0.14115019565449122,0.5319514664679733,0.22605415417766359,0.15238505330734295,0.5011057404179365,0.058715961031534245,0.05282118640895466,0.06040191199548354,0.05688707477455488,0.058715961031534245,0.06108884150721919,0.12329747600969054,0.34261959101188977,0.06860038653527802,0.4186864073229714,0.3348353331022716,0.47034400200986143,0.6320206900810248,0.4345940604683502,0.6839191338477032,0.7647827301100024,,,,1
2018-03-18,0.0629166845079175,0.06294118220799926,0.0618686597512774,0.06461343589797426,0.17048996404650343,0.5391562595123095,0.2250650817670476,0.15199901571536933,0.4995432772574487,0.05919060259837809,0.053436140714900396,0.060794404958895015,0.05725412224596287,0.05919060259837809,0.061679497021083225,0.12086834166754255,0.4115767109600369,0.07067722698064229,0.42552987480624893,0.32787703476942104,0.47316343021275004,0.6645409904368849,0.42427122757545976,0.5073368422480342,0.6584815525857945,,,,1
2018-03-25,0.062340860732861554,0.06244592955372375,0.06150644956937546,0.06295948971463271,0.20181606601932708,0.5153605530668215,0.2234748416406627,0.1513025196688693,0.49717568886109936,0.05946066907918582,0.054047540367841373,0.0610893707440398,0.05756933019185461,0.05946066907918582,0.06188581442832696,0.12217966285909652,0.4944665839413961,0.07305948992096223,0.46583020579948914,0.2949077228420872,0.4400883219739514,0.669856511060466,0.5097586930941292,0.3334179221498962,0.5158676034434931,,,,0
2018-04-01,0.06077099679059134,0.06239975905049526,0.06075883538302344,0.06139058727342226,0.2308105286246533,0.4517777189591379,0.22065234744641868,0.15005726010471288,0.49299076131990865,0.05976485272365024,0.05458847976646291,0.06119226652821358,0.05765731494327282,0.05976485272365024,0.06244398538389559,0.11692690637519652,0.5616393052393784,0.07220016836908141,0.4641193389286698,0.30550020554207097,0.4539172546920166,0.6057587091248643,0.4024353294928641,0.6281904847419038,0.7044987110384862,,,,0
2018-04-08,0.06059013097593431,0.060611626676339625,0.058523770463478286,0.061253930646308324,0.17146260901492485,0.4444786004434492,0.21798561968290073,0.14841096219606903,0.4899324012815331,0.06019706140966578,0.05507388401869904,0.06126647061908702,0.05745593388908343,0.06019706140966578,0.0636352805862329,0.10132477802579226,0.4173066263240893,0.07500260109651073,0.43408420916034585,0.29817142518393963,0.46341641083709134,0.6774842030250665,0.33407970744336846,0.5022372945343004,0.6858883135486191,,,,0
2018-04-15,0.05577192341854286,0.06080736505804661,0.05859323303737594,0.05494896632185341,0.20603446712960136,0.27655937719275414,0.21183541844021025,0.14559463850410131,0.4810096632222559,0.060454646864469136,0.055399074223221184,0.06083032827969594,0.05688225779042891,0.060454646864469136,0.06489872058615347,0.08072902362509199,0.4963494632664975,0.0772149452907944,0.4860754758568298,0.30860685732391646,0.47663479904129175,0.664890243615774,0.5379125828682085,0.6266174242346125,0.7003839911050269,,,,0
2018-04-22,0.05701882742266836,0.055595812750057184,0.055741817621264456,0.05572076976078962,0.20884774813355797,0.321323690003708,0.20778143199156976,0.14235330578309677,0.47776850025561607,0.060829663730683256,0.055768977081733055,0.060565966982504355,0.055831885069764955,0.060829663730683256,0.0670006491038668,0.04553942137859742,0.49676937329279736,0.0751926753800943,0.5001425390027955,0.31139336190785116,0.48308193859724363,0.5844483213740658,0.43941585360229596,0.5723725881035925,0.672743393240113,,,,1
2018-04-29,0.053904420293885695,0.056316470719446295,0.054291769968507674,0.054621202481722426,0.13347483010517303,0.23091471235444316,0.2019964970816486,0.1383499982327226,0.4719576011223398,0.06081404925503243,0.05604346355752767,0.0600014717542477,0.05587883554925416,0.06081404925503243,0.06690920770691534,0.04708032776396498,0.31767208888770593,0.07578718950654217,0.5056553403105322,0.3113470577990792,0.4857350763727777,0.6338709448920156,0.41917441059067645,0.5528154921809314,0.6576553001745847,,,,0
2018-05-06,0.04919733762793974,0.05379700356113248,0.05179269460645336,0.05014243386408977,0.1468655142785289,0.12255309636654937,0.19367259562592076,0.1331181659690381,0.4625887441514491,0.06047170979227482,0.05620557004769186,0.05899906600301597,0.057038503155935755,0.06047170979227482,0.06474543416578359,0.08422809694869321,0.35120872198791414,0.08045207591114147,0.5078414761794167,0.31004036764675885,0.5014244594606433,0.711304721351235,0.4115192190222711,0.5441576553255053,0.7086152447454456,,,,0
2018-05-13,0.04849650837519371,0.04877246825760068,0.046857541850750965,0.0466390815039832,0.1802072948761881,0.108386391315226,0.1865954332873195,0.12720744182886468,0.4574114442399265,0.060001406442075494,0.0562995288261701,0.05801892329152371,0.0580999341247182,0.060001406442075494,0.062421541145956425,0.12226166089313949,0.4308548131089806,0.08089538462297632,0.529227275806725,0.32298649507733745,0.5133619428600805,0.6306218939548476,0.4549854419271684,0.6422794163325712,0.6930695186179644,,,,0
2018-05-20,0.04902004650821321,0.04798859303290181,0.047683203500129966,0.04929599899256906,0.15936126259500735,0.12954516813112113,0.18153567619929065,0.12124540373164647,0.45702011867768555,0.05934415684197791,0.05637658919427312,0.05718681297473061,0.058614256888845785,0.05934415684197791,0.06035610212241193,0.1514509447194399,0.3757302183508908,0.0875125656627081,0.5424389417752149,0.3200167402625089,0.518388200991408,0.7433510267888703,0.4356005424052636,0.5331661200976034,0.6662690289385111,,,,1
2018-05-27,0.049761337412071706,0.04838970866712332,0.047689542435670994,0.049517601520116195,0.17759901388714158,0.1602192672262277,0.1782848971438639,0.11568330398815255,0.4600700900723352,0.05866070906975158,0.05646919911125894,0.05651138180141268,0.05867163616868213,0.05866070906975158,0.05879081147142269,0.1700242438639542,0.4220477458926918,0.09625404562677822,0.522764009018726,0.32169995851800703,0.5092064150367108,0.7741626159831431,0.3640610567781048,0.5645123364344349,0.6126922221677636,,,,1
2018-06-03,0.04597988877204964,0.050557429268871246,0.05025856344655636,0.04677299164795938,0.19182519770923379,0.07691368327532412,0.17294240544923223,0.10993124085749556,0.4586214095657452,0.05787373049456715,0.05649048719677949,0.055505291287361036,0.059212574016173476,0.05787373049456715,0.056409073394915195,0.2038403895320111,0.4583766571232895,0.08948770936741368,0.5336944708155448,0.3243757658058117,0.49515933443652366,0.512376614796476,0.43079881156644284,0.5711668128126238,0.5938130848793388,,,,0
2018-06-10,0.04288679805326124,0.04567178379618793,0.04465064624341247,0.0440606722765991,0.1761793690750566,0.02078819093612782,0.16656169693384248,0.10377411232578174,0.45553233877600713,0.05689358595508808,0.05640862794090009,0.054271934296905425,0.059857650003737786,0.05689358595508808,0.05347766764243944,0.24587761908050912,0.43020598846842845,0.08807595924328321,0.5229540731084313,0.33331722684397636,0.49793800832780666,0.5983630520135752,0.3830819355849971,0.6131005643247477,0.6579904519987818,,,,0
2018-06-17,0.04163388466615161,0.04254178192506253,0.04155179153883209,0.041810962317768936,0.11716500386055381,0.0,0.16088307435009924,0.09746408476086126,0.4543663148795561,0.055563029920836476,0.05628028959208076,0.05302516849842905,0.059502542757901525,0.055563029920836476,0.050999823548826866,0.27197499055939417,0.2938410480758975,0.09576448734404387,0.4942496095156482,0.33344404701449837,0.5139737709743107,0.7553280507294915,0.34289785052393,0.5539704792037912,0.7090578555766639,,,,0
2018-06-24,0.04286464525631208,0.04096240182834947,0.04061975068308689,0.0413731623898078,0.1405970074361218,0.05366957181872428,0.15776655462843595,0.09165632295014199,0.4581966456506874,0.054430513243588184,0.05618822126442731,0.052025699737811334,0.05901521350623198,0.054430513243588184,0.049116571461283474,0.28979976831873006,0.3590183455293883,0.09563133778453287,0.5143047429674157,0.3284548530269738,0.48565947231124795,0.6203222528723926,0.45285626377414545,0.5202150558014651,0.5401455887712534,,,,1
2018-07-01,0.04349161466652761,0.04566372643525411,0.04360998133509934,0.04239299481271027,0.2064486341697507,0.0810560717630332,0.15621949452825476,0.0866329738803525,0.4641786586263266,0.05356232139025617,0.05599992968022166,0.05118690772260249,0.058812063779568415,0.05356232139025617,0.047464929188000125,0.308247898567862,0.5260770701183609,0.09134363069919828,0.5512784085218038,0.32110400202676326,0.46767051916853375,0.5524061017722879,0.4895336184062507,0.504196687169639,0.5768706235492292,,,,1
2018-07-08,0.04556944619562963,0.042702955759466824,0.04399438250490913,0.04456107036288522,0.1778076494777865,0.16864437228547088,0.15705724522044398,0.08281852003159275,0.473397819051763,0.052658176818704404,0.055823530622348815,0.05064503775204343,0.0579024571476989,0.052658176818704404,0.04659649749155172,0.30905079902657584,0.44952884532771614,0.09175194470361148,0.5291322075039384,0.3294495065736842,0.48016855084759824,0.6293816859801119,0.3592837909780273,0.6094382885661068,0.697223740951326,,,,1
2018-07-15,0.037275953453129666,0.04598243508396417,0.044928009597527484,0.037471785275692025,0.26167643287481474,0.013130361451604091,0.1516222648498055,0.07844202688810428,0.46911164905674096,0.051253228207279386,0.055436270615745714,0.0492884888430924,0.05734034601565018,0.051253228207279386,0.04420843540153377,0.33345907561798294,0.6442440858853401,0.09956026074832215,0.5122136754013178,0.3378030725578011,0.4830970850815569,0.753765367813004,0.36935065909754533,0.6086462144957863,0.6587767941292477,,,,0
2018-07-22,0.041203540663147326,0.03763544561270239,0.03873888141247659,0.03841566485815985,0.21130884637601166,0.1468125953557662,0.15091661317989813,0.07476880983620147,0.4744749055234012,0.05009479305258542,0.055121646116718326,0.04847138589476156,0.056118993402368623,0.05009479305258542,0.04316397820354122,0.3332521652237282,0.5125698344345008,0.09758631888205328,0.49073280747122283,0.33790777293113905,0.48445680294876375,0.5911073209152268,0.35820236328571764,0.5538190051439292,0.6525794965736466,,,,1
2018-07-29,0.0426137635419104,0.040903959477268326,0.04108031828500125,0.04083725216183397,0.2424273474719039,0.19051180188878003,0.15195058085903096,0.0720822950376486,0.48199959931615544,0.049009962921889416,0.054874125452119935,0.047879405204232915,0.05452300333076742,0.049009962921889416,0.04273761236866407,0.32050229049275175,0.5724512408704817,0.09962964217430927,0.50232867487168,0.3413285258329984,0.5041059006242373,0.6554400557457631,0.43346109829480245,0.5755249206743868,0.7242233117074671,,,,1
2018-08-05,0.04263788127533578,0.04199680499812006,0.04175979684482118,0.04313904773067168,0.19748381120622452,0.19128132540685683,0.15324894082678456,0.07024959513417375,0.48851088032249995,0.047911090317623986,0.05462195819270033,0.04734632281241482,0.05255805793044033,0.047911090317623986,0.0427306452419653,0.2975462468530021,0.46223633554577015,0.10620235519188302,0.4920634736467637,0.34566336706471323,0.4880280358857438,0.7269652613730049,0.38312391887038655,0.5813372876728778,0.5857195707948413,,,,1
2018-08-12,0.04200818501450018,0.041950076810488374,0.04300379481288836,0.037878237642528755,0.28950841222020307,0.17766447727678347,0.15422702747169728,0.06902187147300629,0.4931244919361341,0.04680929845830843,0.05429966553757766,0.04679823609829589,0.050390404952639835,0.04680929845830843,0.0429645923394054,0.2684370958077475,0.6637436455761259,0.11985423594425734,0.48826153920984644,0.344239884383261,0.4754484955834681,0.8300370773911773,0.3977475463043707,0.5439421422015618,0.5981729245686703,,,,0
2018-08-19,0.03618447993434798,0.04061925229856845,0.03979213272549885,0.03414362575388569,0.30601811066381207,0.06868872819502184,0.15087068445416535,0.06722148907922423,0.4887573370056148,0.045476998445444394,0.053836839545792874,0.045694040856842116,0.04864555662934352,0.045476998445444394,0.04217840240139969,0.25756232221342035,0.6882164358645865,0.12872024050964567,0.4789468759810604,0.3476324222549344,0.46139750000216606,0.7461036756124642,0.38486126634548706,0.5750937336234409,0.5915885940036155,,,,0
2018-08-26,0.03754654754774911,0.03604426461640539,0.035295919473289084,0.0382006948945724,0.0131029658359208,0.11566973340463137,0.14979066697365107,0.06551789838071923,0.489495480519698,0.0442283072755112,0.05343949222211489,0.044837280003029716,0.04629534485996439,0.0442283072755112,0.04231367410708115,0.22631823425469835,0.02710305715952116,0.13591980417725247,0.5168710070157108,0.3525773274929859,0.4734880527451928,0.7177413646082085,0.4960747158852984,0.5849531101894831,0.6959721770313573,,,,1
2018-09-02,0.039928102115033275,0.037858155449257226,0.03884172074171875,0.039205090635920925,0.144018122916371,0.19398101673897755,0.15130573095906066,0.06452436548590472,0.4949104550267357,0.04336975852499466,0.053112787983967576,0.04431087749227117,0.04466969735924949,0.04336975852499466,0.04241856216835785,0.20409424078510965,0.34137647858345427,0.15490610845767572,0.532078672247512,0.35797927689596526,0.4714862137951291,0.8636629904823945,0.4405622900606176,0.587597128367855,0.6392954755969572,,,,1
2018-09-09,0.04044507518332464,0.039141209864217694,0.03919264179817085,0.04129456250564974,0.15661631140991972,0.21062401854014456,0.15337478964005014,0.06423393069765225,0.5002723541611328,0.04247165610362316,0.05287678807562829,0.04388860827877649,0.042289063996885264,0.04247165610362316,0.0433579872485444,0.16029997435929308,0.37697087476602714,0.15044642536168673,0.5264708751528566,0.35197129420524725,0.44490695774615435,0.5712355816151481,0.39427134370982103,0.515157979171535,0.5414515645448577,,,,1
2018-09-16,0.04183924630696706,0.04030401175594226,0.040724267274201024,0.04034812568676039,0.20578522782428782,0.25586411875018095,0.15654207691711816,0.06477369865221574,0.5066035664436485,0.04181786559104404,0.0526995364693114,0.043652181445803996,0.04040000169539424,0.04181786559104404,0.04423222114411612,0.12326294914404591,0.4867307640432891,0.13695465776763274,0.5384468707327245,0.3586759030419489,0.4557311103685483,0.4638749091652322,0.4329831519554349,0.5959527267117075,0.6917834818120473,,,,1
2018-09-23,0.044869550717360644,0.041188574514082414,0.042299237146952794,0.042795092462740436,0.26705489939359434,0.34659861572583767,0.16181651379158468,0.06649130606600136,0.5155858924062977,0.04158335044640803,0.052565766161390116,0.04375479781547808,0.03971619470771661,0.04158335044640803,0.044553372126097016,0.10967146813074868,0.6127608150388351,0.13970341780440645,0.5451953424290833,0.3636469587957825,0.4758776673656833,0.6572130147281205,0.42120608868663045,0.5845174085931114,0.7290176389923121,,,,1
2018-09-30,0.04671733000444451,0.04475378468983933,0.04476942223979838,0.04657544256093595,0.29811795531995466,0.3968913642078465,0.167754586264227,0.06931296497936697,0.5240055037303476,0.04148693990643215,0.05242939625122845,0.04404064849162526,0.03938921168438584,0.04148693990643215,0.044741355200245414,0.10269354433769957,0.6638853476723471,0.13330744573340675,0.5824541403759632,0.36048795682726803,0.46377530549929374,0.5429206650015875,0.48672472972837505,0.5333578181802543,0.5993321941637842,,,,1
2018-10-07,0.041955538465764025,0.04643112839517288,0.04477808570858835,0.04220710071943344,0.23296381361508028,0.27543484204057783,0.16896270397579083,0.07186480494512501,0.52194783643169,0.04110412666733591,0.052133432352725724,0.04380188877903121,0.038428274725227154,0.04110412666733591,0.04507614630742604,0.08497776821164806,0.5083948820021734,0.13863891415282892,0.5961410753425183,0.3547679247407818,0.45491422709592444,0.6912111209131349,0.4346082748925322,0.5171326697732455,0.6116364924847214,,,,0
2018-10-14,0.04362048127303686,0.04086528204927731,0.04153538641662974,0.042415440537366775,0.25985971139602504,0.32167064396856704,0.17149012304787684,0.07452240674448099,0.5227543871516084,0.04077136449688006,0.05188921181140663,0.043759777442766115,0.03720662659039948,0.04077136449688006,0.045838507118116455,0.0578268326394824,0.5560568339774645,0.13069152419207808,0.5606881400533764,0.3309212595681026,0.4162646991896984,0.5230446757215114,0.33512559653661783,0.40156918084256554,0.49020612497319926,,,,1
2018-10-21,0.04343014022534287,0.04387606139283232,0.04375897036436835,0.045205505484055414,0.25287460195720457,0.3168491476719669,0.17356774699553373,0.07715496773737991,0.52256342336261,0.040633198117256644,0.05156642536596104,0.043701794892455875,0.03682523879225356,0.040633198117256644,0.046001507494060755,0.0502947686380252,0.5330073177601323,0.12233316204307755,0.5545100056578693,0.3310521596123275,0.4182376571315376,0.5131644364210112,0.39352861793830596,0.5540011192289799,0.6556691765567496,,,,0
2018-10-28,0.03788020865597425,0.04375319546939287,0.04175671723332383,0.03971864565092255,0.1857922712472352,0.1915630992429488,0.17106710959192936,0.07865141549352435,0.5138993059032162,0.040361899862306115,0.05116598438416971,0.04306962387071991,0.0368485449362832,0.040361899862306115,0.04537951144873884,0.058800420531767615,0.3896881122423546,0.12233316204307755,0.5339796757239046,0.3090880366453273,0.39502457886114933,0.6224967717528039,0.36291948159168674,0.4075932105330223,0.5483705420005779,,,,0
2018-11-04,0.04124173948653936,0.037822937449408456,0.03911293117834438,0.03784632400458842,0.17940178432797108,0.28680636159607803,0.1719950350142489,0.08007478174442824,0.5133419787592052,0.04034065020620813,0.050902404978462504,0.042848783783494465,0.03683288860328488,0.04034065020620813,0.045352120725513256,0.05893972451364535,0.3705600526509313,0.11904768923902355,0.48845167581541965,0.32204827159099886,0.41594797079950363,0.577371279975256,0.307098746017992,0.6425353285064042,0.7391746702222394,,,,1
2018-11-11,0.04003679231842514,0.04123193962022707,0.04070860133803141,0.04122021966490093,0.22308479293020747,0.26049964362013245,0.17201823961030505,0.08121913152123007,0.5112141701688995,0.04018741383980646,0.05064788162620074,0.04252311495372029,0.036710353003973926,0.04018741383980646,0.04516635306479684,0.05965414918171564,0.45281353719938194,0.11703845574054277,0.463263941751194,0.33371587474433817,0.41661634150983556,0.5943467910330182,0.34791256792383385,0.6317159694373404,0.6500991703213148,,,,0
2018-11-18,0.040766350890204014,0.0398103673895365,0.03886838780639131,0.04043477186769298,0.19998416521997178,0.2814533070124685,0.1728491000362763,0.08233715705262545,0.5110134187412662,0.04003973659924883,0.05043159509156983,0.04230466725991945,0.036511071736514564,0.04003973659924883,0.045086376918276584,0.05788057145086179,0.40614206804040276,0.11516621768457044,0.43075754372149366,0.32470795600441155,0.4042503923083842,0.5959404340042395,0.32801607282995515,0.49372854208737266,0.5944598142344552,,,,1
2018-11-25,0.040190813549036725,0.040337076976229555,0.03914285941324564,0.040669726313893366,0.19549154385901535,0.26759984561583877,0.17328001171594745,0.0833366243777483,0.5101092815552104,0.03974827797637249,0.0501070727454301,0.04204690713141397,0.03591846618155968,0.03974827797637249,0.04517167869748397,0.04829668690554649,0.39529232656771446,0.11233740106863656,0.35509930948396423,0.3038270640830678,0.39450343711274377,0.5819023696741485,0.21439505349169832,0.4131776589352257,0.6049486880031721,,,,0
2018-12-02,0.042455325500735636,0.04029352243358021,0.04002101055812594,0.04208758528461067,0.23176923663285212,0.335409113215959,0.17561940013269164,0.08470649027838217,0.5129339795353053,0.04002893901860143,0.04980438684566966,0.04205023212923613,0.0358817126701023,0.04002893901860143,0.04583056486631082,0.03908901588596674,0.47265555141439014,0.1085330168454412,0.3542438760485545,0.3295199458389393,0.39874567214080503,0.566919699224914,0.4040862576307672,0.7321263416250587,0.6658960008178446,,,,1
2018-12-09,0.040844255179242436,0.04295825404580585,0.04121922825104153,0.04145526591721994,0.21095573096439285,0.2931686560732584,0.1763887280798774,0.08598992842815673,0.512274872537014,0.04000946997149618,0.04942587166785032,0.04188495828238269,0.035869401977582864,0.04000946997149618,0.04580298822075302,0.03927483031012701,0.4299013428970512,0.11350865625194481,0.3823780748563538,0.30393176445640574,0.36791294956057063,0.6969881148687084,0.48780632192391155,0.383111720931435,0.5124555819468005,,,,0
2018-12-16,0.03786810395983938,0.04003522842931923,0.0380716228587513,0.03857845277624064,0.17556242982197215,0.22158761039230576,0.17484889420255528,0.08664130092280602,0.5074546742496512,0.03975231104332388,0.04888628312234661,0.04142455493903499,0.03583169311369421,0.03975231104332388,0.04528636473132214,0.04553848544731019,0.36284426448766105,0.11361748625720725,0.36916640888786384,0.29726136757268207,0.37301808493436006,0.6240748710774433,0.37022830818506103,0.5066725249625254,0.6705318396480004,,,,0
2018-12-23,0.03911847954269546,0.03755312234490762,0.03726032162356102,0.03879579167722954,0.1810918730376274,0.26168544083789236,0.1748312396768589,0.08715809512894865,0.5064283662537715,0.039561600866641025,0.0483472883467606,0.041138605828767744,0.03568266131186564,0.039561600866641025,0.04505093468668601,0.046512508990941406,0.37586592976542765,0.1113203346871195,0.30776541065980717,0.26034986539120314,0.3577743037133885,0.5892096049036551,0.23384172855422006,0.29275943804723753,0.5782032159586508,,,,1
2018-12-30,0.03778053539139749,0.03899847647537766,0.037122516874472065,0.03930754960895538,0.08661075608478348,0.2291116749355814,0.17397700772117997,0.08736328731303482,0.5040520568927486,0.039332511985113915,0.04782064536632349,0.04074013681473121,0.03563357016596477,0.039332511985113915,0.04460961081553892,0.05166059436343981,0.1869773485261353,0.1121855735258916,0.2923676450803667,0.2742664129017994,0.35285445605236343,0.6352191366081169,0.3580428783497616,0.6587481861538713,0.6244752376401084,,,,0
2019-01-06,0.03627458057836565,0.03762757629472685,0.03609948297846371,0.03674268281198579,0.11129915198837484,0.19350421995390782,0.17234534386803685,0.08712967688330055,0.5007057026169281,0.03933739438020411,0.047248167384599124,0.040222314751095056,0.03562230679208424,0.03933739438020411,0.04463403401550823,0.051174250855578904,0.25389354732015446,0.11748798573369702,0.3385609780766221,0.2835682791687498,0.3665722931587919,0.7000329999959378,0.5566000239930009,0.6217637631187163,0.7111783598928929,,,,0
2019-01-13,0.038955355443102184,0.03647526309739355,0.03674287441586294,0.03852475882537002,0.17100602927082548,0.28390616493247395,0.17340577627432552,0.08720129890765202,0.5030334369915164,0.03941373519692396,0.046616984385510915,0.040033825798464026,0.03555172719941662,0.03941373519692396,0.04488716346133904,0.046800420493564976,0.37637519729814817,0.11607120202740813,0.37106737610632246,0.29651843731792643,0.37444358732030036,0.6024563970652691,0.5031482343749188,0.6469378294811255,0.6832182644010417,,,,1
2019-01-20,0.04530758260593662,0.03776834101690785,0.04292761745973077,0.03957366033323043,0.24486740653551656,0.4527421011042785,0.1794419144005518,0.0887300757839857,0.5141458511291821,0.0397052397629891,0.04618920781407502,0.040526801498205124,0.036157818474879116,0.0397052397629891,0.04478550975991702,0.05683182527591616,0.5270961256277286,0.11394455598329928,0.39216804334113886,0.3115081390776841,0.39534791779322653,0.5921504434252522,0.46570958537050844,0.6590213183383364,0.7417327560112432,,,,1
2019-01-27,0.04844854788487607,0.04507530589977218,0.04633777133130591,0.0464361407397261,0.26060102746079267,0.5185755269910028,0.18678982316681267,0.09174435770764298,0.5254744667989557,0.04013893384196662,0.04593275510790577,0.041300912424534604,0.03741608822203679,0.04013893384196662,0.044199295917326006,0.08245383520236862,0.547135785501413,0.11145969138867419,0.38209294246386183,0.31031018001729965,0.40035909362025907,0.586563724836282,0.3793071686721461,0.5449070130881878,0.6692516179713621,,,,1
2019-02-03,0.049514488686822386,0.0480678260225478,0.04970373365383234,0.04969592551568017,0.2648445467743772,0.5396797806779635,0.1934548149195678,0.09578056334705398,0.5332677631195969,0.04055484169834194,0.045637471946963,0.04211263990999076,0.038702829132062674,0.04055484169834194,0.04353943377308491,0.1092259031010949,0.5482968825180063,0.10882954573596525,0.3842790420748124,0.3187201269066835,0.393712803467595,0.5838579309268037,0.41256650051250293,0.6110145584967167,0.6182520637671907,,,,1
2019-02-10,0.049058898400871395,0.049243836722833265,0.04776626788440149,0.05021052294399477,0.22631489462785076,0.5251816136983112,0.1983158486083524,0.10019454219893216,0.5361487008465249,0.0407818550652726,0.045309647220368524,0.0427994719468356,0.03946678779245923,0.0407818550652726,0.04310408573490002,0.12559751988786444,0.4725581241714541,0.11152760232998579,0.38646514168576296,0.3189919054814185,0.3757133248018835,0.6628119661112695,0.41254414561305297,0.5549751700820352,0.5680183612969343,,,,0
2019-02-17,0.04930603356000938,0.04943966633497289,0.048815420545939604,0.04938577481234925,0.2465659559654696,0.5306663619508291,0.20225909956761173,0.10468700414280918,0.536747221051779,0.04092213234816494,0.04500195782651609,0.043446705578576876,0.03997540099151165,0.04092213234816494,0.042790490048282934,0.13677460124278154,0.5216460550936873,0.11166725595633073,0.42591007550152743,0.33262664677588966,0.40154270151731514,0.6245474983858412,0.514253634557838,0.6454796342616982,0.7637874972811027,,,,1
2019-02-24,0.04974782918988238,0.04904556859607345,0.047408263377151205,0.04935121381557738,0.1984452362177799,0.5409631437427537,0.2055909759819524,0.10909321273677512,0.5360894440532199,0.0413443828480094,0.04470330510095528,0.044078445078899915,0.04099060523987554,0.0413443828480094,0.042475776642668474,0.15477977845799665,0.42264947972123146,0.11293933831484054,0.43417927746313245,0.33606347339703607,0.41191996867244945,0.6411598347682422,0.42771694759699236,0.5758427325834595,0.6924380519236027,,,,1
2019-03-03,0.049823757085089036,0.049989790761322525,0.049087652996743524,0.05147591535826173,0.2555982077726584,0.5428320753302496,0.20811902694344256,0.11323446347959763,0.5340688479807252,0.0416805274305267,0.04439984698164172,0.04465794985844532,0.041836870328082226,0.0416805274305267,0.04217877951201485,0.17013828336833156,0.5460436155496667,0.11362075242989993,0.41469440879634883,0.33828223651991296,0.42138234966705174,0.6324133468770647,0.35733047693546716,0.5677046370032931,0.6878856850644531,,,,1
2019-03-10,0.048201607500782374,0.04969861953715496,0.04871211478232587,0.04950321115950184,0.25947018743554195,0.4795055779529624,0.2086571146241878,0.11667863815304781,0.5287528735269572,0.04193908483211465,0.04407213790209518,0.04501282425893015,0.04235038258816088,0.04193908483211465,0.04211798744522446,0.1777900541760062,0.5534773897128527,0.1171202938684444,0.4210626072815612,0.32607707313989587,0.411929146415063,0.6732062761739225,0.4231471443837813,0.4732946145878861,0.6071450596195589,,,,0
2019-03-17,0.04985895408132788,0.048127946550874705,0.047326492371040335,0.04929306769760908,0.21212038923478968,0.52489436208641,0.21020126762348898,0.11981040882502432,0.5263704481876621,0.04258819193327937,0.04381922670420307,0.04550701699992516,0.043038809142723636,0.04258819193327937,0.04269827008875601,0.17906138365940447,0.44887816520662305,0.11743165485920494,0.43455947815841095,0.3420654100098571,0.42690356409932795,0.6269109688778655,0.44136445711509464,0.6600310076949658,0.7115597042770734,,,,1
2019-03-24,0.04660320328584583,0.04990559278912177,0.049702701792348015,0.048346721560675786,0.2820580546703569,0.4065371271604699,0.20866394258048457,0.12194105893670283,0.518735798889662,0.04287872020658262,0.04349504811260649,0.04561406870599242,0.04330466198901524,0.04287872020658262,0.04300956775864899,0.1783788140557393,0.5835566840027832,0.11725314650316518,0.4333238077697888,0.33768224931007124,0.4057731274220135,0.6199708980642211,0.4034333377070797,0.5246523825573844,0.5582568708764764,,,,0
2019-03-31,0.04092374631202405,0.046386460448006546,0.044530749089610244,0.039701982558301485,0.2871220702838321,0.24839180138315778,0.20282956928642623,0.12222328564915294,0.5046395302013782,0.042926782680172956,0.043150908123552364,0.04511768499092521,0.04328275482563802,0.042926782680172956,0.043141448268583946,0.17632495918486363,0.5852033601207206,0.12043838598159812,0.44625034134578684,0.34446535884922397,0.41641128635144203,0.6676172166210125,0.43925178972102563,0.5975518159998464,0.6933118388090559,,,,0
2019-04-07,0.045615905772370686,0.04065568284150365,0.04344216557168303,0.04097153875208498,0.23490760779230327,0.37933787615187475,0.20182690595191766,0.12220463949484457,0.5023450424922244,0.04318957151153421,0.04288661969920462,0.04515868910535362,0.04341917521014902,0.04318957151153421,0.04354996216795536,0.17265917163457342,0.47420377952241277,0.12143766515425197,0.4647846720164402,0.3562115118601191,0.44820086882416144,0.6363791330345269,0.4525048540874191,0.6291373827629051,0.7829739008684944,,,,1
2019-04-14,0.042981687871897344,0.04540440415696695,0.0433142527055471,0.04396786411975414,0.18766046797355398,0.3144757519399596,0.19887695849991124,0.12147058951087823,0.4968892986363008,0.0433408040719652,0.04263346074311337,0.04492063438696387,0.04339106645649377,0.0433408040719652,0.04391513033256278,0.16743006303824462,0.37874626401545475,0.12519430104332088,0.47628554362997866,0.3591651438005557,0.4475554745603725,0.6743716064823326,0.43427645001793175,0.571859665197424,0.6445991017207442,,,,0
2019-04-21,0.04381195659892995,0.042390061603754046,0.04292743413537152,0.04412241334014403,0.1416560263635791,0.33680461123193006,0.19715130571712103,0.1204626728888593,0.494800763230204,0.04341431752001252,0.0425086423930169,0.044791976146942185,0.04341833896338197,0.04341431752001252,0.044042695340387336,0.16609419609948148,0.29109954894174633,0.12779806280752526,0.48027754215660123,0.35868597983844386,0.4621756185437509,0.6576570645855482,0.4160131974787157,0.5501109478977296,0.7072013797089629,,,,1
2019-04-28,0.041861301716394066,0.04297961458581167,0.040946434463188804,0.042891308166632364,0.13728268567329519,0.288629005352948,0.19422414357731985,0.11894276109451511,0.4908962349066533,0.043469429479240144,0.04235485651542734,0.04447181804696056,0.043398439416440775,0.043469429479240144,0.04418754987163848,0.16391176398280607,0.2870521610186717,0.13190785538640057,0.48198840902742063,0.36570262528075553,0.46827381134033325,0.6771566446033731,0.4105837463835944,0.5974311106506975,0.671797408509021,,,,0
2019-05-05,0.041075705218637265,0.04171528671544102,0.040492674904627615,0.04249735356054612,0.15466560858297024,0.2695604790924854,0.1913024486891946,0.11701458595941787,0.4877827762968816,0.043643243737817146,0.04217072849049716,0.04410009277164724,0.04319038521648166,0.043643243737817146,0.044821655229206,0.15279440641618186,0.32553584088082077,0.13209466349729146,0.4696321402364064,0.36686234166956394,0.4746861653263793,0.6249235105324865,0.3775148309355075,0.5603682811340405,0.6728678101154407,,,,0
2019-05-12,0.03599544502518629,0.03982965563796304,0.03771967298232939,0.037610617194475685,0.19807880678582723,0.16037552189996063,0.18505110651433732,0.1139481045257063,0.47910193432012915,0.04347401200189536,0.041851672890516264,0.0432331181747432,0.043521382663677395,0.04347401200189536,0.04404758630307197,0.16738135722705597,0.4162607831685708,0.13787388036112644,0.46744607688338985,0.3539283063947793,0.4514921485214191,0.6974926426135818,0.4013213375285888,0.4726039557015509,0.5552878001439367,,,,0
2019-05-19,0.03436485136984186,0.03571104367139303,0.03367759077299921,0.03489375021892273,0.21133022342055507,0.13012849127915127,0.1789670139984912,0.11001174988416548,0.4724681909540696,0.04328892210516594,0.04158246820526881,0.042278391125337746,0.04394700959125103,0.04328892210516594,0.04312337494295459,0.18525966997541551,0.43132179865461956,0.13476336695490498,0.48255867381240447,0.34952504125710837,0.46326334149350173,0.5834093737422416,0.44283825281975814,0.5251068111394823,0.6952779699795372,,,,0
2019-05-26,0.033685504658745515,0.034087372201656925,0.03219799809493916,0.03308373775007794,0.18921640992163372,0.11753771160958813,0.17382911606319956,0.10561015834597794,0.4689202460938318,0.04314862464452177,0.041369207480712794,0.0413436302168494,0.04429386683455424,0.04314862464452177,0.04239326139347575,0.1995683252516958,0.3788292791122981,0.13661663010285313,0.44910181030244173,0.3427862204674287,0.4482856506283047,0.6461887608385647,0.32799212585801213,0.5099129855033546,0.5870192789696775,,,,0
2019-06-02,0.037925448024349606,0.033722685571651145,0.03540145063767929,0.03476410544656948,0.18431527373217377,0.25384409770329763,0.17334805426271094,0.10197161270616881,0.4747393133105341,0.04309281577678846,0.04128325609852209,0.04094077172430309,0.044357114447868606,0.04309281577678846,0.04219399793094436,0.2030733161304407,0.36778373938066167,0.13054385359639653,0.40918160748861215,0.327887111565916,0.42960791752944666,0.5456559934291686,0.3080118440571283,0.4564438934765046,0.570716614836067,,,,1
2019-06-09,0.0409471193173389,0.037309620888310656,0.038402967810116574,0.03903538327589258,0.04631773356553149,0.33649257152591955,0.17556580808955352,0.09960141636602753,0.48441187671033614,0.04285652995682221,0.04123881311061082,0.040891905308010124,0.04422479213802206,0.04285652995682221,0.04183846932000915,0.20615970578341203,0.09399878425835138,0.1269529724366626,0.3977758766937282,0.352305548918251,0.45054247679098114,0.5754863525072788,0.3765648971913351,0.7158610559888092,0.7350963069690295,,,,1
2019-06-16,0.03811063326204767,0.04051810594300723,0.03913036592498049,0.03922867083375281,0.20556164871518207,0.27158198205390455,0.17527966313918447,0.09763550337545866,0.4874949834942858,0.04229633658475925,0.04111409673173457,0.04055141150967073,0.04380927352713546,0.04229633658475925,0.041119772662204165,0.21051751613129566,0.43610998358637026,0.1294585793487776,0.3856097082503533,0.3550517954713107,0.4538955618458391,0.6559851116237397,0.37395905083826386,0.5706623903078795,0.6609429379078392,,,,0
2019-06-23,0.041147227760636285,0.037440645068801584,0.04040344872626425,0.039577169797000905,0.23461573053923812,0.3503862712758584,0.17763981748428823,0.09663812730544712,0.4948811465738043,0.04184292946309273,0.04101160184681396,0.040560529076218134,0.04307568025133026,0.04184292946309273,0.04102275724600019,0.2022457548115773,0.5019969402705614,0.12614643987070454,0.41593000666910307,0.36783281090468645,0.4698997479233512,0.5788654393929605,0.4894598465642792,0.6343272918168051,0.712353940140056,,,,1
2019-06-30,0.043458955474542316,0.04265154228017864,0.04105187998727885,0.04348545998976337,0.19169045264380927,0.40527542376274245,0.18147805588079316,0.09677590553185855,0.5035379510547028,0.04153947842623342,0.041154906862150585,0.040810246704534876,0.04243756438013961,0.04153947842623342,0.04113734340893592,0.19226944502720072,0.4129794470194535,0.12637179164722429,0.4287615444581824,0.36608116874323227,0.4737693537652989,0.625522891905767,0.4399225183142978,0.542245320144378,0.662675857938766,,,,1
2019-07-07,0.04641501622099459,0.04510845714452544,0.04464178679718118,0.04713654322954073,0.24200448742878744,0.46972571493973414,0.18693578534457658,0.09821660391183941,0.5134741553744281,0.041382819292266594,0.04127569456077293,0.04134495304118062,0.04199583996667803,0.041382819292266594,0.041333494260882175,0.18373360563830454,0.522968760832561,0.12114024548935719,0.40671041174310363,0.3758763064873875,0.4849240976618353,0.5523378310545081,0.3503704819712448,0.6142002219173167,0.6915180174487051,,,,1
2019-07-14,0.044034303769343086,0.04458689668913694,0.0440542378997732,0.04514451921054702,0.22380632625421476,0.4075248684460405,0.1894158592542081,0.0999737507211936,0.5158874239406528,0.04107321342024367,0.04130861878405048,0.04158006085560328,0.04118746229507899,0.04107321342024367,0.04164233213700262,0.16872294748587052,0.4803278141474954,0.12388248732002125,0.43037734302621516,0.38057961438508414,0.46880881597268653,0.660431868352284,0.4690303622169193,0.5819787475380814,0.5841443328010392,,,,0
2019-07-21,0.048493409160518385,0.044356885900993785,0.04686172999649888,0.04643519317531662,0.17130423094750677,0.499417381338199,0.19489750095891573,0.1027157732520429,0.5233981884119082,0.04100112421104895,0.041444333847782316,0.04225854729100295,0.04092295612481298,0.04100112421104895,0.04180730578057608,0.16292179450976504,0.3745742152735695,0.12194768296896172,0.38998194373018835,0.37309786334064876,0.46465200454895134,0.5961666322863975,0.30389464314323394,0.5076038984211183,0.6306438633681127,,,,1
2019-07-28,0.049420721689029834,0.04805798747883151,0.04804764102117173,0.049477828649720376,0.21362457790002273,0.5170044777442673,0.1998992311274479,0.10612870436026335,0.5285146068557811,0.041067185860130105,0.041616136101468804,0.04296927715051523,0.04115637775135173,0.041067185860130105,0.04166706749688053,0.16796890924193889,0.4735292392777988,0.12418967722444264,0.399391675261761,0.3830138243325339,0.47515609142020016,0.6533614347812908,0.4320932184020486,0.6142296940786542,0.6894072599509486,,,,1
2019-08-04,0.04645687566948372,0.04930770911310274,0.04748713034730632,0.048325317197799096,0.1783977460047049,0.43732105118879716,0.20141710381443007,0.10922907361121482,0.5261309776918073,0.040882833227410056,0.04185422203824667,0.043302733912177364,0.04054294197335309,0.040882833227410056,0.04201211491959769,0.15500904766432586,0.3982505315177245,0.1213991214886231,0.38446914242245167,0.3641261719129992,0.43917683735438795,0.5845900255688404,0.3666816635699887,0.43865338771895457,0.504681064864914,,,,0
2019-08-11,0.04619933150283174,0.0458053336434961,0.044340460259135496,0.04651928747247911,0.17920595243967205,0.43054318910309025,0.20231003387064245,0.11192704594846423,0.523062257063596,0.040860948127342755,0.042054769819582234,0.043577531458335136,0.04048400951018308,0.040860948127342755,0.042036130364608536,0.1538852734053908,0.4109672671580355,0.11785567759894963,0.35253300917773517,0.36142819567290563,0.42743651497109636,0.5735545247064986,0.31905859403150366,0.5362576029095129,0.5985792765545015,,,,0
2019-08-18,0.042753984387766224,0.044959735131036835,0.04280520685487192,0.04463304429042211,0.07713623455376421,0.3434338711987383,0.20020376722305414,0.11357196179726388,0.5150315389871397,0.040960125502735666,0.042120266013992484,0.04346627872209755,0.040558072883440814,0.040960125502735666,0.04216276009762047,0.15317167337053939,0.18515587333060304,0.12036128451106466,0.3535785429607841,0.35539406246640554,0.4188232356182928,0.6578583966064904,0.4095818729667781,0.5152165386035008,0.610995672504442,,,,0
2019-08-25,0.04408189189560547,0.043084125801220716,0.041754481671753205,0.04332465566143539,0.19003225352924807,0.37627519404840104,0.1995141707387225,0.11471978584441467,0.5112406653151713,0.040876999994568,0.04220455744280408,0.04350432627285542,0.04038946236185575,0.040876999994568,0.04218659615700089,0.15056421938727538,0.46752635814954274,0.12626207086759111,0.36023191009642236,0.34702442276300155,0.4220283857310234,0.7045109845740128,0.42579129301933705,0.4999951466241596,0.6608851315189517,,,,1
2019-09-01,0.04367783106622486,0.04228573371685312,0.041795691590181996,0.04421692675953431,0.16336032903406184,0.36575689221711977,0.19858441177290123,0.11541139005810028,0.5077614855146266,0.040914722767264135,0.04224717079085261,0.043496544618215185,0.040441919951592416,0.040914722767264135,0.04220513061216335,0.1510244416651687,0.4041657013961572,0.1281776033858362,0.3705921433661913,0.3630006674771688,0.44356957452530776,0.6482019726753074,0.4361563480351172,0.6560468315493115,0.7385399201024963,,,,0
2019-09-08,0.04580747275710815,0.04330543697066912,0.04499215157961665,0.045586490525909316,0.2933517225704672,0.4203689384257002,0.1994636335764334,0.11617900859153432,0.5083411786064683,0.04102285627062927,0.042268909249262465,0.04371195292495398,0.040656885470384645,0.04102285627062927,0.04217945594566892,0.15428231437096296,0.6986205077685396,0.12398181573199585,0.3811424769835995,0.37352064639749366,0.4601606868699588,0.5668156319678166,0.43615577583707427,0.6190620560520905,0.7156300160560238,,,,1
2019-09-15,0.049640920605278,0.046207579061445195,0.04721284178870431,0.0485210694865803,0.26882410146912006,0.5073678104481357,0.20308599575416036,0.11767615657145133,0.5139046458823812,0.04144442010605742,0.0423366700545217,0.0443072637811817,0.04159777409776364,0.04144442010605742,0.04195390450278194,0.16999025847760982,0.6177152389650071,0.12306853163430706,0.36859614410288,0.37929504402994785,0.4783520637903172,0.6100754931375206,0.3719847348747448,0.5886868027422312,0.7206734523525371,,,,1
2019-09-22,0.04697994977960359,0.04875054960542292,0.04727083631999937,0.04861254873216275,0.26576341830460654,0.4314240766429889,0.20372431958521556,0.11902948442901036,0.5128078587023517,0.04176436071214333,0.04245312211743449,0.04456793024559391,0.04203528336839004,0.04176436071214333,0.042120133197809786,0.1735752261524633,0.5932647581780996,0.12475574312812995,0.40718560822530087,0.37621056120039126,0.4783178558405758,0.6455688464066452,0.5152072221188465,0.5343233247139674,0.6471087037390545,,,,0
2019-09-29,0.05159354042429011,0.046777930440505926,0.04906219894313689,0.04828109564069521,0.2761779244528186,0.5269663931065816,0.20772105932267235,0.12108646497877541,0.5181739871644298,0.04260959400901041,0.04263791574357163,0.04528567772270346,0.04293236930215028,0.04260959400901041,0.042874950353601525,0.17528580257452647,0.6045687667948975,0.12321057479824968,0.38465924277009095,0.3701140010107273,0.47259562959105744,0.601577379646648,0.34713286270469046,0.5157643054651148,0.6246577037015617,,,,1
2019-10-06,0.050008564230054064,0.05169925079240151,0.04961403425231703,0.05062862488501217,0.29020758305803507,0.48258265022733515,0.20944351009257245,0.12315194547229857,0.5182388086177286,0.04345729923569076,0.04279038555510025,0.04576951174589458,0.04302846245971537,0.04345729923569076,0.044612378648322994,0.15342070767629665,0.6231328280111896,0.12407670441139253,0.351012242654555,0.36814489666540123,0.4484019448214218,0.634330800758029,0.31440116542867014,0.5409403971710754,0.5510780376105974,,,,0
2019-10-13,0.04584529921644492,0.0494457528514054,0.049000754239834306,0.046318520589158946,0.3308944197283033,0.37669208213875505,0.20734297690975714,0.12429226554019032,0.5111834391905122,0.04411621707022466,0.04297499449117579,0.04577239810466278,0.042104928638546896,0.04411621707022466,0.04718070079280844,0.10761914656161792,0.6870753339037692,0.12847413227636026,0.3713525084988144,0.3718213544227084,0.481185932497318,0.68227114137298,0.46563914120292804,0.5759744140346856,0.7815477093205849,,,,0
2019-10-20,0.04527041494454378,0.04446851977318246,0.042991390000526805,0.04207707245005704,0.2316151487559672,0.36300273169623865,0.20508463210941572,0.12465398622585723,0.5052457594917188,0.04451422788157616,0.04306836813011301,0.045714960810617995,0.041678218254269456,0.04451422788157616,0.04857207526077012,0.08404739552294342,0.4744300854140862,0.1277180062283651,0.3609922752290454,0.3750286758592939,0.48920047645961967,0.6124796062265162,0.37752209196389014,0.5729372932710074,0.6787673291609265,,,,0
2019-10-27,0.04696051810459673,0.044980614284033396,0.04532983958660424,0.04599767345351938,0.25080022972488625,0.40352995300144634,0.2045042427917584,0.1248018764757057,0.5036150663949491,0.044840083362792306,0.043228841089128334,0.04583953118186137,0.04165077624593002,0.044840083362792306,0.0493184806291573,0.07419229868561779,0.49040102093530924,0.1262027707451966,0.3857047765531399,0.3823473794209303,0.5063475803026004,0.6023349225864907,0.47707144634895643,0.5980821511411534,0.714037403485122,,,,1
2019-11-03,0.045314903856130836,0.04672164234979326,0.0446806604965922,0.046477522791939695,0.15600516162642267,0.3612181269234708,0.20262973946630444,0.12446322551426744,0.4999046526201161,0.04523047008821965,0.043334264061704465,0.04578034729069191,0.040926477476748976,0.04523047008821965,0.05105622941021585,0.04256122947804142,0.30703107679303754,0.1245630106607099,0.38256817520399305,0.39127876366259995,0.5107206142079093,0.6004846257647781,0.39797778439686554,0.6073269257262485,0.6639334656748173,,,,0
2019-11-10,0.049717318252062055,0.04567459460184857,0.047920755442365126,0.04786517410603462,0.278443285831702,0.46289307506909694,0.20450464131720902,0.12464936505827526,0.5039067594820592,0.04569486818652423,0.04355506229172989,0.046186648220512994,0.041016561562531036,0.04569486818652423,0.051962366107131126,0.032526834331808946,0.5455795040727967,0.126193877140765,0.3903621081675329,0.39654784681716027,0.5283014466144029,0.6446015255138903,0.42797504175653894,0.5846425690077572,0.7139967493898483,,,,1
2019-11-17,0.05180707115961021,0.04909698676077372,0.04931932820488836,0.050919265528446056,0.2918439124072369,0.5054858892837057,0.2074825051908299,0.12552421517072163,0.5091589377574601,0.04614723786131948,0.043771810086802254,0.046772536146016744,0.041694421656263886,0.04614723786131948,0.052125105639672875,0.039678362590542374,0.5594111319421862,0.12570758503072335,0.39787090873858083,0.4020604935162696,0.5291683261212642,0.6159684449274594,0.42692060952693195,0.5858201577921425,0.6504686315071748,,,,1
2019-11-24,0.052941544133757915,0.05188853378252889,0.05176603013205022,0.054265519509893445,0.33335163603461415,0.5280604521900398,0.21054159113265053,0.12696983391247668,0.5135116785639968,0.04650089890541829,0.04405219203931573,0.04742112506637079,0.042607940686071495,0.04650089890541829,0.05178438297393973,0.056132358356713076,0.6269243191506318,0.12415677512982842,0.39872634217399056,0.4000128884684926,0.524050675643911,0.6016182248960084,0.4088444214553855,0.5410990198672634,0.6282243124060567,,,,1
2019-12-01,0.053237476170168434,0.053097406150713,0.0514898661204042,0.053144159605837515,0.3242042459310412,0.5341247633230721,0.21297199410666245,0.12871880831693205,0.5158251003326899,0.04699960259653897,0.0444084119002648,0.04803885479521421,0.043383440596593714,0.04699960259653897,0.05192937531357913,0.06463487546014018,0.596690581550968,0.12596258686844036,0.3896017430349098,0.4061919800792056,0.5288154002007616,0.6470315905869014,0.3821461790706035,0.5895690404672208,0.665056249629763,,,,1
2019-12-08,0.05508216769993252,0.05324434779304606,0.052859640172801106,0.0550223539367397,0.3893505252194668,0.572005140249874,0.21609644550149681,0.13087966116877342,0.518966128120852,0.04735663580860987,0.044778406373544834,0.04879043788784415,0.044479754510522225,0.04735663580860987,0.051373022613987615,0.08593084521147769,0.6858135768547078,0.12558689217312685,0.4082311420083498,0.40718456911151213,0.5242281333944455,0.6174463499765525,0.4571499363256773,0.5589292283993399,0.6301885313224177,,,,1
2019-12-15,0.05659092956507326,0.054692613305522976,0.055279199634849126,0.05574520987561241,0.37357983761109365,0.6017665875368471,0.21946567545357593,0.13342968846959086,0.5219340128607184,0.04774517673538472,0.045214379678455825,0.04962803732466998,0.04574569938808049,0.04774517673538472,0.050678656384400764,0.11098694223349276,0.6372981887682557,0.12637771600375344,0.4161201432746763,0.4117932534323658,0.5318608704280201,0.6331511722690696,0.42732711703227105,0.5800013121175596,0.6757722263098267,,,,1
2019-12-22,0.057248123479220446,0.05635731237362459,0.055321437042606565,0.05824615299945063,0.3832697062941579,0.6147140025316453,0.2223206167659483,0.13616568293923995,0.5233522177915497,0.048329935433812574,0.04570048883330671,0.05045451169076399,0.04708233641048549,0.048329935433812574,0.05032734362115945,0.13245915605673367,0.628731641623158,0.1313622631539644,0.4248645417184785,0.4223474443056687,0.5342386759251477,0.6893409574521103,0.429286592317794,0.6142180540691095,0.656053417757896,,,,1
2019-12-29,0.05960097164218286,0.05711149836892069,0.05772598995843869,0.05934505534030836,0.3615372727845189,0.6594759826832142,0.22606956631499014,0.1392683909173996,0.5261488130682308,0.04905614669157041,0.04617899754732574,0.05144803779497186,0.04876959752621129,0.04905614669157041,0.049857751587057346,0.1595494588558975,0.5731855210738993,0.13113097288163975,0.4440642779927702,0.4261326331549118,0.5354354407259505,0.6194828787116777,0.4557739278057135,0.5746845748117969,0.6516656522914519,,,,1
2020-01-05,0.059601338277560346,0.05952561209299549,0.059028724574509514,0.06062446853666235,0.3592323001714675,0.6594828780045187,0.22863176600480303,0.14237516588519022,0.5261798283532648,0.04996907510413642,0.04651028756933224,0.05234698066184968,0.049947695294744666,0.04996907510413642,0.05041784469484186,0.16714229427342214,0.5416767679674301,0.13182482955933794,0.4482463406090981,0.4250917246545342,0.5276823661581074,0.6315501548665181,0.4169565204779605,0.5472414927118109,0.6186359530698712,,,,1
2020-01-12,0.0642751831550659,0.05809777494519807,0.0620196892422702,0.05885205401761074,0.45251630614931554,0.739097739098579,0.23389921261068045,0.14614467483403548,0.5312339064771955,0.05106331396529968,0.04687710553288247,0.05364851008726658,0.052118227083766296,0.05106331396529968,0.05016386056964817,0.1967191216294043,0.653663529945937,0.12950009226230894,0.41383901161887304,0.43123257359367123,0.5450437029020953,0.5922829742378425,0.3215086855179803,0.5879492491893633,0.711876330194337,,,,1
2020-01-19,0.06691364027709144,0.06471235973031342,0.06513569362813815,0.06721324909550791,0.4969798689904411,0.776218278861686,0.2396302832191856,0.1505573924209416,0.5361390823089427,0.05232242151158406,0.047280370108383624,0.055101680810544985,0.054486791636097445,0.05232242151158406,0.05002898823910422,0.2265411533979292,0.6806847134459139,0.12884182414161288,0.41260334123025094,0.44417265494635283,0.5478578683434852,0.6138273682227318,0.40332867612634765,0.6258124282629297,0.6575150058623243,,,,1
2020-01-26,0.06753967018415216,0.06685169587478272,0.06705087623133911,0.06833707056541766,0.42999084904470936,0.7846771526963919,0.24408143928443563,0.15517266157644055,0.5376837615936291,0.05350005098553138,0.04770870367105494,0.05648184543194496,0.056680294413330085,0.05350005098553138,0.04992942679060397,0.2532319484514049,0.5760354803039864,0.13103905345014552,0.3730633753696338,0.4372968880345513,0.5511800186295339,0.6515440398882505,0.30317103816637886,0.5152607278350345,0.6593306894202177,,,,1
2020-02-02,0.06472232936997913,0.06575799636404901,0.06438163817163517,0.0659643426320975,0.4118868010654174,0.6672864494711204,0.24477931679425896,0.15903500426672407,0.5319418662245122,0.05431728594437904,0.048066011092244634,0.05743628426757988,0.058062225236309564,0.05431728594437904,0.05003148173368942,0.26771300521657915,0.5397322372416669,0.13237192055500108,0.3490162433912437,0.4232132131674532,0.5120954785594294,0.6398970012274946,0.33936920038465274,0.47475454301317993,0.5055719999739031,,,,0
2020-02-09,0.06648216772456583,0.06456372275137783,0.06640607898045198,0.06644324105616106,0.4348406472445818,0.697322726421432,0.2461173707918233,0.1624510668958861,0.5285384881594987,0.05537407676069803,0.048453867125940894,0.05848364570901603,0.0594627394324522,0.05537407676069803,0.050634980000408454,0.2760097663880183,0.5558791531768204,0.1327737022140289,0.3139435450553143,0.44378806540597915,0.5470481732329083,0.6277024606533288,0.3043030200113506,0.6701206501703841,0.7797424754417988,,,,1
2020-02-16,0.06567152544758438,0.06552171506312512,0.06429484761613885,0.06444147300302436,0.45744238457036573,0.6641768749942085,0.24592635653385572,0.16513735187554152,0.5229731280615666,0.05613693795560829,0.048821174896563256,0.05934658389569543,0.06066289849817656,0.05613693795560829,0.05083983238557518,0.28681807778996943,0.5698116798712006,0.1343156185104922,0.34103221008006457,0.454348302357179,0.5621901649448933,0.6424294201163587,0.49087654590329194,0.6113343742862031,0.7023850114584191,,,,0
2020-02-23,0.06255354362387122,0.06601114609546617,0.06397962326597177,0.062363358995204024,0.43814434383495593,0.5453459825081045,0.24273046405709897,0.1665072907482586,0.5129345360279856,0.056816728277494316,0.049153813381737105,0.059801652905763815,0.061227199002778905,0.056816728277494316,0.05163867813884357,0.28327654394826335,0.5342923645692713,0.13617480601496948,0.3522478767852432,0.44580951993797413,0.5513542031991364,0.646323919680729,0.4397300466081355,0.5068038081588183,0.6084448192346025,,,,0
2020-03-01,0.05238336468624357,0.06039416224255506,0.05908436925752351,0.048043304852934794,0.39006386881962607,0.27574838653528455,0.23168747518965788,0.16491120122173372,0.4903152956146431,0.05717101452147308,0.04921232229038706,0.059151069681691204,0.06084655040816696,0.05717101452147308,0.052878194437219125,0.2640722314955269,0.4713110672098344,0.13926961068585944,0.27639957845800844,0.36858984867453504,0.4403538347095615,0.6617519382148283,0.18671211118123976,0.1288314274373982,0.24497357064156428,,,,0
2020-03-08,0.055768635157501016,0.05420822865622449,0.05639444102317095,0.05476070003129908,0.3091131118331565,0.35529853271521367,0.22525045776848632,0.1620651246861833,0.4807827649490802,0.05773989457091451,0.049424751843278304,0.058916050627369036,0.0603122782103352,0.05773989457091451,0.054774631296318016,0.2354576355508172,0.36868654138828794,0.13617866603724266,0.22649937932762235,0.3722441866346582,0.4174516444477048,0.5839498397029028,0.23907513507714281,0.5758200057186856,0.5524555523414344,,,,1
2020-03-15,0.0426329087830286,0.052485571836735294,0.05056799378120503,0.040763007313675444,0.32580834078057674,0.14006876214438413,0.20954219409418232,0.15595893025254684,0.45592076749433763,0.05750538904951398,0.049464365537932105,0.057331339752653705,0.06090417126855433,0.05750538904951398,0.053539462473491596,0.2567607234491776,0.3848313511107137,0.14251444721147713,0.11795454636511403,0.31962413844004406,0.26565146071956647,0.7028594652631391,0.0,0.22845812326854903,0.0,,,,0
2020-03-22,0.033425984098261766,0.039115645837400195,0.03696244406105029,0.031569573981127495,0.29928634419081507,0.04216738457142104,0.18982951775489354,0.14626845274379263,0.4285866527548144,0.05686114944294579,0.049181836613242984,0.05493585681895061,0.06304537403979746,0.05686114944294579,0.04951771072463253,0.3290432334599699,0.34639326832155265,0.14918975481371818,0.05265658165528744,0.2378602251982143,0.24572966214643588,0.7043017368266322,0.07946884924925561,0.0,0.5410495400746603,,,,0
2020-03-29,0.035612127738022616,0.030480761635266813,0.03699534712545414,0.032130291196357096,0.3821897889652356,0.08899547446842437,0.17613684981704483,0.13517809595553443,0.4179110280774346,0.05609681403044379,0.04901103043780398,0.052996865803330157,0.0645302940426031,0.05609681403044379,0.04603386426978414,0.3884397832771439,0.4373777689159995,0.14499337331029735,0.03317174924643776,0.2854870486867059,0.29196847721386326,0.5728405333257405,0.2840989369073177,0.9320965455698047,0.9020898392740544,,,,1
2020-04-05,0.036952048283152364,0.0350632383476121,0.035232797776206554,0.0361897247517356,0.3462575814692392,0.11781388815124007,0.16665327417805037,0.1239939209455725,0.41719556058143503,0.05529184652385795,0.048852036592581895,0.051382500192640256,0.06550948662409965,0.05529184652385795,0.04307810267536105,0.4365666674846823,0.3930555623779278,0.1518875144829485,0.12042581462649043,0.27485229259654814,0.2849528310560177,0.705879868612923,1.0,0.47638968316291846,0.6114011189316121,,,,1
2020-04-12,0.04344553318251959,0.0379216489259138,0.04182812964337663,0.03980303071251721,0.4002648719994185,0.24615342571866095,0.16461614190603852,0.11454997237447116,0.43046670802031417,0.05477727442784025,0.048888754729461616,0.05060015189769139,0.0656785966462293,0.05477727442784025,0.04174597813021868,0.45567995605737066,0.4510301246621976,0.15348280654527716,0.0954281809099041,0.33548968585808125,0.3532343375805423,0.6411150830320197,0.2822917731577951,1.0,1.0,,,,1
2020-04-19,0.04504937964134072,0.04211181563515255,0.04328376918641619,0.04356444391630682,0.3959760716428483,0.2751392890984717,0.16460261714978647,0.10699151647602763,0.44484567083514853,0.05433357590907592,0.04898085359537112,0.050059840583547136,0.06570610979516557,0.05433357590907592,0.04074166182010681,0.4691791024799033,0.4420325079870013,0.16048073000175658,0.06311186509887602,0.3525511769772039,0.3572459096229177,0.703510861794381,0.23249034199842006,0.6652945262924257,0.6659301993247957,,,,1
2020-04-26,0.04559300824731101,0.045107241372120216,0.04370601399166804,0.04609616145143482,0.3157209027099918,0.28526720665140587,0.16534343134764617,0.1011253461543089,0.45775121628365234,0.05381937508369197,0.04920329876682306,0.0496277714828567,0.06558883905560402,0.05381937508369197,0.03975973113009974,0.4810015490128057,0.35500594764620463,0.1614859335309396,0.0,0.3449365105292447,0.3382073564613089,0.6337371356173903,0.025458724356269474,0.5045509591979748,0.5590688467063646,,,,1
2020-05-03,0.047799706382922275,0.04644152256460684,0.046345694670367164,0.04806934268635992,0.33410138466420336,0.3269496094069568,0.16797073738313104,0.09707288999393865,0.4715827887214315,0.05334299419463993,0.0495146818291328,0.04946734949877897,0.065294560931615,0.05334299419463993,0.03907649237046182,0.48710597462711236,0.37784768121686096,0.1624733498512594,0.047523999171796276,0.3437224285944683,0.37274666763706854,0.6334844257689499,0.7823962441924603,0.5452842613067292,0.8116919201969299,,,,1
2020-05-10,0.044735333525811175,0.04659839665913056,0.04441150353928294,0.04647108645835969,0.3874326868709411,0.2764365774732191,0.16791334578273792,0.09381693424109039,0.47765698349706803,0.052664948161793325,0.04977078653195808,0.049002120863820796,0.06494855671118986,0.052664948161793325,0.038015143670176534,0.4978408552355233,0.43856079176314994,0.16540893213819974,0.09058073081890483,0.3636731584666694,0.37556218085884224,0.6550073601157717,0.6826731939161957,0.682393627836338,0.6600002890466309,,,,0
2020-05-17,0.04654022220240672,0.044880783635825136,0.04498124241651969,0.046535953501965,0.39514459822706516,0.3122102823246241,0.16957095186017995,0.09161625796614659,0.48570465432182747,0.05195720917020009,0.04997045335099396,0.048769726931078464,0.06427251361823792,0.05195720917020009,0.037291474922593895,0.500689047863291,0.4454157244819314,0.16057561868115325,0.1051230810919026,0.35036461044800604,0.3466905429170659,0.5697170500176431,0.4861711449611708,0.4698241868889176,0.5169455917695638,,,,1
2020-05-24,0.04959634003484657,0.047200588505553816,0.04725778463117772,0.049525177669873785,0.2857623508812697,0.37050145963554876,0.1735343518522103,0.09082190770474007,0.49642944246204446,0.05141505594998551,0.05017091854626314,0.04887868842144196,0.06356738024763353,0.05141505594998551,0.0369655746149308,0.49781538186029445,0.3241182765692093,0.15656366989030135,0.13012071480848894,0.36883749209278693,0.38669452592900017,0.5776551799944089,0.5369699815991795,0.6714399199748831,0.8353609946976589,,,,1
2020-05-31,0.05193922029848353,0.04991766722336258,0.05004057973824148,0.05227262482799562,0.28452526265092837,0.41291218628730025,0.17869990544401465,0.09144567716842708,0.5072441706706459,0.05074659186584495,0.050491427236132126,0.04922199502602843,0.06223677927038291,0.05074659186584495,0.03712638774152462,0.48164023906123987,0.3299960383086178,0.1571878482172222,0.13202168202694758,0.3867285247614171,0.4204077119095041,0.6296122345382369,0.4157282093169889,0.6641565068018707,0.7970645155924623,,,,1
2020-06-07,0.05616406286947734,0.05243040650741583,0.05405925848791083,0.054696009334387126,0.4818130811307018,0.4834912334125725,0.18622400106828954,0.09377890368786226,0.5202806676003902,0.05016409121306092,0.05083947625473627,0.049973905997885495,0.06064203448974506,0.05016409121306092,0.03779752958906048,0.4554297953277035,0.5627200855405688,0.1553449632976569,0.1982701122170365,0.41685288668514536,0.5032698917061671,0.6015533137436991,0.7244968995895625,0.7346140577731773,0.9991789253643709,,,,1
2020-06-14,0.05598920070912667,0.05603691333608453,0.05447031103238686,0.05609379210238732,0.5348242485455798,0.4796513249679724,0.19206062885545858,0.09706832787671357,0.5275727302700288,0.04953819163077607,0.051129892945414195,0.050635941409802473,0.058768344810619204,0.04953819163077607,0.03871403051472488,0.42252153843604645,0.6164076821434509,0.15790099086701057,0.16433797970900868,0.3861245068329774,0.44422677791245957,0.651812236488426,0.27053722978639677,0.37668611094667626,0.421083465316686,,,,0
2020-06-21,0.05953367113570272,0.05515760513738643,0.05754204064525952,0.05693009662705388,0.6636108868954732,0.5367100055534176,0.19942479086230117,0.10149508983711303,0.5362461861588523,0.04925702738645902,0.05143394735737097,0.051605158709486815,0.05785285138583167,0.04925702738645902,0.039215774821219136,0.405567497725993,0.7411588713335595,0.15843501717190292,0.19722457843398755,0.39748607030349886,0.4692977393519172,0.6285443570799578,0.5505289875914966,0.621647397379387,0.750496313291424,,,,1
2020-06-28,0.060525270886185575,0.06012912804553226,0.0593523254867771,0.06138434127508806,0.7034671088919517,0.5520717120937252,0.2059002413788109,0.1066150734729177,0.541532766604184,0.04893423364626364,0.05181616270962389,0.052585645814634555,0.05666013192321264,0.04893423364626364,0.039964652487910896,0.3820559452702511,0.7598207073303512,0.15842404509393962,0.18610398003159553,0.3796292987429516,0.4534348134946318,0.6223728448970206,0.3618602599480989,0.44741308004291014,0.5839347579206798,,,,1
2020-07-05,0.06153904061965091,0.06019937161933295,0.060389068469944684,0.06234319307339231,0.8208538628115539,0.5681327801191336,0.21162299600738813,0.11210614355426424,0.5443627103525276,0.048710301577251654,0.052118524638320105,0.05357864514612018,0.05578724659514888,0.048710301577251654,0.04053963138445234,0.36439464718811915,0.8491551642814577,0.15828646994112638,0.20625414552821564,0.40398329375282366,0.48227224348666675,0.6209428111645389,0.4898446759706527,0.7015704259305582,0.7646317745621082,,,,1
2020-07-12,0.06065687007199266,0.061976452167059985,0.06301094100254423,0.06082541240864951,1.0,0.5439668257480762,0.21520430513667993,0.11737204493174623,0.5426455504468521,0.04860752418050442,0.05237894771610155,0.05438492717758229,0.055419472088335114,0.04860752418050442,0.040763449850739986,0.35717863954177387,0.9708837410215165,0.1585720126144114,0.20720464726641194,0.4150630018521152,0.48920772880168495,0.6257242636044225,0.4102888869272063,0.6180543021288147,0.6744870756823099,,,,0
2020-07-19,0.06439006605913065,0.061590781375925344,0.06230973158115022,0.06394685003393655,0.5742277551369298,0.6050720893133688,0.22068570406354754,0.12292101193313802,0.5448042382738484,0.04925814616519154,0.052794589845106675,0.05550436639749052,0.057219648432959874,0.04925814616519154,0.039990723605375644,0.38800115839593174,0.5446395568743319,0.15850974324411443,0.20625414552821564,0.4230541472481473,0.5079971993123624,0.6217939287331979,0.4028257945003197,0.5991480860255842,0.7204343297233772,,,,1
2020-07-26,0.06478005152722238,0.0640092882349166,0.06336727305295071,0.06492699694898366,0.7080045924832004,0.6111966435074608,0.224972070665915,0.1284051085314978,0.5443095298475005,0.04974645893497106,0.053225239933662245,0.05655792776460979,0.058648775596366075,0.04974645893497106,0.0393155635696866,0.41303578321703666,0.6444699569676773,0.1579155119031811,0.20815511274667428,0.42122193986983825,0.5026376543461248,0.6157875456692763,0.4140246106499556,0.5427131854211603,0.6268286792782234,,,,1
2020-08-02,0.058668388730120015,0.06505400074223461,0.06313829730451356,0.06013467681255466,0.004249292628968003,0.44737680229744936,0.22317570062578843,0.13235446984530855,0.5326054792790953,0.05061539332957061,0.05359409214339081,0.0568727644568263,0.059411808777632656,0.05061539332957061,0.040285778397107466,0.40835571545695876,0.0,0.16188327545738948,0.20777491205139575,0.43239430534177864,0.4681542439662841,0.6674265240274158,0.4050655701523239,0.6168541749385794,0.5150586038174815,,,,0
2020-08-09,0.052445589584216606,0.05950970270862659,0.05753505147233546,0.047293278226379694,0.006857874635238736,0.31817077910258434,0.2165469888486739,0.13389802306525048,0.5142585370591585,0.051646032227376584,0.053787939698573,0.05650762260761495,0.05850258135561685,0.051646032227376584,0.04364992078930379,0.3537826087835811,0.002687623129375634,0.16941019163660284,0.2182302136239513,0.44853364669384976,0.49191343001218746,0.7060928553801644,0.44749484703938314,0.6436214047930063,0.7422006566583111,,,,0
2020-08-16,0.05462310583525094,0.051567848506285645,0.055912804898204015,0.05236922280039612,0.00691107320901596,0.3623229480195723,0.21279405339730956,0.13421798156242606,0.5049272767078339,0.05267620362219388,0.05404162112439282,0.05640470569665854,0.05767884582459524,0.05267620362219388,0.0469087411274682,0.3025515936199016,0.0030402948512761366,0.17263813172772807,0.22203211180293464,0.4528765493627606,0.5067964553504266,0.6570873375323156,0.42107199822161767,0.5769003199477003,0.7050292489756927,,,,1
2020-08-23,0.057072803024647914,0.0543681051986182,0.05734858697254199,0.05599626467450407,0.0066153451668024615,0.4099833004552657,0.21155039072065565,0.13417077043531644,0.5021272030449159,0.05376651185729965,0.054302720558158345,0.05656747021324731,0.05683237568145961,0.05376651185729965,0.05032686848687484,0.25005182370331325,0.0030216027673920943,0.1715736139368748,0.2177549446258862,0.45777107061833733,0.49782299773505506,0.6112587779511324,0.3903648880162652,0.579747785260199,0.6130145206396282,,,,1
2020-08-30,0.05619991293498233,0.05677500334185107,0.05519491815568233,0.05654552405831248,0.005173447674895465,0.3911041269062595,0.20968178433741425,0.13367747591863074,0.49872532481751997,0.05445764921553687,0.05445473999679767,0.05662355678991043,0.056563354660052495,0.05445764921553687,0.05216718361623746,0.2243692104091975,0.0017732878020497538,0.17324600746973695,0.22440831176152445,0.4800895527362263,0.515462362318217,0.6402389116751198,0.4319900514990674,0.6736231766275613,0.7152486900892342,,,,0
2020-09-06,0.05485775247684325,0.05589466319315924,0.053721850318675206,0.0547746244351674,0.0044945986143964944,0.36163604071226996,0.2069769134300531,0.13262345157868025,0.4944491409877902,0.054989147651501674,0.054637325839797114,0.056534108226831345,0.056239315748472664,0.054989147651501674,0.053725352277807475,0.2017603143993979,0.00128701279935597,0.1753041628622294,0.2016918459586753,0.46377099187185933,0.5029400064122256,0.6441639050067711,0.32105333586221413,0.4678191874227201,0.5999605359297515,,,,0
2020-09-13,0.05639701382244876,0.054742714330100195,0.054057482512635834,0.05674439167451242,0.0050793141724782736,0.3954307573029232,0.2059068499002895,0.13151937388004672,0.49406742887949207,0.05557459767075008,0.05474865716826963,0.05661396004298216,0.05591808623770306,0.05557459767075008,0.05539813204836366,0.17803858219286745,0.0022385066657448893,0.17591174167944804,0.17479328128156424,0.44645782661588684,0.5266111374730537,0.6288332118105653,0.29964093715343976,0.46047861474753354,0.7379496637296661,,,,1
2020-09-20,0.05726990391211434,0.05622245440996296,0.05524153213742535,0.057833447543003944,0.004755342845179405,0.4146982741382464,0.20560734515697215,0.13056309897558896,0.4951945883281608,0.056087770982925216,0.05491695509068634,0.05677738348165485,0.05576923003127797,0.056087770982925216,0.05670248680366793,0.1609001275477746,0.0021305697003484395,0.17893922925860686,0.20634921383100224,0.44212903146206894,0.520920423612509,0.6539835161540971,0.5408880360131728,0.529370850848353,0.6260322317568421,,,,1
2020-09-27,0.058414963482787005,0.056831205635962424,0.056770536488403495,0.05671598025330291,0.005903878410619779,0.44032033333056064,0.2061283619085406,0.12992509160978294,0.4976217296105457,0.05682904601892227,0.055208285406320404,0.057044848436875406,0.055024722029870916,0.05682904601892227,0.05923258538469582,0.12274308483503381,0.004060659970696938,0.181047494244272,0.1946582781277585,0.437898890603692,0.47839609128285493,0.6441266071670743,0.36061344358189806,0.5297620064268664,0.48769271276930387,,,,1
2020-10-04,0.06036721666642162,0.05803932479185723,0.058663151587972286,0.05932024807894796,0.006305151897263013,0.4830521079464501,0.20791917914540498,0.12985124802929104,0.5019241011912707,0.057578306477814804,0.055558187831517024,0.05749076051328037,0.05443889776851707,0.057578306477814804,0.061586562437360694,0.08895916286943381,0.005164703239047891,0.18507130588745796,0.16947058032146683,0.4479577946404911,0.49284404027719736,0.663393829714079,0.3046737668438386,0.6090629786930409,0.7042653104365054,,,,1
2020-10-11,0.062310074818508115,0.060483706736433336,0.06007095970043166,0.06224650022143259,0.005570203897098077,0.5235553861345312,0.21067707997440607,0.13046448943358913,0.5071638825970503,0.05826724135683249,0.05591394842365002,0.058097143401594456,0.054384411812297154,0.05826724135683249,0.06316032828878884,0.07063496953861055,0.004501747143933076,0.19067260824483367,0.20349774487434732,0.4738741846581314,0.5166473179956568,0.6784304148378375,0.5534738568867024,0.6950836137823353,0.7395603032884858,,,,1
2020-10-18,0.06484424709034942,0.062206925220312716,0.062243269572439704,0.06468977053963912,0.00770068228392289,0.5729023160909016,0.21462485750364776,0.1319174648987616,0.5135677817003241,0.05896654201260829,0.05636658499436466,0.058910479086456934,0.05496024019232959,0.05896654201260829,0.06398779604609935,0.06825822913460516,0.00831906043979542,0.19039388070244856,0.20425814626490435,0.47521715127783365,0.5072992416136051,0.6197796617979019,0.4095619406058305,0.5602169737629052,0.6119950663310658,,,,1
2020-10-25,0.06464714620288299,0.06467002716110151,0.06496564133295551,0.06567465344054631,0.0078122682743901,0.5664174304928536,0.21731843393587472,0.133736480649992,0.516359242912708,0.059426225346376406,0.05671261742586896,0.05962576632245584,0.05569310239698418,0.059426225346376406,0.06409943483936281,0.0756578360583836,0.009678907708951013,0.19069928905812847,0.19323257990736498,0.47150844777174256,0.4899990042470164,0.6254775019969172,0.3630059895171723,0.5336095405188523,0.5812911801135899,,,,0
2020-11-01,0.05730744966624021,0.06355553698659304,0.0612922937579255,0.05773874755593834,0.006813687150909655,0.36112488541250565,0.21339853377864906,0.13423610680651957,0.5062974409255545,0.05949765893384992,0.05684010110184385,0.0595062728589694,0.05565980752170051,0.05949765893384992,0.06429634098166198,0.0730888148755248,0.009350781921618064,0.20127743266044448,0.15226687956842036,0.4321607202835148,0.41841184170114015,0.7256036351054684,0.24025983995207728,0.34489140613969016,0.3686557949165685,,,,0
2020-11-08,0.06477855061364579,0.05757106183731759,0.06209408870202253,0.05982215929784552,0.008398195151403547,0.5080530767773084,0.2159541958051202,0.13525882257680266,0.510286576610932,0.05978186970826709,0.05711445042103629,0.06017854350147243,0.056297427776880404,0.05978186970826709,0.06414026445102647,0.08228193436039291,0.015210500534659563,0.20490862489527303,0.1711814471922862,0.48037745418535316,0.47910714170534074,0.6563689539024333,0.4921674945504487,0.8235644894013443,0.9057083987999245,,,,1
2020-11-15,0.07409867397121203,0.06644007681531346,0.07249880981837264,0.06867665451322583,0.011791899059304703,0.637248221368854,0.22500390364927658,0.1382831172357626,0.5255508249575842,0.06051738849730605,0.05759795572484599,0.0617603092874386,0.05925595177772151,0.06051738849730605,0.06214010842999871,0.13858876981298957,0.028724897708732024,0.18300750892395085,0.20283241178657688,0.4956208454412597,0.5183224806526928,0.4211717391005822,0.542590466958381,0.6327943659145484,0.8018803712412945,,,,1
2020-11-22,0.07716782454558603,0.07489701731953884,0.07478298878157374,0.07326963488275556,0.010200878838175099,0.6715794137694824,0.23413734012139648,0.1429290862250027,0.53791788171204,0.06136428475135128,0.05810984062833217,0.06351201469792973,0.062462250921155545,0.06136428475135128,0.06008134767704487,0.197575209248689,0.03398747403459316,0.17879096481334483,0.22355287832611478,0.49006189463337835,0.5223005507255278,0.5800095926888764,0.4886783829660263,0.5246963536992666,0.6622145307547203,,,,1
2020-11-29,0.07760895564883734,0.07720090952415204,0.07696461399856248,0.07701979116810027,0.009773589199728929,0.6764947456632914,0.24117179538279712,0.14836070868859919,0.5439093566495649,0.062282888389441134,0.05859698078126245,0.06514296877631802,0.06523485653127042,0.062282888389441134,0.058708574315899716,0.24322665530415102,0.058121786198421184,0.18861474977713144,0.2541583453952904,0.5063321360296743,0.5353414169991754,0.723351156975177,0.5219757273821592,0.6370109908981951,0.6960947472100953,,,,1
2020-12-06,0.07781545156785188,0.07580546146015177,0.07578056881954068,0.07553298136769042,0.008742452322610205,0.6789353404465601,0.2462976195014997,0.153955571150417,0.5451542418184948,0.06301038636691217,0.05907367499177175,0.06664016314766083,0.0674646453721191,0.06301038636691217,0.05757991923299548,0.2797125411210459,0.08905785856197067,0.1859549399239495,0.2643284783174201,0.5185675297991763,0.532928184131959,0.5963396215669147,0.4423443943886432,0.6148092957590595,0.6383382704983531,,,,1
2020-12-13,0.0815509963128769,0.07726645892623545,0.07876399687625148,0.07955775592284094,0.009237023164445966,0.7220097606541256,0.25263661029601936,0.159976769273604,0.5484055218209912,0.0639191743048016,0.05958241631373468,0.06838495886856127,0.07029877564923773,0.0639191743048016,0.05611061102982982,0.32585103922780406,0.5656333785759317,0.18907139182597582,0.27117194580069764,0.511387738563856,0.5207922561160108,0.6534979423425066,0.4301137380704167,0.5175364512872701,0.6023353748970379,,,,1
2020-12-20,0.085080079510954,0.08178057463167138,0.0824280316747718,0.0844916598653966,0.00821560995665828,0.758583386058113,0.25969197263899285,0.1665136717363509,0.5523383366388431,0.0653503772756336,0.06017294359976249,0.07033220919559592,0.07374979301065435,0.0653503772756336,0.05503167828645518,0.3728004419528521,0.4903515601210621,0.18347898307303173,0.29293790986535057,0.5206392700034365,0.5547177495969735,0.5676071994547839,0.48040924201685853,0.599448701765158,0.7745508693253141,,,,1
2020-12-27,0.08674136169312974,0.08398143731174974,0.08447913608085947,0.08358253456240942,0.006829673477783129,0.7748878191917198,0.26576374439107087,0.17322335966675176,0.5536560165483803,0.06720880471735087,0.060693647951597235,0.07226753410095504,0.07673672863843124,0.06720880471735087,0.05545362808833879,0.3967950992566731,0.4087447742847995,0.1798139696906668,0.28371827868141714,0.5193607948813019,0.5518734195469936,0.5856432648586171,0.3766398331965005,0.546812496280454,0.6369744480390216,,,,1
2021-01-03,0.0914999680869683,0.08679104482264316,0.08933653052373103,0.08955813143900687,0.004756773037736385,0.8177734684812915,0.2734241564442306,0.18045855194156635,0.5576635672203788,0.06920709688454221,0.061263491544024315,0.07451559616347343,0.08040364153290473,0.06920709688454221,0.05535201719564687,0.4323933988694703,0.2907902627825631,0.17565377059382858,0.28856571064344944,0.5300337936430357,0.5605189172689721,0.5799812690753122,0.4225780027460195,0.6059934858420863,0.6785571598166832,,,,1
2021-01-10,0.09749750416547198,0.09152056759328776,0.09478128711355348,0.09363973759244974,0.009974441490810351,0.8627192005726715,0.283213313034879,0.18863308933382733,0.5648271105795897,0.07139764018780272,0.06195783190543411,0.0771760216217489,0.08498720398240286,0.07139764018780272,0.054552722034045445,0.48302895520421585,0.5893536333439284,0.17247504932150529,0.3283908451544924,0.5438476561395931,0.5822559192990181,0.5893984631100389,0.5369135257678193,0.6205836188356676,0.7252188076445955,,,,1
2021-01-17,0.09598639354244422,0.09693376022173116,0.09714005638003133,0.09755087030211408,0.008633926093215697,0.8181902160743189,0.2886715857744564,0.19650332748531626,0.5625064929865888,0.07355359944527176,0.06268244709724614,0.07942523220416589,0.08834665395001891,0.07355359944527176,0.05517116636239051,0.5052869716272836,0.4994229362777436,0.17364630450481355,0.31993154284524816,0.5324860926690715,0.5650503474593874,0.6348708619811239,0.38093517523048864,0.4986526640054892,0.5869767936207375,,,,0
2021-01-24,0.09767583790455324,0.09557577875471764,0.09843598791049366,0.09686902403629884,0.008403222487471709,0.8317888882780956,0.2931839050233319,0.20389952334703593,0.5588913972844967,0.0758738360245197,0.06340543074953472,0.08163670088788086,0.09131535045304412,0.0758738360245197,0.05662574177191843,0.514137368155996,0.4741325305486859,0.1736344416524795,0.3228780438467558,0.5472281510105773,0.5707180206933707,0.6223721150135678,0.41562022794849784,0.6248831322964278,0.6674731539920687,,,,1
2021-01-31,0.09119962496867237,0.09848841329363647,0.09639419606682312,0.08952026689158296,0.009060391761680223,0.6535709349145197,0.29050139542721837,0.20916254251138408,0.5426235703903519,0.07775972818032711,0.06399710202518935,0.08296108941617714,0.09262822476347102,0.07775972818032711,0.059150118031772496,0.4971409742180029,0.49815020707932034,0.17304377340902907,0.32734531137144346,0.5216117545978579,0.5417288049581118,0.6162895987757739,0.4202231413808884,0.43083489261329405,0.544416650834667,,,,0
2021-02-07,0.09623980733242168,0.09177343832620959,0.09540594270175423,0.09332722252224525,0.0074798625873581555,0.7071118239392472,0.291241898823137,0.2135534764731419,0.5359729581226641,0.07987143855930268,0.0647778571536317,0.08468581115678238,0.09440615685287086,0.07987143855930268,0.06160118742863049,0.4852716733893277,0.40531213562088136,0.16673142101467245,0.36023191009642236,0.5563609237168318,0.58272841259357,0.5559820829918818,0.50634165751356,0.7247170303787797,0.7974481055576332,,,,1
2021-02-14,0.09729101970381299,0.09695248576155534,0.09620773448673194,0.09782549799577543,0.0076608021297724935,0.7176178350180267,0.2915282636220968,0.2171360331553112,0.5298081890879607,0.08197806352396186,0.06581869333138764,0.08635607665489475,0.09593974899962054,0.08197806352396186,0.06433922284972934,0.4687240815078208,0.41057776004493857,0.1634993239764838,0.3896017430349098,0.566025210571867,0.5822795375457439,0.5874229993101262,0.4904743722465844,0.5987346340518555,0.6456722234586723,,,,1
2021-02-21,0.0993465151182771,0.09797331695981713,0.09784861645159322,0.0981190713901886,0.007762837043971624,0.738222533687828,0.2922429654425462,0.22017630726812149,0.5256726859311364,0.08409028300313755,0.06682870897338312,0.08808197325050676,0.09748926827336686,0.08409028300313755,0.06707006735911662,0.4528792443401685,0.4123398694395927,0.16177030264433936,0.3941640426044502,0.5603635255948419,0.5785558770653572,0.6034427670383087,0.4189440960453806,0.5267446674873996,0.6342009775259698,,,,1
2021-02-28,0.09100252408120595,0.09909716831874059,0.09729855984247102,0.09064719259477874,0.007406685099547133,0.5402734268378784,0.28513140811937904,0.22087488347961196,0.5078146546935022,0.08564507625609424,0.06794978388782222,0.08877193840824775,0.09755786681135374,0.08564507625609424,0.07038804891130053,0.41946783080377187,0.3893579542780105,0.17237126703767702,0.4247694734156919,0.5411235293837173,0.5649556819324295,0.7402985120800782,0.4890422696499468,0.46281126272920725,0.5994138841742246,,,,0
2021-03-07,0.09762890857623478,0.092429020896206,0.09582547773116253,0.09518335736215129,0.006447628174621906,0.6186023179904236,0.2837067163750918,0.2210864355726176,0.504100558218256,0.0874216192765952,0.06943783144871724,0.09008834265662143,0.09836059677924675,0.0874216192765952,0.07329555531568858,0.39689349659046536,0.34212738594539976,0.17788064996355848,0.45547000878765415,0.5473227745874203,0.5737885211277571,0.6807301824777962,0.48526955787641046,0.5829656359371298,0.6787737680356926,,,,1
2021-03-14,0.09907432272255892,0.09783283158829452,0.09824951451973356,0.09854521771598447,0.005221298925628912,0.6342149184808458,0.282691647714486,0.22100822557392785,0.5018908024329084,0.08928716729172159,0.07090871093315845,0.09143035385761089,0.09887132167707434,0.08928716729172159,0.07675403541489688,0.3671208425786809,0.28239743119011423,0.1768784015430022,0.4541393426121133,0.5677386100617452,0.6120179908143633,0.6121652739190807,0.4033000618734691,0.6505915664078427,0.7823915963321812,,,,1
2021-03-21,0.09640875749731037,0.09869445471919952,0.09913522263971762,0.09709631669837679,0.0029590348953775466,0.5764577405766736,0.27878586763523194,0.21999351329857542,0.4947489388725695,0.09140599824410627,0.07228675425196904,0.09236612644642325,0.09683986756348162,0.09140599824410627,0.08386809539473138,0.28260464793914253,0.16620754234112162,0.17228586581229244,0.40956180818389065,0.5616501113092772,0.6198131032941774,0.5749413789479149,0.29735796404691023,0.5248165492302016,0.6736954775853806,,,,0
2021-03-28,0.0826303708642015,0.09243837900309719,0.09004508978268792,0.07294766365097703,0.006257684229684783,0.3427714035838947,0.2639467999006174,0.21556430134792823,0.46870960996172334,0.0923733569183148,0.07319495123225296,0.09177357503801624,0.09467418226066901,0.0923733569183148,0.08862665508920486,0.22050840397502913,0.35021047227190455,0.19090092926925586,0.4099420088791692,0.5740203866864971,0.6282213916686057,0.8193328151262619,0.4075520305825707,0.6111110319115417,0.6755447498271525,,,,0
2021-04-04,0.08679767459564078,0.08248296887546414,0.08394770636354842,0.08384769505204458,0.003880881685059663,0.40011375227769524,0.2547811713125695,0.20978655078729266,0.45842551455865904,0.09306149337921374,0.0741625621157663,0.09167274718954486,0.09377472462355804,0.09306149337921374,0.09122953082261338,0.18935758340815317,0.23086759331384366,0.19561473756786685,0.4126984095330375,0.5831471133148546,0.6517643552329354,0.6684037069139888,0.4137912126519304,0.5952477993750527,0.7257983947749713,,,,1
2021-04-11,0.08366280462985207,0.08653818548609651,0.08567249789849819,0.0840654981351828,0.004385927630665128,0.35533931120622986,0.2444397351425482,0.20264333301081186,0.4480123198503301,0.09341344490209169,0.07504491549937652,0.0912540733777953,0.09320627457313316,0.09341344490209169,0.09269305490976029,0.17142229221003258,0.27062060262186155,0.1962836949810117,0.3945442432997287,0.605078941377966,0.6601101964495807,0.6288838781754647,0.35909409578527524,0.6531943095317088,0.6744305593782883,,,,0
2021-04-18,0.0850613009052133,0.0832134763037759,0.08319253041959583,0.08207679014702397,0.004857021592617292,0.3756090209394745,0.2368493142166907,0.19507837917444745,0.4447961168861503,0.09381727435621852,0.07590853698227291,0.09102135130524526,0.09254522251663713,0.09381727435621852,0.094383054173477,0.15077587326027367,0.3095255401403969,0.19329682954101346,0.4308525395084124,0.6164889226267682,0.6749360373915354,0.594057762603955,0.5043507264126112,0.6038165167465157,0.6951367752169783,,,,1
2021-04-25,0.07915762348334653,0.0847494018343983,0.08295944625721209,0.07789102845579444,0.0031515412349180133,0.29258787063766717,0.2257754862678069,0.18632685758300585,0.4357472280334103,0.09389000428664074,0.07670635117887238,0.09019413257446525,0.0923546698315675,0.09389000428664074,0.09477464943470583,0.14567959234049105,0.21172519293593284,0.20138950055984817,0.4245794093259866,0.6154217653003989,0.663097840480372,0.7005166888275896,0.390622811377382,0.5484574200916502,0.6095599076545836,,,,0
2021-05-02,0.08409456361626634,0.07856824839530815,0.08207374162744785,0.08121501507511283,0.00295494471430132,0.3660600547500907,0.22059826518214704,0.17806354635567553,0.4394703709409225,0.09402783571558371,0.077576757731164,0.08996137800502987,0.09214986666808085,0.09402783571558371,0.0953260631424819,0.1390706421585639,0.20879773742787944,0.19792495382872535,0.4354148753358867,0.6156231046098788,0.6536531731708142,0.5901937910198558,0.43434368763619186,0.5540168915474929,0.6168246558145476,,,,1
2021-05-09,0.08817739226526129,0.0838409520206073,0.08564453398444619,0.08657506582812693,0.004155308984067548,0.4217551789838259,0.2194302272660624,0.17116815512159736,0.4499022707843282,0.09419567363449412,0.07847096062199849,0.09017725689907534,0.0920717062174626,0.09419567363449412,0.09578862407087883,0.13436068743068733,0.2999886341207256,0.2006490832471845,0.4452048075627379,0.6259780206881056,0.6709862707067603,0.6482587758400239,0.4312364748023321,0.5985538161901125,0.7035996166374444,,,,1
2021-05-16,0.08817739226526129,0.08841127109908198,0.08729474798602584,0.09012633587265115,0.001901623891914394,0.4217551789838258,0.2182154608726884,0.16535570849517822,0.4581609187599283,0.09427348960008658,0.07931086197921716,0.0903725758984498,0.09205065479546383,0.09427348960008658,0.09598455708110262,0.13247497799473149,0.14764039413143332,0.20725116354044099,0.4492918743921471,0.6141493362561614,0.6721028104847173,0.6842394157702679,0.4167023366109293,0.501879241915266,0.6508118031932171,,,,0
2021-05-23,0.08916290815994896,0.08822396021869267,0.08758376470896104,0.09028733804435919,0.0027987936393882923,0.4359743479796433,0.2177506200093388,0.16059243309663482,0.46616200743600056,0.09414684844188441,0.08007568463560072,0.09065223382236298,0.09197626999485929,0.09414684844188441,0.09579823255497423,0.13343675327951748,0.21680951309213164,0.20339371461544622,0.42771601067513343,0.6105271948897173,0.6734744016553054,0.5873669337203754,0.3533094977015528,0.5372176946112627,0.6516220310370059,,,,1
2021-05-30,0.08637531064077464,0.08885143519316945,0.08699640235843092,0.08588376148996521,0.00427353452830705,0.38785560686874043,0.2149203194886838,0.15609184703816475,0.4681653036076285,0.09354415637847946,0.08077995125797846,0.09061408291795259,0.09127368129450668,0.09354415637847946,0.09533677721992805,0.13124506777505518,0.3430513037020223,0.2067455995975849,0.4580362728359493,0.6202418165721225,0.6788944041987595,0.6534969129691142,0.4839317954731692,0.5960047755663913,0.6645217393219119,,,,0
2021-06-06,0.08738898871539559,0.08598562633683919,0.08530889405155091,0.08764519035944796,0.0036480174633433935,0.40425769053600874,0.21324937875463693,0.1520840391646529,0.47192328119100874,0.09307827816447106,0.08142556106032692,0.09068544780954647,0.09069446204921468,0.09307827816447106,0.09502414207061573,0.12883283319928013,0.30798269716107285,0.21340104151743103,0.47951714076604424,0.6254323990242319,0.6902587600349871,0.6832297991456894,0.4588617275016944,0.5757770110396225,0.683278790337668,,,,1
2021-06-13,0.09001701964387382,0.08700645703568356,0.08748121226975993,0.08964336817190624,0.0035497135015513195,0.446571544849694,0.21377154200213908,0.14900508491438882,0.47900681532656,0.09266326030216514,0.08210909884559499,0.09102452347204333,0.08984358541853127,0.09266326030216514,0.09515420148604677,0.1201081627130938,0.3142437491713811,0.20505097912328163,0.48712100963987875,0.6289658645815203,0.6902830200818957,0.5482640528286744,0.42448733082517903,0.5684540315259543,0.6473197973885386,,,,1
2021-06-20,0.08346571519974119,0.09005957278832188,0.08790075363620023,0.08548601717254029,0.0035572854590791075,0.3317265240408892,0.208808950585004,0.14533214960739813,0.47447705413934294,0.09224417336338145,0.08261729897655062,0.09064699854175133,0.08978512831287991,0.09224417336338145,0.0943086147058547,0.12698568368561347,0.33284256286554237,0.21359822785670474,0.4949149426034186,0.612659445028052,0.6741664547923814,0.7010222044737308,0.42473329866294995,0.48272384908111227,0.5967042369558163,,,,0
2021-06-27,0.08354080670799295,0.08271710634244199,0.08331373405733954,0.08450113265168054,0.0029824238949841854,0.3330603717744219,0.20480115902018045,0.14141678890282905,0.47262829289635305,0.09155603690248251,0.08314768581440503,0.09031327194897336,0.08902918555649414,0.09155603690248251,0.0937253103276922,0.1253326669904891,0.2946766819430697,0.21311933058786775,0.5202927407573495,0.6356624611361308,0.6846770880254943,0.6182425861455871,0.46508942476683396,0.6543892716754295,0.6807269399206456,,,,1
2021-07-04,0.08211414825269843,0.08337268190099023,0.08124397069545725,0.08197261850612617,0.0028129690412914323,0.3086446355547695,0.20040965742535854,0.1372139477162743,0.47043593690345703,0.09073362898891826,0.08355848138939928,0.08986230915584571,0.08799001142072445,0.09073362898891826,0.09319377806762622,0.12064178094489517,0.2941361637656775,0.21214999840120138,0.5201976724545629,0.65008633848392,0.68744523639378,0.6138699182350998,0.4063414218437605,0.6149306583310165,0.6559717180502965,,,,0
2021-07-11,0.08226433126920193,0.0815745314558521,0.0814584138414126,0.08385716550277499,0.002530086301138419,0.3117122276960857,0.19700389476270208,0.13302142386702415,0.470514617988567,0.08980797555476418,0.08396371900179161,0.08946998236465507,0.08620948714784812,0.08980797555476418,0.09334079848847311,0.10309201780642027,0.2828739669090769,0.21266268853902334,0.5143047429674157,0.6535513801352523,0.6899320837419595,0.6270768214133428,0.3934350747859116,0.5677346737261798,0.6550636700409896,,,,1
2021-07-18,0.08085646287700368,0.08181803420239263,0.07983617106425815,0.08101614402405322,0.00164544345249487,0.2855952018065898,0.19318765827461482,0.1287370892921808,0.46981445986626186,0.08925817838130054,0.08447797765719843,0.08896796303509812,0.08593107381080856,0.08925817838130054,0.0924775802492766,0.10818972452081926,0.2033712431630235,0.20906854120659674,0.4956752714781078,0.6450166775897502,0.6802304396392223,0.590452874237235,0.36474259546375504,0.5173112955187856,0.6168102518702002,,,,0
2021-07-25,0.07975830971993837,0.07987940205896893,0.07754266006514586,0.08166958269601496,0.0,0.265032319329624,0.18933614725336745,0.124370706972504,0.46918875524851966,0.0882898021275456,0.08511101154015359,0.08839904896288575,0.08425634619278423,0.0882898021275456,0.09240205826754039,0.09334856982956483,0.017604876711427856,0.20894431353006876,0.500522739698074,0.6620559997565839,0.6887070797331151,0.6213735284591626,0.4177220318760419,0.6253523561223624,0.6740870132329162,,,,0
2021-08-01,0.08363465390727431,0.0796546293620228,0.08085240939021296,0.08105403296198428,0.0025940652896195167,0.35290460231662857,0.18940114060255023,0.12089344508241673,0.4759692799253704,0.08745315368801698,0.08578341959161503,0.08828921548885645,0.08149241832370403,0.08745315368801698,0.09394355143270289,0.05361626758817487,0.3533985496999527,0.20585335474217628,0.521718475235677,0.6587278059171637,0.6804985837555817,0.5945352195375121,0.4550538125859451,0.5392980368634448,0.6214635359185463,,,,1
2021-08-08,0.08756732245447685,0.08363491890764697,0.08524363943053542,0.08601634695128585,0.0035128296178770545,0.43110334265668304,0.19257804067017995,0.11888609474488093,0.4871789779855807,0.08697405190673671,0.08649019884859094,0.0886006239363459,0.07928524028507104,0.08697405190673671,0.09558807784714203,0.017929496791220016,0.46820857496380275,0.20802806018447753,0.468206405758079,0.6670351169476135,0.694763876417909,0.6424123000400026,0.28768226860579815,0.5877973994819142,0.6924062990283412,,,,1
2021-08-15,0.08876869492766057,0.08727805961886678,0.08606408173049931,0.08748420693193733,0.00310955677574573,0.4536205937989283,0.19601537057725638,0.11811816078281459,0.4966308959025305,0.08730667686848007,0.08724505381819835,0.08900786217832451,0.07975128837535282,0.08730667686848007,0.09574724108070067,0.021051844528285613,0.4366822877594632,0.2090833591675575,0.46716087197503003,0.6733732744776324,0.7089588277802054,0.6320778587464628,0.40404554223209294,0.5793347626798268,0.6915647104773253,,,,1
2021-08-22,0.0884871189577498,0.0886266767080333,0.08773292888713403,0.0896244314337069,0.003146486341678502,0.4467664932331658,0.19845486498706982,0.1180985093186245,0.5023373758947266,0.08739822488069064,0.08802449022507922,0.08934690418754243,0.0799709963141041,0.08739822488069064,0.09567949396658448,0.023766475970639515,0.4466702651441049,0.208182234846993,0.4157399425793978,0.668071994729393,0.6978257767298465,0.6143494506725455,0.28303927311253824,0.5313730490445627,0.6129528318258415,,,,0
2021-08-29,0.08976359439654082,0.08896383014553705,0.08822706043753065,0.0907324302985955,0.0028300190468235078,0.47272763285387653,0.20130636746051805,0.11877792246209401,0.5076685151478614,0.08772881592504903,0.0887978359759526,0.0897869890024766,0.08054054552710845,0.08772881592504903,0.0957079369732031,0.029003006098543397,0.4137084136413534,0.20360422015245377,0.4872160054267975,0.6817027053052662,0.7006984101678863,0.5809581896956441,0.5924895843280908,0.6094160202813178,0.6561865273658892,,,,1
2021-09-05,0.09074909883387293,0.09011576018507596,0.08939246871973293,0.09252226893135593,0.0022327396358501833,0.4929167768000653,0.20422003702151925,0.12003174227619955,0.5120490000351484,0.08803702766963362,0.08957379181829342,0.09028810051513356,0.08120679479846236,0.08803702766963362,0.09556944411845207,0.036599268226057136,0.3450849818759543,0.20073301398789356,0.48636060824932176,0.6869496195075376,0.6960618531075339,0.595964727427597,0.4045579790918804,0.5744732758172005,0.6328494332890414,,,,1
2021-09-12,0.08793335059212086,0.09035927054419114,0.08880509951138837,0.08918881512559187,0.0028863001876083426,0.41622573694042264,0.20416884073697175,0.12102231758625642,0.5100414701254249,0.08851256885378238,0.09025794700743389,0.09044737193572021,0.0810275595114311,0.08851256885378238,0.09682852718376374,0.023917786555537668,0.44182463138313616,0.20550168267632113,0.4893070729928954,0.6714766739119653,0.6847980031799273,0.6670781074181409,0.41343357370173733,0.4905650622646307,0.6121185393412496,,,,0
2021-09-19,0.08612189685079717,0.08754964936121212,0.08594287076224753,0.0877114717936063,0.0026527394346300406,0.3701407157134553,0.20258274330881243,0.12142812176115092,0.5055819447559439,0.08862242646843504,0.09085486980092966,0.09040226169142768,0.08105982887952164,0.08862242646843504,0.09702951204649951,0.022484270688500885,0.4098630744957521,0.2081291560059179,0.5123086711882365,0.6663244324416417,0.6769352449608497,0.6465924702233319,0.46003776206466845,0.5319401333357737,0.6224552877478375,,,,0
2021-09-26,0.0828650175057938,0.08454336398378666,0.08309929513782224,0.0842833212837826,0.0032196902252475215,0.2937797569213141,0.1986788788115602,0.1208010878019155,0.4977054139479706,0.08833455824367754,0.09133127695183206,0.09002125472016378,0.0808938114827902,0.08833455824367754,0.09660223597660332,0.024600930394776756,0.5007016229724243,0.21487265733498506,0.5384468707327245,0.6708525023905356,0.6796679017790284,0.6836967223696004,0.46537892482763205,0.5718669698716753,0.6559253366042818,,,,0
2021-10-03,0.08444183606288073,0.08318538347149229,0.08232546627789937,0.08457689030745731,0.002943333642690444,0.33472487736783657,0.19679344402759305,0.11983983262126127,0.49515660822498925,0.08813213503726788,0.09178549527143527,0.08984123858346266,0.08066034984197845,0.08813213503726788,0.09644418298466689,0.023734959243575177,0.4516077269314649,0.21868505852751702,0.5497576057406897,0.6510326725625594,0.6550024296950419,0.6561972272938835,0.43111220632411323,0.47154925844738843,0.5690915978568905,,,,1
2021-10-10,0.08411333076465151,0.08407508461455422,0.0821949444075055,0.08385716218184669,0.003166137983507478,0.32667503796456576,0.19501701937794041,0.11863777476446978,0.49332022202412995,0.08785850733847474,0.09223666799748469,0.08964405326273206,0.08025711179224627,0.08785850733847474,0.09633746994456897,0.02078527090867729,0.4812208455032663,0.2182669601443015,0.5793175390268164,0.6579385715536361,0.658268037384989,0.6188543914941391,0.46977358255743257,0.5822025105999238,0.6578469575406511,,,,0
2021-10-17,0.08520208889016867,0.08397206723064159,0.08446048808877996,0.08629096977089844,0.0036245203115176537,0.35676154573470414,0.19445744953499622,0.11753971751569645,0.4941133414549816,0.08779493251970051,0.09288318916761384,0.08957937225837895,0.08018871051025259,0.08779493251970051,0.09628182595332813,0.020610691949091764,0.5537665958323599,0.22773193270799133,0.6027944062202226,0.67405181154503,0.6833226329197861,0.7050845735739545,0.4548682650162153,0.6204291672452892,0.7283287023641751,,,,1
2021-10-24,0.09180032266261977,0.08488987987800665,0.08938314817720068,0.08730426541865877,0.0041534501595950355,0.5099533239870597,0.19917733123693362,0.11781187627110681,0.5045627509160514,0.08803397493099441,0.09350947967253205,0.090210060961944,0.08094355557243228,0.08803397493099441,0.09588391428414203,0.031332873049154754,0.6261373248598915,0.23784482344254587,0.609162604705435,0.6888562477145949,0.6804059719892086,0.7076731814251829,0.41927726787403696,0.6138564067991493,0.6380352996369859,,,,1
2021-10-31,0.09575174690085192,0.090846263452729,0.09309377849504291,0.09324198989269164,0.003108323847486849,0.5811621018771864,0.20590451940306775,0.1196695455094275,0.51665401841706,0.08834472969316415,0.09401133846823047,0.09119342476577028,0.08231712603271192,0.08834472969316415,0.0948880606642531,0.05313634516585756,0.4774562376570115,0.23766601816171587,0.5982320703927483,0.7010332452195309,0.6899872785576773,0.6210446625376942,0.3848838913205973,0.6022714750867841,0.6775799881130701,,,,1
2021-11-07,0.10153340348614848,0.09527609230403968,0.09886484643488594,0.09524017364139772,0.005716956568807281,0.6663816646423639,0.21556271214825712,0.12351013833396564,0.5317759994909442,0.08932378587575193,0.0945760657077932,0.09268705001717095,0.08559610637494904,0.08932378587575193,0.09302977711475667,0.10019779403857032,0.8301710232026793,0.24267457380210944,0.5826442044656686,0.7195866429260618,0.7140140310997757,0.6631978857051491,0.3752298518680857,0.6270190057251869,0.7226101455184394,,,,1
2021-11-14,0.10668622311227544,0.10156026274171998,0.10419772927915145,0.10447347596153862,0.006124850498694018,0.7275080215616467,0.22691417219176274,0.12934985178523,0.5470215008768209,0.09057799519517161,0.09524999695435665,0.09457665607110001,0.08971145541879284,0.09057799519517161,0.09075312913666943,0.15787338699324388,0.84514048324955,0.24940178668554033,0.5772264714607185,0.7166310447814311,0.7166237831829547,0.676211707313904,0.39545052458846236,0.5415943041442106,0.6552434979642074,,,,1
2021-11-21,0.11595941714152322,0.10933353056490754,0.11495671879887603,0.11235257165291945,0.00781228280965417,0.8112356903474032,0.24269347987382117,0.13786827473611757,0.5674496175411677,0.09241201066143793,0.09613406937623267,0.09725491862292768,0.09576937820429803,0.09241201066143793,0.08737509637317233,0.24124225747633937,0.9962834237179488,0.2825001627253895,0.546050739606559,0.7196732542208136,0.7209547149962742,0.8807345860801559,0.3422217815928445,0.5650481475822952,0.6604867436936708,,,,1
2021-11-28,0.1196292654098446,0.11670408489403701,0.12197709501216032,0.11886796770568639,0.007076083193033691,0.8378251176768148,0.2573687806148272,0.14826053239424689,0.5817396755017725,0.0944367505840269,0.09701661913410681,0.1000614376035621,0.10147703998124472,0.0944367505840269,0.0848416569597518,0.3119342725235943,0.8490638360347427,0.3105861372418477,0.4874061420323707,0.6988668814384278,0.6616138700977818,0.8194658157412689,0.28050831916207913,0.47190883680872575,0.46653258442726153,,,,1
2021-12-05,0.13220625665505867,0.11970099931352539,0.12939837395599973,0.12223930960364002,0.005997428989117359,0.9085934819525601,0.27799551455200444,0.16160268785445717,0.6042359023069886,0.09721930540100562,0.09810887456520712,0.10391438172512187,0.10967685158968345,0.09721930540100562,0.08092581396007142,0.41280101136566866,0.6823364271437168,0.36196750170896125,0.4604124727945391,0.6875536374359773,0.6558922856484461,0.9543585316649015,0.3436130435339646,0.5079751311338423,0.6287885616628641,,,,1
2021-12-12,0.1439479150220886,0.1322693502084425,0.14239493925399854,0.1337738343617002,0.00789611348461552,0.9540948146271617,0.30239504794288696,0.17822448804706156,0.6292468134268332,0.10069762697334649,0.09943476544697798,0.1086268378808693,0.11949703179092468,0.10069762697334649,0.076555378781861,0.5258529885574185,0.8123216055632898,0.36363395674601845,0.5105028085304983,0.7225040967093262,0.6856852277525823,0.6319004016867141,0.5280931236315027,0.6943704675871291,0.7438933281994308,,,,1
2021-12-19,0.1485469662825866,0.14447243100524498,0.17534317224377963,0.14788421507626107,0.010669483257815991,0.9687054029459135,0.3238722676233357,0.196757607470533,0.6438227322550804,0.10421511076815664,0.10075695827871564,0.11337087638693882,0.12861972005555683,0.10421511076815664,0.07312155803845363,0.6204883734283605,1.0,0.4196010276736662,0.49500993839033736,0.7041057342035032,0.6796639867979135,0.9370244032916376,0.3715970454282473,0.48152363187674313,0.6282773282213905,,,,1
2021-12-26,0.13041357006212015,0.14520292418711345,0.15133588143227208,0.11745694009211534,0.006979552392680843,0.6446653717012545,0.32499181983915715,0.2118570255018202,0.6176369690583103,0.10653687340629724,0.10151986233596884,0.11576900224910584,0.13223104912564648,0.10653687340629724,0.07379546716836274,0.637508517441247,0.6350895411365635,0.29365472218122424,0.526660939242562,0.7252765429332729,0.6944260328017013,0.0,0.47954926323816494,0.637163919688222,0.694017185833165,,,,0
2022-01-02,0.12725992149059073,0.13052738785585574,0.1320461738765913,0.12714480105982848,0.004082629038697602,0.5999452342753396,0.32189372906143604,0.2231813127439773,0.5888474298438616,0.10862264513007525,0.10224469687212438,0.11760932506256191,0.13488770245958578,0.10862264513007525,0.07511775557270992,0.6419906133045539,0.37254233739188025,0.34931785523786746,0.5355004059891508,0.7334086651700248,0.7028744336875525,1.0,0.4260559901076867,0.5846930653047514,0.6736308238141503,,,,0
2022-01-09,0.1437414305604296,0.12796127432487814,0.14077269868614758,0.13057296159299964,0.00482099198125485,0.7060757660473923,0.3309214470726857,0.2344415039372061,0.588358626722278,0.1116167788859656,0.10331237086595117,0.12099593284441947,0.14010981985058402,0.1116167788859656,0.07529757396054766,0.6727084438405181,0.4305786003108187,0.3638948829402647,0.5732344729340959,0.7154591870817238,0.7070069208843609,0.7073936865908529,0.48881217117447806,0.4840646554745953,0.6600463684083129,,,,1
2022-01-16,0.14745819669971388,0.14465038167064811,0.1455182125190542,0.14508108700076564,0.00576208405887016,0.7260505683232561,0.3393383797928622,0.24550152211505993,0.5868320865312986,0.11474314769372068,0.10461629013636593,0.12444823634755654,0.14533831324388044,0.11474314769372068,0.07575892556502793,0.6998061413200781,0.4979652975947258,0.35798223373140414,0.6142001370151066,0.7126042585918331,0.7027679590372317,0.5892896706699874,0.49152011657290684,0.5419384829464798,0.6341629860820286,,,,1
2022-01-23,0.14166715654022474,0.14830288930873692,0.147009934258061,0.13953163380427266,0.007397673130240389,0.6464342419291887,0.3397262723473502,0.2544440964298136,0.5706842398641995,0.11750230749394097,0.10566917139895995,0.12696685374910377,0.14879127793690544,0.11750230749394097,0.07758300165906928,0.7034094603261605,0.606112179579278,0.35123041850821013,0.6315939381157923,0.6592674306582453,0.6844083021089522,0.5840199948039829,0.44082283148582163,0.3433474037191387,0.5903587945267117,,,,0
2022-01-30,0.13903912561174653,0.14047342527691328,0.13921572454843684,0.13203133895416405,0.004890058382549313,0.6113750555722836,0.336299139897682,0.2607626954920899,0.5506735322493926,0.12027163936450175,0.10663677790089741,0.12897109539944893,0.15113621494792667,0.12027163936450175,0.08078111513577035,0.688391289755561,0.39669429236328874,0.3590171156003359,0.6519342039600516,0.6660948781019759,0.6656826265364416,0.6676276351280761,0.44579362616671636,0.5816050205641848,0.5881860059646902,,,,0
2022-02-06,0.13534112662084738,0.1404172356888636,0.14066081576823403,0.13741034690608028,0.0041469922438321085,0.5623850991183476,0.32908317608509124,0.2640584796307022,0.5276212319069982,0.12293874267316518,0.1074710341950969,0.13039818739405684,0.15230823120826326,0.12293874267316518,0.08518651794138837,0.6566822879261345,0.33336616929599056,0.35749298651273576,0.6827297351189326,0.6799227989585213,0.6512642003505064,0.6138334308750362,0.4645518184665996,0.6103568316443616,0.6009245688257628,,,,0
2022-02-13,0.14541209631679788,0.1346949755631244,0.14252544730103403,0.13472084074721893,0.004279033538973452,0.6347214219765943,0.32977653282819674,0.26686413224282657,0.523883438015806,0.12632805863002666,0.10873209873246527,0.13274131542621398,0.15391824822814196,0.12632805863002666,0.09063766502335317,0.6196537810948392,0.34045000637987055,0.3554143715882679,0.6938504060371925,0.6634351936885632,0.6726601497634308,0.6106368982661635,0.4267695949220077,0.4859450292798934,0.7169768257350764,,,,1
2022-02-20,0.14365695547798524,0.1423558644940508,0.14291704919123954,0.14063962870547606,0.004064906117308316,0.6110251466190116,0.32738650004637737,0.26852601629673223,0.5151609402803887,0.12953682158005206,0.10979890251876957,0.1346779575378376,0.1545543849448334,0.12953682158005206,0.09688191117218767,0.5719022349719465,0.3206904202494428,0.3562001476974603,0.6852960716830957,0.6493877461337421,0.6475148678628089,0.627003431372549,0.39119452190408904,0.4948279943516288,0.567020574041797,,,,0
2022-02-27,0.13614829731909825,0.14470657955366548,0.14306619793975492,0.1269743480099348,0.004382761829033966,0.5141809113694025,0.3180969040648303,0.26759092198410456,0.49535611371976673,0.13235650470211524,0.11065817548677886,0.13564585077957195,0.15329192029161612,0.13235650470211524,0.10459117888582817,0.5031165621985626,0.3413970659663699,0.3719276882656758,0.7270221371546634,0.6565916233704406,0.6162793514878709,0.7125221273355526,0.4821890291655708,0.5835137555208589,0.5450556676976275,,,,0
2022-03-06,0.13975244911071602,0.13254093509171627,0.14178892630611192,0.13506175778887447,0.004760589371621976,0.543755888151805,0.3122205183344047,0.2654103114384228,0.48585767765577903,0.13531249257337472,0.1116627632856982,0.13689803052846491,0.1514316977681326,0.13531249257337472,0.11332792082184676,0.4250123744335467,0.3664293445174167,0.373721623012678,0.9188290007126678,0.6453609599441441,0.5194936376262032,0.6323777927087676,0.7386515286227671,0.506158022278623,0.32027515762069747,,,,1
2022-03-13,0.1456748822236124,0.13842240188574112,0.14377477323880397,0.13994831917688574,0.005290642236021938,0.5899552746572218,0.31090291349482474,0.26334461958511884,0.486734059531133,0.13823185999804224,0.11312396201019517,0.13864957482873522,0.15018160211603696,0.13823185999804224,0.121240193850413,0.35901492023999204,0.4022997169348649,0.3952046688793361,0.8671228664086758,0.6202821237581024,0.5545600592920681,0.7403184970061056,0.332323965187357,0.44688232950937873,0.7790308288773596,,,,1
2022-03-20,0.1541596727029945,0.14623313203338792,0.1512706217458086,0.14964565974229788,0.004369451152162818,0.6490610622871495,0.315181032040204,0.262734978402731,0.49783805306938705,0.1413968825489204,0.11468522822658148,0.14112057273555553,0.14965928219484298,0.1413968825489204,0.1288020472130293,0.301962112057464,0.33024108383182194,0.3912108042221376,0.8220701354982559,0.6723907622418208,0.6061491774031013,0.6016623137615573,0.33875275895431434,0.7804422235239927,0.8335357138359126,,,,1
2022-03-27,0.15708805820712418,0.15503658818694288,0.1563984086424694,0.1572311663123361,0.004340069611603916,0.6680229243722232,0.31943801756453194,0.2632850259859501,0.5066819599586865,0.14440729136901395,0.11638702406192915,0.14366211806786813,0.14941262262878427,0.14440729136901395,0.13568932448836366,0.2530053134268263,0.3319348837954395,0.39514536875694156,0.9429712009938445,0.688485814844419,0.5990954083143994,0.6432099049258927,0.596488670308627,0.6192721164098469,0.6231593167818456,,,,1
2022-04-03,0.16424003743049312,0.1568909371631736,0.1611905425051327,0.15949451551950786,0.005870287485741535,0.7117781761309693,0.3269414372993655,0.2655542346686338,0.5197924609329848,0.14752603112401366,0.11822216983946476,0.14670866181049305,0.15045096539232342,0.14752603112401366,0.14124592521006965,0.2223321304068312,0.44681322214542174,0.39011040094949195,0.78842313538272,0.6890495255868788,0.6083436205880128,0.5962277379621027,0.18935554257895532,0.5554092035826202,0.6790577423093294,,,,1
2022-04-10,0.17753973574886928,0.16478595885484895,0.17423371131674273,0.16842478462105226,0.007409884476582468,0.7795535086342625,0.3417229630549503,0.27097301626155146,0.5438114308370282,0.15086296004942606,0.12050239715594219,0.15085426058579843,0.155796700462424,0.15086296004942606,0.14202491938866066,0.25016390740150507,0.5635983333164175,0.3927049863237502,0.7731204018481321,0.6774563924173925,0.597643656300984,0.6361902763066772,0.38169716851980096,0.5063615479874725,0.6107941832346837,,,,1
2022-04-17,0.18701941423977606,0.1776820847950532,0.18381799019798417,0.18134193353340358,0.00908369724510856,0.8191280192269486,0.35904317578740425,0.27953033287964124,0.5677462246839815,0.15451471343433995,0.12288791267834395,0.15559522746538593,0.16299542800758324,0.15451471343433995,0.1412320739797307,0.2982692384102172,0.6772967441621229,0.3888205313821189,0.8579031989668084,0.6581902456904859,0.5897690247785252,0.602117278964251,0.5464207965243537,0.4744079341841054,0.6201129463239785,,,,1
2022-04-24,0.18496391882531193,0.18709427826725783,0.1898314423149285,0.18745958863412743,0.008071822619596837,0.7894696519799289,0.3691108663525025,0.2888304702745026,0.5734110530241671,0.15737355815801854,0.12513115869783945,0.15966996968769287,0.1690285410184902,0.15737355815801854,0.14012649254380835,0.34020487965742374,0.5925048984942582,0.3912309668293228,0.8099040033128149,0.6338664319149939,0.5883389656112873,0.6352562284312552,0.3336913148176525,0.45157602143472103,0.6422750002773446,,,,0
2022-05-01,0.1810312731928205,0.18415356661726093,0.18498337054961744,0.18115253350672353,0.006156623846870913,0.7325859733754209,0.37190987232073847,0.2969529169984528,0.5644298617366201,0.15938303997509673,0.12728325678616395,0.1629458620250275,0.17341176836146138,0.15938303997509673,0.13917546682935755,0.37094246230882877,0.46055837237041847,0.39374843659377184,0.8354718655564511,0.6057092081323975,0.5854334720038898,0.6357491341567117,0.4472022286830829,0.43224586152899214,0.6371330928097404,,,,0
2022-05-08,0.1836686876954913,0.18317019344912794,0.1832399353950743,0.18441025083315896,0.0019521011334307865,0.7464980880591315,0.3741333909513021,0.30399291988314636,0.5561750326728304,0.16128622415379987,0.12947364134997913,0.1661852521917849,0.17773535846253907,0.16128622415379987,0.138064633507295,0.40183812303934646,0.16414937301278346,0.3960076383478112,0.8644615340575941,0.6039796366130226,0.5575950039963293,0.6343212961023164,0.45150851017362587,0.5454566230923095,0.5500667709961136,,,,1
2022-05-15,0.17996127075833296,0.18327319862553548,0.18410699293407817,0.17763914899320649,0.005201202356903135,0.6911671991496187,0.3709060317342245,0.3088381621726524,0.5394375605822184,0.1639711267229975,0.1316427070244676,0.16872887577188764,0.18032034380421652,0.1639711267229975,0.14078517095324777,0.39798036522232844,0.42814069884554395,0.41207084532176014,0.8564775370043488,0.5839564521162673,0.5808363214747593,0.7061397034765746,0.39450789779567697,0.46407304898607993,0.7308863504180391,,,,0
2022-05-22,0.17556870395949395,0.179264842012269,0.17698405808761467,0.17864295185145052,0.003918532699850017,0.6276817616602985,0.36290762974105134,0.31076451947387956,0.5171778407138405,0.16658889449714329,0.13368647078221377,0.17057142984476856,0.18124584747399552,0.16658889449714329,0.14538337729200224,0.3734405221016031,0.32549157246239413,0.4267738822494267,0.8659823368387081,0.5592863897821874,0.5778119022934954,0.6963651958876461,0.4210004948186195,0.44069240499481,0.636633603161452,,,,0
2022-05-29,0.18180090959430104,0.1767549101932797,0.18122612136224991,0.1761523496031094,0.0053309756229343195,0.6700052702193892,0.35959272245818946,0.31149750298136314,0.5080770483038395,0.16865127058330895,0.13581376941667156,0.17288947921404083,0.18384321630901837,0.16865127058330895,0.14672680577559447,0.3787308595641148,0.4371860755750904,0.4403560987902994,0.9313753335933873,0.6110064571620388,0.6093760845420276,0.6886065029597465,0.5050684525616448,0.7962666365483296,0.7583400627590797,,,,1
2022-06-05,0.19705284963895625,0.18374147543606292,0.19550926959643145,0.1875732290890435,0.00614268769611826,0.7549083143215604,0.3670569095687597,0.31390349634253273,0.5208355950878446,0.17133871741179948,0.13844640741136782,0.17657988280980333,0.1890360260232138,0.17133871741179948,0.14627139094947472,0.4086460584914666,0.5005089898620508,0.4439973581894448,0.9341317342472556,0.6009998541568039,0.6092380333227148,0.6397239425694103,0.41046635948170307,0.5089990429228217,0.6467739571825454,,,,1
2022-06-12,0.19159032623505187,0.19806114940469038,0.20125239415953083,0.19180633934038813,0.006370351495982593,0.6805620655142682,0.36664004153513463,0.315726667667076,0.5163909337460942,0.17404396598423982,0.1409506986924181,0.1793482388794419,0.1921571230069303,0.17404396598423982,0.14838239195906924,0.4113886909487583,0.5235995124820368,0.46641738557990836,0.9558977345698425,0.5591857201274474,0.5633481650146569,0.72777800353768,0.43737996339343455,0.36647982459338707,0.4910665486736232,,,,0
2022-06-19,0.19067050681706782,0.1906156706984811,0.18888978812701046,0.1878099825969357,0.004472194563700939,0.6680659703498217,0.36361501041554206,0.31644776790026136,0.50798642522069,0.17684177952758318,0.14346673711114732,0.1817568634929595,0.19429488605595752,0.17684177952758318,0.15189556945885221,0.40052247503442323,0.3719812924151664,0.46810759460018514,0.8714000698436581,0.5136790054663918,0.5215782687998436,0.6300856483058711,0.28912606329955753,0.33918163312533545,0.49787524820348306,,,,0
2022-06-26,0.192622771458058,0.1914304689377931,0.1922927778186287,0.19179688988807422,0.004365759793392758,0.6803806846155696,0.3608328743603277,0.31634642379681177,0.5017143793489465,0.17994577089812616,0.14602454283545732,0.18414001645696723,0.19562850352081076,0.17994577089812616,0.15705967068873833,0.3759550396547783,0.36263090555598076,0.4695694260389368,0.8714000698436581,0.5613762682201384,0.5210439701476913,0.6290386248248181,0.40655302069573146,0.7911768876325075,0.6452405630080047,,,,1
2022-07-03,0.18227020287748563,0.1905126520146857,0.18971958097812422,0.17820735956391284,0.004279672316316986,0.5412492716590033,0.3486251548139095,0.31328937186965106,0.47917384471576396,0.1819430467274789,0.1483750349614154,0.18521483887936485,0.19597495902846243,0.1819430467274789,0.16100675985281568,0.35422336351597106,0.35567471060881833,0.45017690036690783,0.8572378658790379,0.5439785561838179,0.500992720477697,0.5359597816135009,0.38532497693257833,0.4715648989414379,0.5720223475419616,,,,0
2022-07-10,0.18135038345950158,0.1829735271763799,0.18173890484703845,0.17738345221309854,0.003137177191331053,0.5297383614823505,0.33656757492185807,0.3079043544674022,0.4614205383858454,0.18398558715230984,0.15072966037394295,0.18609121876442633,0.1955987848629258,0.18398558715230984,0.16593448237237646,0.323508594214007,0.26567498062260914,0.4669896869041908,0.8134207328413724,0.5588876927267207,0.5142813858019102,0.7004614977394864,0.33999788387078483,0.6246135486926178,0.6982826116963987,,,,0
2022-07-17,0.17650729052586314,0.18080076416867844,0.17852239703959447,0.17888918763332157,0.001291578154988512,0.46929066834943645,0.32168899578473004,0.2999692663942351,0.4419734347804801,0.18617256985843886,0.15288219316770363,0.18637825515611592,0.1929866704123262,0.18617256985843886,0.17390604850036628,0.26462683535824655,0.11882124785643455,0.47307432626298146,0.7577226725266256,0.5515951888359713,0.5043897688450745,0.6497856683973984,0.31830729588097717,0.5188344796081179,0.6098423795709538,,,,0
2022-07-24,0.18910307183417346,0.17765398514284114,0.18800408613030495,0.18143663518830164,0.004607908951747807,0.5726727928246853,0.31844271895316484,0.2928298242142866,0.4480411129413502,0.1888467931196575,0.15523551313617237,0.18795363010219343,0.190917247628668,0.1888467931196575,0.18228155087195308,0.20743431580829214,0.3975154533694712,0.4806765623639868,0.7771124003747547,0.5714210647418445,0.5299523492245305,0.6561913003936235,0.43905287495734,0.6472554482948256,0.7450295865649393,,,,1
2022-07-31,0.1962175167607721,0.18878944036579207,0.19274963042138918,0.19269654996595026,0.005132553043779374,0.6216898206432504,0.320049428044721,0.2875099512189424,0.4619173363941641,0.19158560940005068,0.1577258818935124,0.1901220990914823,0.18968384184933523,0.19158560940005068,0.18977844167502622,0.1605637294070261,0.44224775984483,0.4873400071138938,0.8418401365575314,0.6053789841379917,0.5450923513559489,0.6516031091312801,0.5129010067849362,0.7103392108436282,0.7034598817456521,,,,1
2022-08-07,0.2110564878821093,0.1962349040586075,0.2085431326251716,0.20022523065144107,0.006668719430744916,0.7066847144898336,0.33149643039739796,0.2860445831523029,0.49131219103516116,0.19466874752971253,0.16056670342853305,0.19363403194565915,0.19243062337804884,0.19466874752971253,0.19317287337968458,0.1570709903060626,0.5591198641189562,0.4872362248300655,0.698412669348799,0.6083789201872003,0.5509992876980672,0.6220491211639863,0.18548868036853153,0.5664544027228118,0.6688019775957924,,,,1
2022-08-14,0.2217375617609109,0.2111352130287773,0.2210082757789256,0.21529207846372872,0.007883192901853226,0.7561268336165076,0.3472626192282529,0.28871574279813195,0.522857780695965,0.19817199017770445,0.16362549774101895,0.19792717217485808,0.19759543891559486,0.19817199017770445,0.1945364587743551,0.17662264197861371,0.6378801362529067,0.48745566638933185,0.7291132047207612,0.635551665529791,0.5655839401313386,0.6234434873430231,0.4613941973494828,0.6733572465638713,0.7001201605712859,,,,1
2022-08-21,0.236370025505878,0.2219990637944184,0.23546857540681446,0.21658950755333645,0.00947643881329716,0.812118020175501,0.3693311973418934,0.2962325101147801,0.5598108877137565,0.20208058709700807,0.16700059111116422,0.20333985617748512,0.20691786018328306,0.20208058709700807,0.19171466686879116,0.23798207413122993,0.7405958249488633,0.4912392800164858,0.7155213380569928,0.6251484791385981,0.5490664422676508,0.6388133215413525,0.38307252120545787,0.5085567811576951,0.5883230679770404,,,,1
2022-08-28,0.24818679829587076,0.23533536895537863,0.24817613732221208,0.23909033312764458,0.010752524347669781,0.8495581029154132,0.3938784116285277,0.30823000118451555,0.5939813521040361,0.2059088268956958,0.17071482615449773,0.20947135153473342,0.21854250411961787,0.2059088268956958,0.18590837693718512,0.3240341213521398,0.8151389890575533,0.49388128852152885,0.7561068014427249,0.590755684529812,0.51140541500292,0.6338098110159671,0.47770266807298795,0.40396259339069235,0.5104077449953571,,,,1
2022-09-04,0.25537631181601,0.24726686124901745,0.25197998259918614,0.24855093953996574,0.008135676844128466,0.8700112614141686,0.4164598393854221,0.3233328552345851,0.6176631724941647,0.20961296669120474,0.17463767891249166,0.21576986589428065,0.2298366222447905,0.20961296669120474,0.18023381155581314,0.40544194345959217,0.6239918233246393,0.4951059194707024,0.6803535351603428,0.5638970403072351,0.5165841648576727,0.6277149022847462,0.2793663682992926,0.4317361070543736,0.6668912273748528,,,,1
2022-09-11,0.2834117275675383,0.25688510835852313,0.2815345586904149,0.2615533145053001,0.01293438373157047,0.9328773081339139,0.4535879898357712,0.3444661744334789,0.6636521256142366,0.21494767992531616,0.17928580117762738,0.22439692329541128,0.24714065810466085,0.21494767992531616,0.17079467625873257,0.5299313991614425,0.9471156441947988,0.49604295755161076,0.6786426682895235,0.5927087151558509,0.5190776227477346,0.6264804174353478,0.40343442960623777,0.6877852156289971,0.6566464561670324,,,,1
2022-09-18,0.2698868005538291,0.2858990727285685,0.29732811904630674,0.2643469798126511,0.010802787185242548,0.7947983568145954,0.4691046907350701,0.3651554641575862,0.6602659107541986,0.21976260433849312,0.18358390643271882,0.23078962816666698,0.25727655899826507,0.21976260433849312,0.16896336593242794,0.5802600462389449,0.7631447213741182,0.49706652799996176,0.6644805368407711,0.5536428430388531,0.49627593839449896,0.6268407543524136,0.3806880468928428,0.37698219818748635,0.5615086690130361,,,,0
2022-09-25,0.2609045775260402,0.26953773726566704,0.2673446313688192,0.2522537281149006,0.007722514109779409,0.712015326636763,0.47107421789991993,0.38218702384453074,0.6323716818591439,0.22394788107437516,0.1876814422641454,0.23563527800697937,0.2640604471908009,0.22394788107437516,0.16984389501578903,0.6015189884456922,0.5237341125182714,0.4989873768858798,0.6150556067084502,0.517381613739481,0.4662371868203637,0.6306333602860826,0.31481358675250554,0.3814379772744672,0.5312214809356051,,,,0
2022-10-02,0.2513685746752668,0.2601349110182508,0.26038953810173604,0.24268897378096407,0.007568883125868242,0.630069673495816,0.4619732272854812,0.3935936479267832,0.5894753391320765,0.22781731701291724,0.19153272529969997,0.23902336706597857,0.2681111089176348,0.22781731701291724,0.1733679164437756,0.597823870010443,0.5043521023147896,0.503716908059098,0.6322592712035627,0.4957155181732075,0.45507589656196307,0.6424599818838099,0.44041280688316325,0.4455426833994825,0.6025301238149872,,,,0
2022-10-09,0.28774799292122183,0.25200575242707013,0.2855715149199457,0.25661942263846943,0.007705721691651043,0.7505869866663859,0.48030240520181067,0.40718720231449046,0.6061530966204903,0.233896114957362,0.19607425444595253,0.2458887440588078,0.2780306100702542,0.233896114957362,0.17456579079503565,0.6279394843865016,0.499164755762214,0.5060238722865396,0.7269270688518767,0.5065958531672133,0.4655017479909328,0.632150433452853,0.5890415596370527,0.6087853128150924,0.6895965822828279,,,,1
2022-10-16,0.2933231650448594,0.28743499871071887,0.29036366714049816,0.28645957622986334,0.006093379645903771,0.7654010534028454,0.4957615406045183,0.4218306469729837,0.6141596687924237,0.2399393094139073,0.20065341761121644,0.25268262271088704,0.2877255395009313,0.2399393094139073,0.17595974485185845,0.6550136775445089,0.39398986220765814,0.5053596656700386,0.6671418691918529,0.49520209310301283,0.47633308877537367,0.6197289915758265,0.3030290732186991,0.4957209231112251,0.6906750579372521,,,,1
2022-10-23,0.322193959503994,0.29373787758934805,0.3194148033371606,0.2988179824107649,0.010174179740126913,0.8316689763283656,0.5270608021516795,0.4411754822569938,0.6500129616546173,0.24672048558692314,0.20576772361577766,0.26184512520943715,0.30310387120786586,0.24672048558692314,0.17203460812216345,0.727389641808176,0.6346770448527673,0.5063322216115704,0.6849158709878171,0.5293653333721331,0.4955951167606214,0.6265543510776836,0.4394431879994795,0.7279993039144965,0.723456855973356,,,,1
2022-10-30,0.3169754319438079,0.3222742323533025,0.32532573249974533,0.32118629184261066,0.006701936415718198,0.7916801658717407,0.543686036229907,0.4607042211400503,0.6514154295880896,0.2535148834646492,0.21064165026053136,0.269589914162282,0.3145125566020093,0.2535148834646492,0.17298132607695232,0.7590947954031966,0.41935505207768353,0.507020182211291,0.7064917347048307,0.5592259781583224,0.5292721693908357,0.6253619319137178,0.44567989145705894,0.6990655555241653,0.7774244441993323,,,,0
2022-11-06,0.34869947456939826,0.31651452314333056,0.34565032090264475,0.3214987889795192,0.007319641990448827,0.8549232969932758,0.5775898458835562,0.48459222401235613,0.6846596292131714,0.2620781946892669,0.21603592595114934,0.2799107962659871,0.3311061382739847,0.2620781946892669,0.17147266020766397,0.8173991890883165,0.4484112629059226,0.5070290616764468,0.7331052032473838,0.5329491829118963,0.5435019063230379,0.622533706092762,0.45367142173394603,0.42959831192459635,0.7001212781501721,,,,1
2022-11-13,0.37108467251845945,0.3488719096236859,0.37537273565764795,0.3545682404491855,0.010243703386338576,0.8901463811543949,0.6173225218290219,0.5133885889655234,0.7220913078751524,0.271748730555275,0.22186397207621655,0.2915869528866387,0.3501846275659134,0.271748730555275,0.16935488602985901,0.8825929086377291,0.6006805897729285,0.5032766110129928,0.7085828022709286,0.5777229949595863,0.5937786714203522,0.6068886179025414,0.3643700879304315,0.7709147464224999,0.8310662959353992,,,,1
2022-11-20,0.37776738137335486,0.3696442898595917,0.3969652759986086,0.3750709105617111,0.010798329962352783,0.8998064217766703,0.6488576597819968,0.5441132620253433,0.7367967856333971,0.2823423780795599,0.2275554049144988,0.30284912793414176,0.36644144620368213,0.2823423780795599,0.1726991605817541,0.9097726724506271,0.6067043187930021,0.5067325327859228,0.6290276740674972,0.5721680748703031,0.6073827815343947,0.6369699491329649,0.26602571024159766,0.5276190292240274,0.6943082634340034,,,,1
2022-11-27,0.410392430439122,0.3744393834842271,0.4114815410296536,0.3766713268331865,0.010783518141127156,0.9410305256775716,0.6939509141574594,0.5796857556172819,0.7737667681611283,0.29475376290163846,0.23373085742704267,0.31644652039350946,0.3869120794019338,0.29475376290163846,0.17487958096259817,0.9513513468008747,0.5778296958193957,0.5075509706220421,0.5911034705169789,0.584405483999104,0.6145804422240725,0.6259028583792232,0.3331638900923408,0.6097327086579877,0.6717874614797683,,,,1
2022-12-04,0.4187176657851635,0.4122099876677992,0.4256528280462608,0.41017638334239914,0.00950122963881952,0.9501694792581366,0.7301004985780546,0.6169562333244555,0.7867157712557561,0.3078787162230288,0.2399926726588088,0.329618524327951,0.40428011163889366,0.3078787162230288,0.18240633089866073,0.9579881600676835,0.485550953529014,0.5077229607719722,0.6095428054007135,0.5935824962997266,0.6137924399596731,0.6232114812444411,0.44393839263567725,0.5949373232581918,0.6445768999876351,,,,1
2022-12-11,0.4226878686291364,0.4203859648743065,0.42014282247258655,0.40014759467678834,0.00880217268988471,0.9545731781026091,0.7554164145861446,0.6529440854756592,0.7769343356436776,0.32053626465066426,0.24676678864544363,0.341950753882228,0.4195958886777311,0.32053626465066426,0.1914141941469486,0.9528629275409163,0.4395067137813077,0.5078987968048998,0.5195323393667926,0.5659345685585172,0.6033645989501368,0.6232272354491897,0.22819607922098437,0.4285995566231797,0.6119238765187742,,,,1
2022-12-18,0.4423041903779862,0.4263610852297869,0.44526887099828294,0.4314272350931679,0.012003057028583832,0.9752131785753987,0.7842232358430876,0.6887568439937113,0.7755990534244949,0.33387126774780407,0.25406865004355905,0.35515748182319534,0.43608647465371886,0.33387126774780407,0.20047097909433573,0.9504754161590966,0.5754225150914619,0.5080787615063393,0.5474764740848864,0.5494207636176722,0.5719733176708417,0.6232441490388448,0.46881523396982644,0.47615459943813365,0.5397452565520249,,,,1
2022-12-25,0.4648771056403212,0.44631868532674057,0.4651832709990925,0.45282954385793767,0.010015854992139982,0.995681518137228,0.8177549279002476,0.7255813483933751,0.7833147325256212,0.34762535964628916,0.2615116935171153,0.3694642495792753,0.45507752705351456,0.34762535964628916,0.20739412879093722,0.962477632717262,0.4722505784865189,0.5088209603677445,0.5938598711708472,0.5479026573593769,0.5751186520065386,0.6255780538027056,0.5060555573994229,0.5459062314274525,0.658385133209461,,,,1
2023-01-01,0.46998300739548526,0.4693856118736758,0.46959311789299024,0.4519583025533072,0.006805785105629525,1.0,0.8409113212623491,0.7606859772228818,0.7701987829236694,0.3610773427940524,0.2689869333412548,0.38294179810877194,0.4718778640482854,0.3610773427940524,0.21632895675548067,0.9610686391208765,0.32404953952582505,0.50981014409753,0.6127744750526469,0.5468315184695145,0.5739790716020202,0.6265979202125755,0.4447694688608654,0.5480241250082446,0.6432209513916467,,,,1
2023-01-08,0.45428991333286767,0.47420877041550397,0.4828134295498425,0.4238132714943923,0.00866848996573372,0.8855748199001218,0.8393675987075869,0.7883933542862921,0.7137865732030475,0.3728860374152877,0.2762326707357431,0.39349656960661694,0.4831079136987228,0.3728860374152877,0.2284641912661828,0.9360216017892845,0.4134279464218907,0.5116963234793681,0.5430092065601988,0.558021973020041,0.6190914631686759,0.6303029093098045,0.2688593210911691,0.6065867839622814,0.8066907220166724,,,,0
2023-01-15,0.42077316119962765,0.4585873628087729,0.45595328958147674,0.38972106328066586,0.007253998309496701,0.6809924116135051,0.8045149059771811,0.8020629271046134,0.6067328210622192,0.38223818822466293,0.2827624923581442,0.3995451776180824,0.4873386415049917,0.38223818822466293,0.24376395034973716,0.8861614140726276,0.35332010407370906,0.5120551217401891,0.6067864047468452,0.5789632765652497,0.6504072045664596,0.6239766601955484,0.5441874927218026,0.6517361357876993,0.7527270007082353,,,,0
2023-01-22,0.4682090421215097,0.4222122020506575,0.4644373895332964,0.42571674202867527,0.00782980470095055,0.772689834535473,0.8074334476018475,0.8137100623618091,0.5913095023145755,0.3937712187463044,0.2904774569612114,0.4099725787073231,0.4974911245347011,0.3937712187463044,0.2566106903398617,0.8594781115644081,0.38167212496719577,0.5124702508755021,0.6291226698544159,0.5736318155826303,0.6469266579953044,0.6242078975250781,0.4509631365957337,0.528683128668725,0.6358902098981107,,,,1
2023-01-29,0.44019241643307766,0.46911402090217563,0.47015250408264186,0.42941958051945794,0.00672306136317555,0.6419401242867777,0.7807531209211402,0.81652368692075,0.5239442329096273,0.4022668879382318,0.2973096556486617,0.41648045511723036,0.5030269222872289,0.4022668879382318,0.268444415116339,0.82833725702666,0.3399916613578078,0.5129980417597995,0.6199030749284165,0.5933529911151656,0.6545811520550747,0.624670658661191,0.38871373015970184,0.6441789132679798,0.6723005648625258,,,,0
2023-02-05,0.4219651844706854,0.4398097809735771,0.43878925249512163,0.3782054941418743,0.0065284481142317404,0.5660381185183442,0.7388622105488645,0.8085624932767225,0.4417743509876314,0.41050774751315455,0.30376007647757075,0.4204646328350612,0.5033641721514427,0.41050774751315455,0.28606282659081284,0.7678053935972149,0.338557581881798,0.5128423966126084,0.5560308084389833,0.6066252626664471,0.6760322321036988,0.6218563007053626,0.2815811816923521,0.6129322901032629,0.716923599068711,,,,0
2023-02-12,0.375758769457787,0.4096906671492935,0.41632960221511556,0.35039193084364906,0.0009032423907530969,0.40459075669761296,0.6635945173584528,0.7838449109900336,0.31398839207212415,0.41673149373482804,0.3093135895228091,0.4192429362761539,0.49742515791513786,0.41673149373482804,0.3069250523027303,0.6853418252697437,0.053217286610252774,0.5135674021147308,0.6173367383642534,0.5973596237117738,0.6649616923911411,0.6254809614447563,0.5365870031999547,0.5120521113833614,0.6120415241018493,,,,0
2023-02-19,0.424705783917408,0.39936067959993904,0.4469750188858978,0.4056213169313394,0.0022699552262166137,0.5222643499228372,0.6376396178000392,0.7577436048763763,0.30343597055253546,0.4261243315838575,0.3159180256645532,0.4232502861703195,0.4900653343069527,0.4261243315838575,0.33645418178491104,0.5746030218327561,0.13026030676787376,0.5143122591599725,0.585115472727045,0.5950704213236417,0.6763983149279481,0.6255586911706533,0.34331217618113047,0.5428696196823551,0.6840101624365408,,,,1
2023-02-26,0.42770926092978945,0.4258085153495865,0.44179128026154485,0.4288418769079634,0.005428004564032093,0.5287628407877164,0.6145938994762292,0.7312445148440689,0.30040242910336973,0.4337085860050334,0.3224548084160343,0.4271897078353355,0.4855936610131259,0.4337085860050334,0.3585028691517077,0.4970335096563879,0.30833835957081407,0.51455568093087,0.586636275508159,0.5731143597938376,0.6585053109125574,0.623496084114509,0.4096598210223943,0.4544164813014027,0.5903678657352226,,,,1
2023-03-05,0.4421258680962605,0.4281311352817694,0.4499304832824857,0.42559368909536577,0.006232235938622229,0.5603498611098479,0.6030385357911285,0.7072282963513862,0.3193370651589676,0.44177194220748983,0.3291290743962728,0.4322598137482164,0.480198152840765,0.44177194220748983,0.38272683347324266,0.41340569717017545,0.3528822521726472,0.5152279186559833,0.6120140736620899,0.5883355820974552,0.6827330752718979,0.6252552888246096,0.4582967797003332,0.6234497834927416,0.7256341903301432,,,,1
2023-03-12,0.4582883012714849,0.44384623397632994,0.4640085364374462,0.448492230170782,0.007285592166519215,0.5945158139767591,0.6019860847545546,0.6877587568735323,0.35401051122071,0.44914665471140874,0.3361100692758234,0.4385352775967174,0.47876551438726533,0.44914665471140874,0.40060948124678575,0.35944308812373366,0.41930136958872183,0.5171909025835645,0.5830244051609471,0.5512791215117633,0.6728474270567618,0.6305421763731647,0.34928361664099944,0.3851457295327877,0.6160149894093014,,,,1
2023-03-19,0.43499265602127674,0.4598329239509139,0.4571279617911672,0.4336621132865115,0.005215619579143874,0.5110975952764955,0.5782373415697171,0.666393697971657,0.33955508335931206,0.4555418000699781,0.3423853717947636,0.4417797630065912,0.46986975143645543,0.4555418000699781,0.42545390723944715,0.27034782319217865,0.3047568918771828,0.5186764880055358,0.4897823419909605,0.562362811174548,0.6294871499890557,0.6285642621894081,0.21556549804727604,0.6057739419330163,0.5089332670736902,,,,0
2023-03-26,0.42519386726368885,0.4321769802789884,0.4298855687210769,0.41709902256869624,0.00415840408026162,0.47761103701685076,0.5475594397595203,0.6418230452892061,0.31510889248369894,0.4596868963829905,0.34812531478556347,0.44369173053808914,0.46372245211017443,0.4596868963829905,0.44202244215673836,0.21162691477091475,0.24936964666343225,0.5203132505635686,0.5089820057493843,0.5733056223068226,0.6419102835867915,0.6291640808287511,0.45116667584304554,0.6043743834642088,0.6886413336110829,,,,0
2023-04-02,0.4046295639169217,0.427044734824048,0.4240026228576523,0.4040776663182388,0.003998729699571116,0.4100327830514745,0.503361625643632,0.6113920568686616,0.2704173639073999,0.46150463492249183,0.3531689207441077,0.44327358934461,0.4601940113607903,0.46150463492249183,0.4503040620881669,0.1814882855730086,0.25056641246745487,0.523827030252769,0.5544149373550827,0.6011548893575118,0.6860486791960824,0.636768602507708,0.5092803402381634,0.6817557622366385,0.7924672821853987,,,,0
2023-04-09,0.41511350253619017,0.40284456453009004,0.4197885192511039,0.3972213482450166,0.003494907426112061,0.43941734015078404,0.4734183068853076,0.5797477359503772,0.2611643643492312,0.46352835540297266,0.35850315636447216,0.4439903567948603,0.45668783433048965,0.46352835540297266,0.4590091803067523,0.15054806805609836,0.2317222854299181,0.5260509686531479,0.6052656744815991,0.6002911358550262,0.6840146218768439,0.6314738659685191,0.5146407057368688,0.5492785572443477,0.6408388808010036,,,,1
2023-04-16,0.43090985028699286,0.416855218399519,0.43560067378025397,0.4233113899470823,0.004430409902819523,0.48249279183121163,0.45914946306688564,0.550953845280176,0.28290204126403523,0.46464015822104093,0.3642946558979936,0.4462888468844254,0.4566040372279532,0.46464015822104093,0.4615438815997272,0.1439555603277557,0.30620633979128353,0.5285536204566362,0.6165763369736964,0.606858847724711,0.6977902851797395,0.6325595555689646,0.4290837344909242,0.5824762211598901,0.6907065897518498,,,,1
2023-04-23,0.42334487922559483,0.43146519798372496,0.4299787967256412,0.42515803593478935,0.0022862992684024664,0.455134431535738,0.43900738200336203,0.5230085312451394,0.2893733747566066,0.46489089876156797,0.3698496921383339,0.4475782443036115,0.45657638119899685,0.46489089876156797,0.4621262070441375,0.14242371793254174,0.17137038924643616,0.5306043810079241,0.5723790757566202,0.6060293061752035,0.7026641157676603,0.6307065753360603,0.3197264216449347,0.5494565962983343,0.6624169816282449,,,,0
2023-04-30,0.3863272175315665,0.42308316314017086,0.4242263373093391,0.3875240453692391,0.003096016139030909,0.33430790713158925,0.39140095101561995,0.4890468670483647,0.243492063993035,0.46292057916695906,0.3746326883374097,0.4448782120274621,0.4591423098827907,0.46292057916695906,0.45468501578127585,0.16767809806400308,0.24038968024681748,0.5315306732392807,0.5522288740020661,0.6132694598792839,0.7053402299897373,0.6261917778639234,0.3647133227761879,0.5852574742661167,0.6555361236888039,,,,0
2023-05-07,0.365950585668651,0.38617420213671605,0.3854324533338447,0.3622673642191123,0.002278126930560444,0.277049216501065,0.3358667717800083,0.4483395100390004,0.19204871047641994,0.4587831119067021,0.3790452177824368,0.4403069120750614,0.4628124125054257,0.4587831119067021,0.44115532652099954,0.2116219724213696,0.19569446893335082,0.5330637100705882,0.5119285430088258,0.6065789585576752,0.7078796407728853,0.6286022702382401,0.32064344819940577,0.5237043792602649,0.6550924007523985,,,,0
2023-05-14,0.4030058274888718,0.36790231573518506,0.4155091569897809,0.36820510097599496,0.005280181034018111,0.3897180367412043,0.3197836602068016,0.4118529114572992,0.22423665231350742,0.4554304163964326,0.3841721406010995,0.44004152934542873,0.45809123195133317,0.4554304163964326,0.4395798872023593,0.203944985749234,0.4605832057483749,0.5353943717241463,0.5011880727858444,0.6041286748909384,0.7047776921295434,0.631754278384963,0.38236797913352777,0.5422690135302602,0.6376795840499435,,,,1
2023-05-21,0.37542091495743185,0.373175068124178,0.3891337850817842,0.37122605343284465,0.004035457425941069,0.31342252024744477,0.2841117451666416,0.3739675951693126,0.21356988591405118,0.4503062632799786,0.3883062227585218,0.4369200763158972,0.45336102064827194,0.4503062632799786,0.434139762821059,0.20630802589506442,0.36438889231186217,0.5425423411746292,0.5145898753599076,0.6177995943425817,0.7285395095561962,0.6507748129505766,0.4371905319716504,0.6139290701789887,0.7207250367952718,,,,0
2023-05-28,0.3828357030023264,0.3772021645566449,0.38030467707260596,0.3710461425586983,0.003542328390795808,0.3355722026723228,0.26094047182278585,0.33801068941306855,0.22827614477666236,0.4464342855655592,0.3927387656488168,0.4348704062151023,0.44978354865708975,0.4464342855655592,0.43003289375908316,0.20810722905240325,0.33864054975411434,0.5475102605365865,0.5276114047228243,0.6205116780977682,0.7093879353824024,0.6419111347400547,0.43576585080045216,0.5649990056436952,0.589334851527694,,,,1
2023-06-04,0.43298408993513104,0.3925239517729314,0.43078058409536624,0.39170976657728457,0.006143720720503242,0.46754287484239243,0.28133244049656225,0.31421628347407515,0.3210286307150758,0.4470959742710605,0.3983549293868761,0.4382541249322863,0.45083115618341696,0.4470959742710605,0.43020250613042904,0.21032244803867187,0.5853711832768113,0.5746657575960732,0.5198174717592845,0.6359986820533287,0.7138083341411993,0.7277288777697206,0.3893792129993981,0.6206727433196886,0.66085341852015,,,,1
2023-06-11,0.48099256365780496,0.4428160770115927,0.47669743759283845,0.4468444846750262,0.0066995578763678915,0.5656471041220436,0.33394497060118195,0.3080065498297976,0.45513116672777093,0.447788690771199,0.40503854963326935,0.4463302451166299,0.4540509532289332,0.447788690771199,0.4277899542518517,0.22490500788018772,0.6449814189475639,0.6520135343126747,0.5070810747888597,0.6393187161453432,0.7071449079236555,0.9090923480914029,0.37818628846735763,0.5673522192775178,0.626814066064234,,,,1
2023-06-18,0.46681999816447434,0.48407988299002175,0.48518154327634977,0.45797179663550036,0.005429867611825885,0.5226403390146821,0.3624489809446304,0.3099874209934967,0.5175935690869845,0.44923159249211814,0.4116336328366091,0.45215683477804686,0.4585090874272506,0.44923159249211814,0.4255079446214867,0.24219353603454966,0.5325081488598828,0.6565236804837296,0.5243798075867587,0.6616130139516443,0.7339450074155197,0.6373530845280019,0.4457713680204465,0.6482469027248452,0.7299334941837319,,,,0
2023-06-25,0.4768909220310027,0.4664449121670492,0.47248330508417397,0.44194842877320223,0.00507037741348465,0.5429924643105996,0.3907477994004483,0.31847075468199576,0.5671820231843181,0.4522079213997891,0.41848345130115255,0.4584804559121712,0.4662201981722934,0.4522079213997891,0.42261226233784394,0.26903837342439807,0.5061535072830804,0.6931233653715889,0.4981465397394842,0.6492790150418062,0.6992650778197163,0.7422799235929031,0.34849189333585007,0.5018347888769703,0.5429088297700554,,,,1
2023-07-02,0.4934381390349007,0.48131712112628194,0.4885751773746454,0.4873384558017914,0.0012482388543497442,0.5759919105142863,0.42364109193637495,0.33327609129277147,0.6153942736231125,0.458584759018478,0.42582903843648723,0.46593024465591015,0.47540064602705306,0.458584759018478,0.4253638433582281,0.2839746085019618,0.1337771860890212,0.727327234823345,0.5081266085719086,0.6698256522501462,0.7201615141503944,0.7288865978067213,0.4294670562387019,0.639793657469248,0.7122065105915717,,,,1
2023-07-09,0.5336094607578139,0.5021925965743506,0.5311542971904654,0.509602573051668,0.006975329106595622,0.6476420320447118,0.4782816450065772,0.3584405396005587,0.6943939345849762,0.46448605731557985,0.4338137509074347,0.4768665709571161,0.49461502519143885,0.46448605731557985,0.4148337181858222,0.35742813215236957,0.6548232482863071,0.730031512698685,0.5420587410799363,0.6594708344821291,0.6843767897199784,0.6305356954822117,0.4833683442535707,0.5104611992816709,0.5381867696600567,,,,1
2023-07-16,0.5571303117886441,0.5393824809078347,0.551917099859216,0.543789470178464,0.008285862477734109,0.6844369944626137,0.536283182203442,0.3927116121323174,0.7638419960831808,0.4714991559473343,0.44217871883847143,0.48921818115362214,0.5168025978824063,0.4714991559473343,0.40310879192951893,0.4390127255065946,0.7530240503152831,0.7278787231337589,0.555365475351213,0.6809073757087367,0.7173467069088217,0.6161195764219509,0.43530623236298144,0.6425066135331869,0.7512286324559526,,,,1
2023-07-23,0.5806041876617336,0.5616252438779893,0.5778729050371418,0.5505510936668784,0.008293033888432874,0.7185165854503607,0.5962201520718147,0.43473980045460814,0.822998566204027,0.4790030520061867,0.45074382015998654,0.5028453795762535,0.5410361615631913,0.4790030520061867,0.3899615742347568,0.5266217510886143,0.73816478056238,0.751401840259256,0.5667712061460969,0.6871327714282217,0.722088390839111,0.6923733084753698,0.43076654209591386,0.5784750599625883,0.661732829106687,,,,1
2023-07-30,0.6162233645377563,0.5829970643588253,0.6126112144317781,0.5731560645664333,0.009112499697931344,0.7648026723197556,0.6665129542604138,0.48549820820576184,0.889576125668109,0.48756127471221866,0.4598869182571952,0.5188953026727295,0.570179513826768,0.48756127471221866,0.37313118509899074,0.6316473881051089,0.7955011097108122,0.7545064293089483,0.6040300040929769,0.6963722598671132,0.741313579493868,0.6314466263754506,0.4844798856299654,0.5904880754396014,0.7057279060891928,,,,1
2023-08-06,0.6475063448042286,0.6216854960767734,0.6433871806964498,0.6276089003758304,0.009362332626245059,0.8004617610641974,0.7407184524645025,0.5441946217313168,0.9501121815803084,0.49907701693608786,0.46941592962391493,0.5366842831894947,0.6035943961120729,0.49907701693608786,0.3575602142553224,0.7374351873819581,0.7851056427302224,0.7547462879823629,0.6159110038859259,0.6753926644952235,0.7072776963814696,0.6231855463229438,0.43025604197774175,0.4691640929386034,0.5455435332570517,,,,1
2023-08-13,0.6769589896074366,0.6489761980977724,0.6749928498388831,0.6509241840896073,0.009220420338248709,0.8306026259333668,0.8157087340061598,0.6094327529938541,1.0,0.5127197251610277,0.47935369209577366,0.5558555113873672,0.6389963545950472,0.5127197251610277,0.3442185363360578,0.8357941879270551,0.7381525818717981,0.7573530614122969,0.621328736890876,0.6725779448811029,0.6994116008014416,0.6299800975549629,0.4172049284757973,0.5416056620680887,0.6229765224931468,,,,1
2023-08-20,0.6580840962507118,0.682738395015401,0.6845584864380965,0.6570323757326373,0.008750356057218847,0.761575113725177,0.8525681302882665,0.6706087775388943,0.9690219525709179,0.5264539795356163,0.4886873531595632,0.5712293567918483,0.6638822148293224,0.5264539795356163,0.3439066797163526,0.8764055827856908,0.6722606083490157,0.7595413688378465,0.6022241414352387,0.6535836258840362,0.6824616579746063,0.6287583818837567,0.3692377464064382,0.47509740240100795,0.5945571977797262,,,,0
2023-08-27,0.6771748920153549,0.6500906493636109,0.6877563476151163,0.6555076970366684,0.01017015625233256,0.7839763810985729,0.8888998086595153,0.7284064705552169,0.9432584456997203,0.5406546243286832,0.49781370248385126,0.5871331297748896,0.689292344787123,0.5406546243286832,0.3439756167261029,0.9148642535271893,0.7373875527846256,0.7233775129849629,0.5991826083888785,0.6608318410253126,0.6862445566118623,0.5192992610968002,0.4004714577238693,0.5835549576481721,0.6591970522692333,,,,1
2023-09-03,0.7090303275943526,0.6866812397341319,0.7024776515307556,0.6961532221119463,0.006453264548812925,0.818486260967811,0.9344120986131529,0.7857395318769916,0.9397151161735003,0.5557254827858158,0.5079918440499674,0.6048496742844675,0.7180254871325272,0.5557254827858158,0.3418944192774621,0.9621305114699478,0.4632796669587058,0.7465804037938194,0.637867140814086,0.6829912572238956,0.6999485308343432,0.6918259485945537,0.48419595964341183,0.645378667839298,0.6903865571009009,,,,1
2023-09-10,0.7342969588045138,0.7151707114910556,0.7339435859414178,0.7201219102545969,0.009222823232085061,0.8433164308482205,0.9814325719224261,0.8430685501591548,0.9396842835338023,0.5725754279018884,0.5189637800487613,0.623518120736668,0.7474965781890186,0.5725754279018884,0.34280532582294426,1.0,0.6238168985625506,0.7516272203143273,0.6578272059630669,0.6712572455238993,0.6933738655820757,0.6371342864519517,0.4447731287417791,0.5054777376440236,0.6268178342596596,,,,1
2023-09-17,0.7001982646683561,0.7380502770342958,0.7344469410615561,0.6923651954229834,0.008040763505437004,0.7214844871187601,0.9825535055453001,0.8892050240344048,0.8543287782251924,0.5895835467250233,0.5293664202848865,0.6368468867871762,0.7634389433973549,0.5895835467250233,0.3605671999888086,0.9739627489018581,0.5250298281053937,0.7541862029923077,0.6890029378172263,0.6698135600943522,0.7034442238898116,0.6298716742661467,0.4648662883218896,0.5471935798325402,0.6787287160030239,,,,0
2023-09-24,0.7074441712924951,0.6974795148686523,0.705563681689614,0.6779328084052089,0.006694320148511319,0.7308687887409896,0.9801166765784567,0.9255201572061944,0.7794302146747922,0.6080884822219805,0.5390938256892398,0.6496631079538874,0.7742090294432773,0.6080884822219805,0.38791402760624455,0.918323582817998,0.4244945560115166,0.7589418069899645,0.6827297351189326,0.643587148830401,0.6813464017970149,0.636158366307061,0.3952289249339265,0.4450527009717768,0.5788209212091876,,,,1
2023-10-01,0.7351980569035349,0.7118085381073603,0.73313240653207,0.7207658894892621,0.008296623359577064,0.7656801544354654,0.990999455599474,0.9572252486905342,0.7442735582953025,0.6260893936202988,0.549335272794607,0.6641577313293112,0.7890082153635783,0.6260893936202988,0.40924266053865327,0.8855463458071946,0.5134516165446702,0.7694422552721665,0.7021195354829297,0.6371422264126403,0.670127285342147,0.6524833001252164,0.4418022732968291,0.5257727254019594,0.6117545005393822,,,,1
2023-10-08,0.7473995906074902,0.737020117557628,0.7492616100016171,0.7286165573045287,0.008777044737741211,0.7802660391911045,1.0,0.9847834589419362,0.7126490116128178,0.6462462624135241,0.5591903721905769,0.678546409134916,0.7973215630032948,0.6462462624135241,0.44320088353944587,0.8166017250675373,0.5254333162787537,0.7731102096238824,0.6001330738691408,0.6412596546155882,0.6598216430874093,0.6328364022350894,0.2251173801165683,0.5707438562013015,0.6142823919240585,,,,1
2023-10-15,0.7143990152563311,0.7300991004386933,0.745178061542291,0.7167505720969999,0.00718950587073104,0.6623899765993208,0.9719826242542111,1.0,0.6185301614165742,0.6642130938994198,0.568401559976785,0.6881177060698772,0.7947637685911851,0.6642130938994198,0.48563029082141,0.7181088856863661,0.42112333865649015,0.7808109116410431,0.66010833761887,0.6451414332458684,0.6569884803606095,0.6441070003725912,0.5267858349875613,0.5696571752872968,0.6380888969065845,,,,0
2023-10-22,0.6578401004069936,0.7233373317910633,0.7203223049939228,0.6592104875884497,0.005474158215582874,0.4958414456188612,0.89681100031123,0.9938480250690788,0.4555716406705372,0.6763976447813455,0.5755665911337225,0.6908696657239112,0.7879254728126975,0.6763976447813455,0.5206310409842192,0.6337773982793727,0.3234968979766507,0.7862075904001133,0.6721794740173923,0.6242787287133204,0.6314764738355555,0.6375000336603027,0.42907209807589386,0.46472249572009716,0.564572551263243,,,,0
2023-10-29,0.6762081203543413,0.6691023963413117,0.7046686119783496,0.6532917309465376,0.0060468185142382,0.5294029510164334,0.8442982034911576,0.9761249668241165,0.3673293583680487,0.6869760317167041,0.5826385151312008,0.695278140740218,0.7856070576517867,0.6869760317167041,0.5466035205702322,0.576984475460725,0.358267087698674,0.7904300871457999,0.656211407395034,0.602777695989145,0.6241776012570555,0.634159463433419,0.3771746038246771,0.459782317404439,0.6229714319080538,,,,1
2023-11-05,0.676170586057571,0.6727548767481606,0.6768854419067558,0.6450054105692183,0.0042394275487627866,0.529296032574511,0.7957056305853538,0.9501007072973074,0.30402353582041824,0.6983203710785539,0.5895546823385985,0.6992628403987056,0.7776403181655872,0.6983203710785539,0.5811426946162153,0.4966982877939981,0.25501545752470267,0.796129233291199,0.6030795386127146,0.6512943743407993,0.657158685769079,0.638158441387488,0.3069847372777265,0.7692422090543277,0.7577511392326035,,,,0
2023-11-12,0.682299538004193,0.6825323572492074,0.6914669671518265,0.6868346908038455,0.003987958470591026,0.5413921852032018,0.7555730465501043,0.9194978481217653,0.26910665969151526,0.7094511019300846,0.5958567427430437,0.7035082362635069,0.7668125716385185,0.7094511019300846,0.6187049219899757,0.40878542839880244,0.24202223172308257,0.8010782060236835,0.5701929398877357,0.6627506596983734,0.6601252787538756,0.6360047364631255,0.3408657881352612,0.6013420532749287,0.6568552677869601,,,,1
2023-11-19,0.6900052970505465,0.6817362885938077,0.6841202890000007,0.6661236633858814,0.0040279322768907964,0.5570498970308914,0.723762304205369,0.8872607933246394,0.25664411427000833,0.7201027297586272,0.6021444453872423,0.7081542033840812,0.7536100060713663,0.7201027297586272,0.658116193349045,0.31636182481962916,0.2398441887550962,0.8062999536634725,0.5623990069241958,0.6826389134323059,0.7051286284694795,0.6366658720365399,0.3903240578458007,0.635745578105886,0.7926193163678243,,,,1
2023-11-26,0.7000105931845044,0.694285904737542,0.7025895612928903,0.6974979515845429,0.004471058279110671,0.5776611090795333,0.7006369884416872,0.8558337002200682,0.26282096620243695,0.7291197138303818,0.6085720249283728,0.7134027871630284,0.743763144192386,0.7291197138303818,0.6898571680843889,0.24501242681438043,0.2700869390697074,0.810415670598877,0.5621138745317038,0.6917635755462594,0.7123795585743269,0.6335961610052571,0.4059532625291954,0.590206247634898,0.6696590574693098,,,,1
2023-12-03,0.7062333579583412,0.7046346400326786,0.710728714238837,0.7032462894424449,0.00443303494335518,0.5906963619611456,0.6816143408235775,0.8260547177764023,0.2753896291580359,0.7371993450970413,0.6146891785823584,0.7188014963244335,0.7340954240616964,0.7371993450970413,0.7193287943732225,0.17935889629647522,0.27503252622142016,0.8117707787844495,0.5459556713037724,0.6988688476426219,0.7365665686220617,0.6261336805302299,0.3725525969506066,0.5817146920048233,0.721500172827231,,,,1
2023-12-10,0.6956743049161098,0.7066950141472756,0.7080342965558605,0.6876680143960912,0.004119065003955825,0.5505043207250595,0.6528650505906386,0.7952230798373777,0.2673619690965117,0.7434347919313636,0.6200384241538988,0.7225831110598664,0.7234895435373393,0.7434347919313636,0.7459101479892808,0.11814610451632102,0.2636788934522121,0.8124913162754425,0.5170610711054161,0.7008299397058568,0.7603376921513646,0.6244275277721565,0.3444420467496587,0.5609614938552718,0.7185853910294722,,,,0
2023-12-17,0.7031923466491894,0.6944731955376109,0.6966506576705712,0.6670043355456575,0.0042205072102077116,0.5683325213905585,0.6309961252126725,0.7652266008829223,0.27373097819303827,0.7481474877826433,0.6254435765091231,0.726789858923583,0.7176804919952302,0.7481474877826433,0.7633078528336117,0.0805010874441508,0.2798189431918724,0.8144454207378679,0.5238095428017749,0.7239476838286636,0.7598263057657371,0.627728599181005,0.4216408118481748,0.6452158597183509,0.6457420749023923,,,,1
2023-12-24,0.6622420622373808,0.6979571206034416,0.6977787655830379,0.6693339931370194,0.0036051944285367087,0.4218031688537449,0.5767654790391525,0.7280091650907234,0.21866321189348864,0.7489459903375412,0.6302633365196877,0.7263185573888767,0.7160597345696084,0.7489459903375412,0.7670321724872516,0.07186435153691056,0.2508026370941036,0.8182097483929317,0.5477616064773784,0.7310831371594061,0.7568518186386924,0.6325522845154772,0.4596067920856917,0.5808638734000624,0.6385053238000356,,,,0
2023-12-31,0.6540388706426206,0.6366888055785814,0.6511533884613485,0.6360941003262586,0.0028033634489845016,0.39564560903727314,0.5234735439907777,0.6852438011941991,0.17635413635673705,0.7477039894892625,0.635669795381171,0.7250352883969975,0.7175948478763828,0.7477039894892625,0.7624420252848527,0.08173451955795441,0.20707193861858136,0.8305524877451186,0.5284668744161679,0.7341435339875845,0.7598395268495021,0.6553236686011117,0.3651773019175082,0.5649384292096494,0.6560447342340847,,,,0
2024-01-07,0.668915376060728,0.6590720466121297,0.6626862072697921,0.6535284716078292,0.0031025038644032004,0.4387850348639985,0.48961999329530853,0.6427787503525546,0.17864435488240002,0.7482909174512261,0.6403216172896402,0.7254281408149552,0.7168145495609185,0.7482909174512261,0.7646780977809392,0.07686785514057391,0.23933358902971574,0.840073819461852,0.5448151417338047,0.7195283449717056,0.749493194463177,0.6474627461672374,0.44253408352361245,0.4969379018296232,0.6168488128705418,,,,1
2024-01-14,0.7024978017559607,0.6708349804375044,0.7044169183043907,0.680129851207738,0.004945050389707903,0.5258087059219094,0.4860480979717626,0.6079359592480301,0.2367724987433722,0.7496631212965461,0.6464011361279643,0.7292913857135381,0.7174756557532683,0.7496631212965461,0.7668737459344975,0.07449838462460709,0.39371577403730434,0.8465972853820724,0.540347874209117,0.7369622843203031,0.7567454081683899,0.6394179543947379,0.39693568493476394,0.621203230669123,0.6687510104991643,,,,1
2024-01-21,0.703455178385426,0.7016284033305871,0.7076986770674577,0.7056232611472024,0.003981865027454525,0.5281495520642286,0.4806622173280988,0.5787487657459979,0.27990267304803734,0.7493610137875321,0.652925301534244,0.7328867040115363,0.716978112429642,0.7493610137875321,0.766819774495378,0.0737469778305804,0.32604631751900415,0.8493460736973975,0.5429141382574122,0.7482332549325796,0.7469248384917863,0.6295746576918364,0.4121109571639772,0.5963437697041812,0.6183120589366268,,,,1
2024-01-28,0.7362679905938891,0.7015721851555604,0.7292073307013028,0.7035777422070173,0.004615797869537626,0.6039153517727879,0.49889272039925414,0.5598432112840954,0.3583115194877203,0.7494678205261074,0.6612809157302264,0.7395670291005935,0.7173822130435187,0.7494678205261074,0.7665604541929039,0.0748374796413826,0.3928570908171417,0.8536070858301615,0.5903431416422897,0.7585338054648384,0.7736243678950112,0.6334347695117306,0.5089202795737456,0.592166646565273,0.7266112225751216,,,,1
2024-02-04,0.7662462988695706,0.7394082824148663,0.7679266864272629,0.7494033717681468,0.004831498900711528,0.6626066460774397,0.5331959434482052,0.5530811477834459,0.45091904191738974,0.7530468470848685,0.6691968873834452,0.7487424765236114,0.7291730851145192,0.7530468470848685,0.7600061238023905,0.10491490965354072,0.42361487518714486,0.8579274263638715,0.5312232750700363,0.7721523255747079,0.7707865842068956,0.6335344641356808,0.2865739450727854,0.6042000181965366,0.6390101230383356,,,,1
2024-02-11,0.8019405443391339,0.7690496845204773,0.7943206742179229,0.7773873600363628,0.005300656716217419,0.7219061328446146,0.5841824078131111,0.5601008886111982,0.5560205121236205,0.7581674389833372,0.6778705413176818,0.7607724660948743,0.7488035062667144,0.7581674389833372,0.7472603548588602,0.1573597974869676,0.4700968452997376,0.8646110054424122,0.5774166080662917,0.7858433986193413,0.7713313442020269,0.639490390498002,0.5078391127833285,0.6037717746152769,0.6488283296036741,,,,1
2024-02-18,0.8211251987604138,0.8081595882617154,0.8185889917326215,0.79848668469776,0.006856124526094828,0.7501901155949793,0.6347144184485723,0.578035286961706,0.6392568232120789,0.7628236793475439,0.6866547054996285,0.7736606495844328,0.7681001695259795,0.7628236793475439,0.7339058306180128,0.20962173888413793,0.6135470312645757,0.8689580409286928,0.5895827402517326,0.7816072116830673,0.7838799497354932,0.6334682793412437,0.43165176960700097,0.537677397826048,0.6837275163408328,,,,1
2024-02-25,0.8327447904614513,0.8257570964278934,0.8288818262074077,0.8226920849191001,0.006348501369067196,0.7667517128113113,0.6783831329996,0.6030282889447657,0.6930864671183832,0.7674483853003288,0.6953335790857001,0.7865350958117374,0.7863294927056689,0.7674483853003288,0.721784457333275,0.2576331644272714,0.5831379588131552,0.8766231119710242,0.5719988750613416,0.7983646784786711,0.8037203038654309,0.6417506509865832,0.3708337599446973,0.6145317710948159,0.704284091255659,,,,1
2024-03-03,0.806746125890713,0.8340922629799827,0.8320330341282354,0.8121898718684115,0.005369540740421291,0.660401154648228,0.6866824190614339,0.6250458760566759,0.6703956444960637,0.7724525124569132,0.7039498041033511,0.7954677488495182,0.7986627289772094,0.7724525124569132,0.7176863698240626,0.2830051823871922,0.5044387806547644,0.882728790572095,0.5903431416422897,0.8080853953940782,0.8244708590145665,0.6377060291366455,0.44466155839947713,0.5881670718801865,0.7058669840886548,,,,0
2024-03-10,0.812199185518936,0.808618488266651,0.8062730154888847,0.7813268505730716,0.005147221025721087,0.6702176581504864,0.6918357259257769,0.6439162099330904,0.6463943646723289,0.780816959209691,0.7129195251022861,0.8041192650176329,0.8099652635371183,0.780816959209691,0.7221976389334711,0.2923396313859821,0.4857086970054733,0.9021151515199074,0.5763710742832427,0.8053894345132836,0.8296916467812903,0.6704703362867901,0.37819781924697266,0.5435085898243681,0.6617305989308199,,,,1
2024-03-17,0.7815451682425443,0.8271712910970727,0.824387989203664,0.7869521439017623,0.00402445996771777,0.5530479574907924,0.6661557926306484,0.6527522675474714,0.5698719324519106,0.7865249881703235,0.7216553942272577,0.8087449032213538,0.8153266722115975,0.7865249881703235,0.7281451480659696,0.29047760221714325,0.3906883929628681,0.9098208305621237,0.607356669531829,0.8040605754086743,0.8377187700271741,0.6411748720031833,0.47056201778236373,0.5483769301222704,0.6694184208794342,,,,0
2024-03-24,0.8080882863488522,0.7810281069947151,0.8108414602421752,0.777434695720259,0.004686303860278916,0.6077891033044608,0.6614567631396755,0.6586755924002786,0.5476591301029188,0.7936733758342897,0.730763471052423,0.8157025300668502,0.8236954429271953,0.7936733758342897,0.733575010823666,0.293849616658168,0.4507538493561046,0.9087365177852541,0.6082121392251727,0.8276354620066185,0.8554165384269676,0.6198896793305095,0.4082527139273776,0.6376278753206837,0.6958003891203475,,,,1
2024-03-31,0.8109884638436264,0.8062022061876734,0.8213579862017484,0.78251063900452,0.00515800302417044,0.6135882647181401,0.654712091935921,0.6617700480640202,0.5260858800619798,0.8006468019016668,0.7395726500493289,0.822300459914095,0.8313962971304505,0.8006468019016668,0.7394369332152947,0.29551113748687785,0.48878398863991634,0.9174127167132976,0.6276970078919563,0.8316964601491946,0.8742487528298173,0.6433813131407375,0.44522582018748735,0.5673628891992816,0.6981486704936002,,,,1
2024-04-07,0.85570248955246,0.8175530391201139,0.8477240348534181,0.7971134635410612,0.005504870278316559,0.6947264059910375,0.6792256746953951,0.6702214911762173,0.566938822339553,0.8096256407096447,0.7495935126924631,0.8329405587574163,0.8463488447707933,0.8096256407096447,0.7408394283588964,0.3145512443044163,0.5128544104375357,0.9024647309729552,0.6627696699699518,0.8216274301607956,0.8533857542886613,0.586839816903308,0.4745326005788158,0.5179880399601491,0.5917232586472924,,,,1
2024-04-14,0.8740424160640076,0.855454780915337,0.8692140483759541,0.8656956752337783,0.0012976581890799498,0.7233700654400604,0.707271401519915,0.6838195841857093,0.606187708621279,0.8190561184473741,0.7608974122809717,0.8444829871496918,0.8631455502163328,0.8190561184473741,0.7409801931238293,0.3377613410711445,0.13441880212342092,0.9164964916462579,0.6559262024866742,0.8053331027631215,0.8373027551487056,0.6564963593098759,0.3938255297007992,0.4957123923544012,0.6036962003183126,,,,1
2024-04-21,0.8627136578761624,0.866702529307999,0.866808610284283,0.8461399757786908,0.004715702118151216,0.6779219592347572,0.7145031681893742,0.6964610060974813,0.5988920355382582,0.827535510091683,0.7724110167460565,0.8537428064855823,0.8754126418976407,0.827535510091683,0.7445661959344523,0.34886440721176554,0.45469001514230944,0.9207990166925532,0.6258910727183503,0.7738878940168751,0.8246212969774067,0.6327698058408514,0.3502489891779679,0.440570342924858,0.6124378185738623,,,,0
2024-04-28,0.8835595371928404,0.8700179860771231,0.8791711814634725,0.8673624047156117,0.004293671288973671,0.7127893589697867,0.7305717774748725,0.7104913212586276,0.6094838796096418,0.8377166796669775,0.7835489326808575,0.8642981664830804,0.8890372628696271,0.8377166796669775,0.750219280113684,0.3583198950780257,0.41431804137471423,0.919968758421927,0.6468966716503801,0.800611656631734,0.8524637441461004,0.6205232177055399,0.44735573998187034,0.6518033664085638,0.7244922395163985,,,,1
2024-05-05,0.9174705598451465,0.8885426356696312,0.9099843997320359,0.895497851144694,0.004137269137610574,0.7630895064203491,0.7636244323647439,0.7297730921250686,0.6495320258608497,0.8493280383586811,0.7961121555950393,0.8773903842485878,0.9074533383299381,0.8493280383586811,0.7531558939490445,0.37809702230176073,0.400028007745892,0.9160546675583743,0.5847352720317665,0.8062149453441931,0.8419872546827105,0.613184828723756,0.288788007365926,0.5732836391329262,0.6188548875802787,,,,1
2024-05-12,0.9119985268361386,0.9156834936100655,0.9189999509155184,0.9146842774106511,0.004808263278056025,0.7401833957287366,0.7787287651678086,0.7488806168057339,0.6482032063633109,0.8628619009608293,0.8083766973698047,0.888664150301683,0.9171805176933461,0.8628619009608293,0.7708990418939072,0.3633290243812382,0.457032362228113,0.9124904389333837,0.5831194734637337,0.8253200599475997,0.8926740659167938,0.6139826367111918,0.4032505648725447,0.62146495770738,0.7858093753367741,,,,0
2024-05-19,0.951888272589141,0.9127708824126296,0.9440794101057072,0.9044282341804163,0.0047403762392288825,0.7951104842953077,0.8151647465694407,0.7730489367419427,0.6867973562362847,0.8790018350704523,0.8204034720006305,0.9030308539587818,0.9296031135569006,0.8790018350704523,0.7910555310316897,0.34883675489216215,0.4416992658859691,0.9118914992136335,0.5944302084716989,0.8415459634393178,0.8881768436761198,0.6210607132901784,0.42971797654273897,0.6101127561114444,0.6354544772974071,,,,1
2024-05-26,0.9549950491191297,0.9511315152108821,0.9847007046254762,0.9610118343577648,0.0059940250977490615,0.7990718189444272,0.8390586860717921,0.7982084157163201,0.6943560379326293,0.8945039883166559,0.8313895485397276,0.9163538142782839,0.9392793805757811,0.8945039883166559,0.8131671372617184,0.32847279439839516,0.5392767754891395,0.9106786886989668,0.5767512749785213,0.8418379447621476,0.8874505825893024,0.6195870345115825,0.370858733731266,0.5541432822563831,0.645332897076107,,,,1
2024-06-02,0.9290714531419322,0.9549151251749896,0.9540180171986111,0.9349407069932003,0.004597154792024555,0.6896860977625081,0.8300927117748097,0.8161502892716237,0.6393138298996939,0.9067816151322463,0.8421032684472275,0.9257001069691566,0.9438987550664242,0.9067816151322463,0.8343932854013585,0.30360547042298797,0.4176871463959155,0.911325136385156,0.5719988750613416,0.8363594117058065,0.8746068773318004,0.6240496776136658,0.39674045537305525,0.5341925380968854,0.613431437476618,,,,0
2024-06-09,0.9045275060902218,0.9307524816082315,0.9401544182829173,0.9116254608567569,0.00402158075362977,0.5964976807704326,0.7965656793584044,0.8223306264497657,0.5496191327709395,0.9176773701655454,0.852014710660068,0.9315925716500689,0.9406081518393501,0.9176773701655454,0.8622461815607382,0.2599673075899986,0.36665956137379824,0.9126594315568599,0.5529892753926231,0.8503485613062713,0.8785060701621736,0.6256998674897389,0.36706231429371905,0.6017477548973588,0.6576171661470758,,,,0
2024-06-16,0.9357165360412129,0.9016448908116248,0.9369658219165853,0.8970130446072525,0.003348638922993215,0.6540285414180053,0.7878751073247225,0.8251563236529627,0.5240363001477306,0.9284851353003497,0.8622655099071892,0.9401816572896988,0.9435838606224263,0.9284851353003497,0.8822617322504608,0.23608685865608797,0.31119407600238025,0.9186284681973154,0.5815036748957009,0.867383852754507,0.8420148520905695,0.6368060124189621,0.46727704959188254,0.6115642537123539,0.5504725440354787,,,,1
2024-06-23,0.9638833905755706,0.9443322845721394,0.9571878754329509,0.9548846886616502,0.0014939122687295586,0.6997367734379005,0.7963728050473764,0.8294884353906617,0.5355243737369006,0.9391947409497342,0.8722380785555485,0.950894865586031,0.9528330287940792,0.9391947409497342,0.8944089681031893,0.23136503571406855,0.15042808631623136,0.9286923522022038,0.6064062040515666,0.8740320806859418,0.8526286867930711,0.6464728861239838,0.4576595970762642,0.5755816135148716,0.6762587356820451,,,,1
2024-06-30,0.9522919381397553,0.9633908509082139,0.9601061127851067,0.9470718570611858,0.0042697753500361086,0.6561738587606193,0.7870677985505388,0.8306857664764471,0.5116182111300768,0.9473420179742074,0.8813968403881628,0.9593769987949691,0.9607348359117079,0.9473420179742074,0.9025939523979015,0.23035177780667537,0.4120601128423207,0.9304210766095581,0.6175268749698266,0.8731985084178363,0.8573559302192483,0.6265726927409325,0.4286740889439106,0.5503359440317843,0.6600516712138924,,,,0
2024-07-07,0.9714295715738723,0.956123232265426,0.9713405355963796,0.9250729524345999,0.004299394276445266,0.6884513610771456,0.7880139508367564,0.831874282704252,0.5115509881082352,0.9554867470142642,0.8904551000234514,0.9690503054905136,0.9715762581064592,0.9554867470142642,0.9071870620733392,0.23782263669855097,0.4265088862663547,0.9230140190706734,0.6187624728425809,0.8946834182676198,0.8731288115108916,0.6050636502684222,0.4089775735994563,0.6252947383155609,0.6898100581398228,,,,1
2024-07-14,0.9914308146396624,0.9737114761412212,0.9870874035204056,0.9681238125586199,0.004616215978344304,0.7201691698221963,0.7976579676152001,0.8351760973278533,0.5276672210114215,0.9640856629684893,0.8991513788221739,0.9798915477583687,0.9849646910276585,0.9640856629684893,0.9096665427120457,0.2511239486556014,0.46587785859300773,0.9322364464985607,0.6044102047882554,0.9043799508714389,0.8910527502950917,0.6443686429906794,0.37843257640857847,0.5850769599267478,0.694986770929604,,,,1
2024-07-21,1.0,0.9931726750711202,1.0,1.0,0.0035060168023492684,0.733409233343339,0.8050433548170138,0.8396179458771769,0.5363612380518061,0.9745577497820572,0.9073212142013237,0.9905953734655516,0.9957352995502471,0.9745577497820572,0.9194379789486377,0.2513896706478464,0.36459543823018625,0.93636160847015,0.5815986706826196,0.8821621384082898,0.8531814051104687,0.6321876410710465,0.36106460022466885,0.480568818972741,0.5478352572181533,,,,1
2024-07-28,0.975146429372001,1.0,0.9993847210443989,0.9803780758819105,0.00465628741375432,0.6332658819416156,0.7843699208898368,0.8381316909405679,0.49115290559694946,0.9833875737197442,0.9142323805701299,0.997683740990884,1.0,0.9833875737197442,0.9335535133220777,0.23811864834869695,0.482538014125674,0.937202612590328,0.5673414709310807,0.8729206837652044,0.869323706587312,0.6244641597891584,0.3772970149580871,0.5223453527355396,0.6909592883174479,,,,0
2024-08-04,0.9359230434175829,0.9667904494013886,0.9653083712973426,0.9403385841610399,0.003959441901424523,0.49749779536995786,0.7306820366571615,0.8238547479248381,0.3936097907745654,0.9917530386729224,0.9206719247344328,1.0,0.9923624639526032,0.9917530386729224,0.9611737003214114,0.19330563568201428,0.4126473354392065,0.9384717539794868,0.5262807385472834,0.8502619500115195,0.8196174376724578,0.6254631723776293,0.32073791007986746,0.47701058317662454,0.514427528693348,,,,0
2024-08-11,0.8827899695354932,0.8676765808650521,0.9013418388400464,0.8757339126902848,0.004212622374961796,0.3517443580196922,0.6408340821073292,0.7905302153785578,0.2483508960868742,0.9958009912174999,0.9254375178452584,0.9965457193202797,0.9849715375270243,0.9958009912174999,0.9790469104012809,0.16164975547069188,0.4405762340833873,0.9495423544160609,0.5533694760879017,0.8497787553308097,0.8236697640264387,0.6483390047652932,0.46635141885527615,0.551476054012249,0.6585353176839683,,,,0
2024-08-18,0.8747744952540067,0.8873907689948192,0.8905455512807813,0.8733568862823907,0.004129338021802303,0.33227121772630386,0.5590539014987822,0.7439343591111024,0.14714240397355816,0.9992574438319748,0.9292790127058722,0.9925831721941504,0.976665880156915,0.9992574438319748,0.9967419633180589,0.12930903783919628,0.43734680079270716,0.9526715458055164,0.553559540177607,0.892078099400175,0.8630703906865551,0.629719952614178,0.4069575763583133,0.6982962947066513,0.7566495684552453,,,,0
2024-08-25,0.860329611334047,0.8767890678163909,0.8935196772344192,0.8679494859735672,0.004389057956397542,0.2971108788909666,0.47948562261379607,0.6872606574228506,0.07028770882641962,0.9995081794056706,0.9322001036486071,0.9874891896348638,0.9761494554475199,0.9995081794056706,0.9979205706296452,0.1272086458596822,0.4701335239902873,0.9621401097452406,0.5472863374793132,0.9082576987831211,0.8834896485813473,0.6442846965490265,0.3932037195625951,0.6065583948923905,0.7020877435967869,,,,0
2024-09-01,0.8758257305401091,0.8648763149382921,0.8728594891106849,0.8558372860809466,0.00347939949595653,0.3406395096495729,0.42603228721600767,0.6288909349129449,0.05735367801240795,0.9996048140739054,0.9362706662334359,0.984498974509864,0.9760190207790913,0.9996048140739054,0.9982911227689493,0.126588587186197,0.36609680161946195,0.9656935925206794,0.5451953424290833,0.9110341757256658,0.9014852122659439,0.6305967292142884,0.4020662431854399,0.5621706810263546,0.694771997197022,,,,1
2024-09-08,0.87000649382862,0.8779878457245358,0.8981067364598836,0.8790673296259105,0.0043557724128421545,0.32518476012924336,0.37693625074993176,0.5702266105028735,0.05510701334534913,1.0,0.9400384146578289,0.9811857012531325,0.9753269940315497,1.0,1.0,0.12361678769910091,0.4567932573615698,0.962955550054906,0.4716281394997177,0.8627167721690875,0.861723123742894,0.6162775113482073,0.2482546130013304,0.3962493393234058,0.5437485370049885,,,,0
2024-09-15,0.8619627886230671,0.8700647478151146,0.8681604862407148,0.8322852133703621,0.004535433696682544,0.30329010495559067,0.33006945935832216,0.5118700460607407,0.05745402280290638,0.9988297102608894,0.9429764731867276,0.9773477834485026,0.9770035438684135,0.9988297102608894,0.9953941956117194,0.13139500937288845,0.47374084116778126,0.9626472007298751,0.4768558084149625,0.9065282255739558,0.8878469583821783,0.621794476134672,0.41902689670317533,0.7016991499007519,0.7174882424218344,,,,0
2024-09-22,0.8821235180780643,0.8599220887638654,0.8840752388189809,0.8599851590704417,0.004392304951380304,0.36528892158290815,0.30759697840266353,0.45970649217452336,0.10468256406785834,0.9969143163693374,0.9460990040262,0.9759812434376625,0.9773321903288271,0.9969143163693374,0.9908026353043821,0.13748489137625494,0.4578658847734703,0.965772546236333,0.5042296058322047,0.9219366796719605,0.8892014134878865,0.6296172292692451,0.4713686747608062,0.603363034142958,0.6508083016498302,,,,1
2024-09-29,0.8705977850336638,0.8854239760364491,0.8933519011203398,0.8721921080021481,0.005047640459489232,0.3312653369797131,0.2796492090095725,0.4111625904381218,0.13228640704194447,0.9946708831429667,0.9497192627647518,0.9735409451895793,0.9782544008112893,0.9946708831429667,0.9847692286608858,0.14613463234151877,0.522715044260343,0.9686013062951639,0.48037261045938784,0.9291084094700849,0.9387296470320415,0.628921588434394,0.35224845797311033,0.5761986641594337,0.7774459719099251,,,,0
2024-10-06,0.807881778972482,0.8656161745827828,0.8606926116574383,0.7921133724028331,0.0050166891456050605,0.17854680486104316,0.20759449875924682,0.35476209707197454,0.07237122384677065,0.9868674250761009,0.953196817029411,0.9647821404456809,0.9827074820613706,0.9868674250761009,0.9622636363528452,0.17998759284196092,0.5179446783872688,0.9701254071042127,0.5380667425533138,0.9317056669003336,0.9155500065511754,0.6259487204187664,0.5424589230534956,0.5614347693702484,0.5886661301691588,,,,0
2024-10-13,0.7860034544327981,0.810182494564093,0.8082588718388909,0.7908443242741212,0.00443215913210483,0.13584920578209914,0.13382294468326314,0.29165780119943774,0.02124733015298564,0.97771006842038,0.9557415714997334,0.9545722366910296,0.9869400603377205,0.97771006842038,0.9370649138737643,0.21756917049756067,0.4675500460275223,0.9708827067120931,0.5474764740848864,0.9445833212698513,0.9321707058842519,0.6242094101871182,0.4269949953210574,0.5942001756076649,0.6900208861936894,,,,0
2024-10-20,0.7782506743992817,0.7848679041528499,0.7965582110826341,0.7760426466031335,0.004405768794036525,0.12108682475850775,0.07062210437172588,0.22576737354306567,0.0,0.9695373562532245,0.9581075077512033,0.9445248985372516,0.9917782288927963,0.9695373562532245,0.9132816425019733,0.2546875694348964,0.46589094473643494,0.9690994612575397,0.4906377391684362,0.9545778321192924,0.9508049891107367,0.618466956482685,0.28462149643212165,0.5846553093490449,0.6945772537841293,,,,0
2024-10-27,0.7890350707104017,0.776701250225415,0.7827225829172233,0.7723966520340563,0.004043734924482952,0.15999844786355105,0.030957452819810567,0.16338565163102534,0.026757754170863176,0.9632790247440519,0.9605813444244659,0.9365609193074682,0.9947857418912295,0.9632790247440519,0.8959201501829961,0.28152212027694534,0.4286296121003137,0.9719312753999275,0.5190571428845953,0.9431921334922878,0.9380697480841221,0.6289074199383174,0.47250895011764793,0.5175280302048305,0.6153611356895976,,,,1
2024-11-03,0.786829392279434,0.7895973610801595,0.7948427390456198,0.7917060563896711,0.0025251390322028485,0.1551507321159887,0.0,0.10593352008139831,0.06435132191121937,0.9552110928483332,0.9628254611825838,0.929125023123467,0.9935787859856371,0.9552110928483332,0.8797411127557823,0.30196978790588413,0.27551512322677907,0.972111240101367,0.4910179398637148,0.9272218365458078,0.9243592274997772,0.6229030403053271,0.344037915567779,0.5027047573108526,0.6125777991279762,,,,0
2024-11-10,0.8149680158897252,0.7827138484431497,0.808286807881289,0.7652372152445096,0.004636899518339253,0.25669733304358594,8.63512947732466e-06,0.05997391989854601,0.15199455891103866,0.9471416311685985,0.9654898586980267,0.9253364895181663,0.984806690635759,0.9471416311685985,0.872788120236255,0.3007970128030584,0.4765301567375017,0.9734829760751931,0.4983366763450574,0.9809271311453773,0.9217639159207104,0.6255929042521526,0.4235290954425528,0.7250646600161621,0.6406105912854979,,,,1
2024-11-17,0.8341901587783532,0.8157455979599629,0.836750571687468,0.818458911273677,0.005392095000577023,0.31920970257910314,0.01728739482774991,0.027418425747425132,0.2542156627059838,0.9407419039082279,0.9684555461166033,0.9239165916552875,0.9760554826961836,0.9407419039082279,0.8694627916122225,0.2946130965263285,0.5450004384249528,0.972197546240398,0.4714380754100124,0.9557758403347817,0.9214570070733119,0.6195993485369999,0.34481110319406977,0.4761969309177155,0.6464577059103322,,,,1
2024-11-24,0.8492356831054828,0.8348696935205967,0.841365550749883,0.8084965340914846,0.006016143651926119,0.36555546424748436,0.044625296706070246,0.008038416611635067,0.35469327890154195,0.934120432467998,0.9720146773574357,0.9242034821179271,0.9626790044763859,0.934120432467998,0.8712950995053154,0.2754232007375161,0.5950694937345558,0.9790299836137812,0.5106928726202037,0.97565200191292,0.9288031803252816,0.637916893805125,0.5002462733633066,0.6152275283610187,0.6660623147228321,,,,1
2024-12-01,0.8588186152845746,0.8535068430302183,0.8594526303613683,0.8608186352244532,0.006510998019397115,0.39449967125306157,0.07524981039261301,0.0,0.4411854406217719,0.9269344111238706,0.9756216670909569,0.9254640219394082,0.9429563964561317,0.9269344111238706,0.8796344635559693,0.2388871880835767,0.6298017335694586,0.982625884216398,0.4894972095984686,0.9883444398473498,0.9487729213720648,0.6305581967829472,0.3587427719668629,0.5921295112718529,0.6981040087592373,,,,1
2024-12-08,0.8990837040052804,0.851998881207452,0.8924101358412125,0.860629156948199,0.006565557523262334,0.5028474574636952,0.13215661910396068,0.0074419095895211385,0.5592400149172869,0.9214659349164402,0.981111006248272,0.9308103459019946,0.9209058265555458,0.9214659349164402,0.8945716665278858,0.18975125462866846,0.6146487722535742,0.9861376278498939,0.4721984768005695,1.0,0.9985994636411692,0.6303419758877222,0.36633996703320737,0.5885696026071879,0.7721806249057221,,,,1
2024-12-15,0.9032604142256233,0.905634452689368,0.9090614590437031,0.8974392340698146,0.006507573820892331,0.5130769675243512,0.1807114048252347,0.025232038497836673,0.6381566094723584,0.9175705584601387,0.9868872775484745,0.9360837687884425,0.9041223820524324,0.9175705584601387,0.9065247541291953,0.15119572260835173,0.5977428756448465,0.9914691528264189,0.5042296058322047,0.9921114904629019,1.0,0.6343667785705158,0.48291884055029843,0.5293782940521725,0.6506248636484209,,,,1
2024-12-22,0.8656232762319069,0.9029747017946684,0.8979761630298928,0.8725614507365761,0.0053622835259118625,0.3890166174328165,0.18938514954238803,0.041578612029841575,0.6271479063476385,0.9137611379849472,0.9914464267373703,0.9369236244210322,0.8919152500151728,0.9137611379849472,0.9130828475765226,0.1258172633841548,0.48755006946169616,0.9971934103255072,0.4894972095984686,0.9679025030123477,0.9657485362062107,0.6351755804226727,0.3730183562156852,0.4797592189971166,0.5646409344278833,,,,0
2024-12-29,0.8938746402207757,0.866449711412942,0.8884012176625342,0.859540096234383,0.003979693043709133,0.4629661891275733,0.21837402686139057,0.06172272896278691,0.6561083664659324,0.9143617967518213,0.9958820165489694,0.9406344519368826,0.8935981592646904,0.9143617967518213,0.9123438734132507,0.12910645942430055,0.3656407000048418,1.0,0.5011880727858444,0.97595401087714,0.972292330869687,0.6286790101702652,0.43372988470118445,0.5780313555407655,0.6634387306152639,,,,1
2025-01-05,0.8811286529812508,0.8930567629189268,0.8889792074013332,0.8905355917169236,0.0006332642903245462,0.4231028475319395,0.23080503225515045,0.08086843138916251,0.6484943538145225,0.914706117359382,1.0,0.9426605023967481,0.8943826238080409,0.914706117359382,0.9121401603119027,0.13044956985175032,0.07040501353510295,0.997805471293131,0.5032791403519423,0.9630884486634161,0.9673514963426856,0.6176757413187111,0.4113333557126807,0.5136155870309672,0.635076743029736,,,,0
