Date,close,open,high,low,volume,rsi,macd,macd_signal,macd_hist,sma_20,sma_50,ema_20,bb_upper,bb_mid,bb_lower,bb_width,volume_norm,usdtry,brent,sp500,dax,usdtry_chg,brent_chg,sp500_chg,dax_chg,tcmb_faiz,tufe,ufe,target
2010-12-19,635.2386474609375,651.2175353663733,669.7044432308494,628.6746562695973,376211600000,48.76224711306962,22.870024033355207,29.36175295116088,-6.491728917805673,649.8110534667968,592.0774395751953,648.4093723721206,735.1010238743964,649.8110534667968,564.5210830591972,26.25069855385514,1.4802829110365008,1.5185999870300293,91.66999816894531,1243.9100341796875,6982.4501953125,0.0076974238769171865,0.01315201998078308,0.0028297401616732554,-0.003385548284868367,,,,0
2010-12-26,662.66943359375,635.7186241975393,663.9614799141799,624.3637037554909,320323200000,55.10437830100727,21.3043505899509,27.750272478918887,-6.4459218889679875,653.0681823730469,594.3713067626952,649.7674734408472,734.8545836395108,653.0681823730469,571.2817811065829,25.046818532569624,1.2281789721695555,1.5442999601364136,94.25,1256.77001953125,7057.68994140625,0.01692346458967542,0.02814445164818058,0.010338356471288668,0.010775550700563574,,,,1
2011-01-02,660.04150390625,661.6334941774458,671.5564578606712,652.5855077795769,354248700000,54.40954533747553,19.625263323438162,26.125270647822745,-6.500007324384583,656.8304626464844,596.7710540771484,650.7459525327903,732.0525908365842,656.8304626464844,581.6083344563847,22.904579634451384,1.3102073217908545,1.552299976348877,94.75,1257.6400146484375,6914.18994140625,0.005180351239377545,0.0053050397877985045,0.0006922468738648213,-0.020332431885128677,,,,0
2011-01-09,687.6993408203125,663.6264701169437,697.2493067340428,661.2704645996569,509743000000,60.110436436794174,20.29241255993088,24.958699030244375,-4.666286470313494,661.8406341552736,599.7255987548829,654.2653228458876,730.6971927196681,661.8406341552736,592.9840755908791,20.807594762530147,1.7794711524128635,1.5513999462127686,93.33000183105469,1271.5,6947.83984375,-0.0005798042580824614,-0.014986788062747336,0.011020630061168157,0.0048667888254319,,,,1
2011-01-16,678.7924194335938,685.1493800756061,689.9112937026345,673.0053906827245,399259000000,57.61195831640529,19.873331622516844,23.941625548698873,-4.0682939261820295,666.1074645996096,602.3713848876953,656.6012368066215,727.2674514428885,666.1074645996096,604.9474777563306,18.363399329278376,1.3367624213399592,1.5455000400543213,98.05999755859375,1293.239990234375,7075.7001953125,-0.003802956273686875,0.05068033466988742,0.017097908167027054,0.018402892760620793,,,,0
2011-01-23,659.26953125,676.5443899787792,676.8024234978423,644.7135777891809,398269000000,52.46450539362446,17.76113374952672,22.705527188864444,-4.944393439337723,668.5717041015625,605.2658502197264,656.8553600869433,723.904442447634,668.5717041015625,613.2389657554911,16.552521743476554,1.2825561714286653,1.5805000066757202,97.5999984741211,1283.3499755859375,7062.419921875,0.022646370568951024,-0.004690996287225024,-0.007647470479663299,-0.0018768846998771238,,,,0
2011-01-30,632.109619140625,662.3634701656786,663.9264412231262,628.8896655376517,372617000000,46.270734764725596,13.737269108122405,20.91187557271604,-7.174606464593634,669.8732971191406,607.6953369140624,654.4986228539606,719.9957560676505,669.8732971191406,619.7508381706307,14.964758011422978,1.1419729225932604,1.577299952507019,99.41999816894531,1276.3399658203125,7102.7998046875,-0.002024710000116947,0.018647538148341303,-0.005462274437200487,0.005717570359619728,,,,0
2011-02-06,653.0865478515625,625.887670829202,658.6844793547463,619.566720475606,376098600000,51.07491557886674,12.101491760793579,19.14979881033155,-7.048307049537971,670.5967956542969,610.0933239746095,654.3641395203989,719.2147101292637,670.5967956542969,621.9788811793301,14.49989465802044,1.137628827264863,1.5936000347137451,99.83000183105469,1310.8699951171875,7216.2099609375,0.010334167690056795,0.004123955639313559,0.027053943480240594,0.015966965051606108,,,,1
2011-02-13,647.3005981445312,655.3865633245384,661.6274709513863,639.9426047706927,300295900000,49.75347008394024,10.220433842401917,17.363925816745624,-7.143491974343707,670.8412475585938,613.0982885742188,653.6914212941258,718.9085092384755,670.8412475585938,622.773985878712,14.330443112976113,0.9020331332437526,1.5918999910354614,101.43000030517578,1329.1500244140625,7371.2001953125,-0.0010667944535964757,0.016027230740001563,0.013944959732822948,0.02147806607817504,,,,0
2011-02-20,659.8544921875,653.4725539942589,663.8854767939906,643.7276227250262,380719200000,52.61793849461316,9.631648572532413,15.817470367902983,-6.18582179537057,671.3927917480469,615.7703149414062,654.2783804268281,718.6425005306629,671.3927917480469,624.1430829654308,14.075131387573014,1.1264782839431888,1.5738999843597412,102.5199966430664,1343.010009765625,7426.81005859375,-0.011307247174498714,0.010746291379385875,0.010427705749524119,0.007544207429966976,,,,1
2011-02-27,613.6697387695312,658.9894608058969,658.9894608058969,605.4707755212781,376741700000,42.92322167411434,5.376333361115371,13.729242966545462,-8.35290960543009,668.467855834961,617.5971643066406,650.4108907451807,722.2995337360384,668.467855834961,614.6361779338837,16.105988472351594,1.0992892642898133,1.6009999513626099,112.13999938964844,1319.8800048828125,7185.169921875,0.017218353943813547,0.09383537906341366,-0.017222511161215426,-0.03253619451855272,,,,0
2011-03-06,611.124755859375,615.7747647598245,618.0897404217944,580.6809398170291,384535300000,42.45898247785005,1.7781096059344463,11.33901629442326,-9.560906688488814,663.9736785888673,619.1323156738282,646.6693540893897,721.263676461072,663.9736785888673,606.6836807166626,17.256707523094057,1.1356366419203296,1.597100019454956,115.97000122070312,1321.1500244140625,7178.89990234375,-0.0024359350569215232,0.03415375291511036,0.0009622234798252194,-0.0008726334379596246,,,,0
2011-03-13,637.8136596679688,605.6078310166004,638.467647925124,594.2388723834463,469122000000,48.72235336206982,1.0677544365388485,9.284763922846379,-8.21700948630753,660.3611511230469,620.5665087890625,645.8259546206829,714.4355361883646,660.3611511230469,606.2867660577291,16.377215701849163,1.3622626484445648,1.5815000534057617,113.83999633789062,1304.280029296875,6981.490234375,-0.00976768258666616,-0.01836686091568518,-0.01276917443548431,-0.02749859597628601,,,,1
2011-03-20,638.3896484375,637.5586347412674,651.206567397869,625.0036922639755,425707900000,48.85175188461163,0.5449880439944081,7.536808747075986,-6.9918207030815775,657.9005676269531,621.7223828125,645.1177349841892,711.2293721617715,657.9005676269531,604.5717630921348,16.211812896643426,1.197639818407751,1.5855000019073486,113.93000030517578,1279.2099609375,6664.39990234375,0.0025292117398119096,0.0007906181498638087,-0.019221384822467935,-0.04541871740649028,,,,1
2011-03-27,642.466552734375,637.9405741821513,651.7065885748925,633.2436460761173,362681200000,49.81704377654621,0.4544256798543529,6.120332133631659,-5.665906453777306,654.6344848632813,622.7347155761719,644.8652414365878,702.8552553123586,654.6344848632813,606.4137144142039,14.732120462351793,1.0143168299644332,1.5480999946594238,115.58999633789062,1313.800048828125,6946.35986328125,-0.023588777800651384,0.014570315353886976,0.027040195860634775,0.04230837960944389,,,,1
2011-04-03,657.1405029296875,643.7575622532687,657.1405029296875,633.5746673705133,332823300000,53.23781403112761,1.5488651459819494,5.206038736101718,-3.6571735901197684,652.7151428222656,624.2328881835938,646.0343139597402,696.9758051215158,652.7151428222656,608.4544805230155,13.562014850114284,0.9314971287519627,1.544100046157837,118.69999694824219,1332.4100341796875,7179.81005859375,-0.00258377915857233,0.026905447779931313,0.01416500583034841,0.033607558477718236,,,,1
2011-04-10,680.9293823242188,656.3354919872562,697.9563308519408,654.8005270217551,461050600000,58.211067251854004,4.286369464067548,5.022104881694884,-0.7357354176273363,651.7627471923829,626.1838586425781,649.3576538039763,692.4139483008627,651.7627471923829,611.1115460839031,12.4742327736877,1.2146880557748831,1.5099999904632568,126.6500015258789,1328.1700439453125,7217.02001953125,-0.02208409732221095,0.06697560894717824,-0.003182196265119952,0.005182582914287748,,,,1
2011-04-17,684.5014038085938,678.5304135305556,689.1113517731876,675.8324173791805,293450600000,58.91759046701286,6.66723787198714,5.351131479753335,1.316106392233805,652.9141418457032,628.08212890625,652.7046776139398,695.957515894825,652.9141418457032,609.8707677965814,13.185002832820796,0.7730551029099676,1.5199999809265137,123.44999694824219,1319.6800537109375,7178.2900390625,0.006622510282393357,-0.025266518271481075,-0.0063922464394360334,-0.005366478181290324,,,,1
2011-04-24,686.9143676757812,688.1003467934071,688.1003467934071,662.8304615664373,335108200000,59.41674324462468,8.649097840566128,6.010724751915895,2.6383730886502335,653.8299377441407,631.2830725097656,655.9627433341152,699.0049691247499,653.8299377441407,608.6549063635315,13.818587609026636,0.8856091583964265,1.5175000429153442,123.98999786376953,1337.3800048828125,7295.490234375,-0.0016446960806181243,0.0043742481075454975,0.013412304840179079,0.016327035362840636,,,,1
2011-05-01,692.497314453125,687.2113726793077,694.0833046011448,673.4524501719101,286064400000,60.60927222487194,10.548635190316872,6.91830683959609,3.6303283507207826,656.0754730224611,633.9834973144531,659.4422262978304,704.3053168707506,656.0754730224611,607.8456291741716,14.702529154489016,0.7613086365764451,1.5233999490737915,125.88999938964844,1363.6099853515625,7514.4599609375,0.003887911691331958,0.015323829007292122,0.019612959946300634,0.03001439513012505,,,,1
2011-05-08,682.4053955078125,696.2053170771907,703.3523085966742,679.6774435947046,287268100000,57.329846675290234,11.111610973654365,7.7569676664077445,3.3546433072466204,658.4338104248047,636.8093420410156,661.6291947940192,706.985283146317,658.4338104248047,609.8823377032925,14.747563673921325,0.773668707438867,1.5484999418258667,109.12999725341797,1340.199951171875,7492.25,0.01647629879949486,-0.13313211706639017,-0.01716769049153888,-0.0029556296863586518,,,,0
2011-05-15,645.8485717773438,683.1013606358789,685.7393471451654,645.0266156780924,301069300000,47.3379575388881,8.509846962457914,7.907543525617779,0.6023034368401348,657.5927673339844,638.6796325683594,660.1262783162406,706.417301287302,657.5927673339844,608.7682333806667,14.849474136177717,0.8129457599718531,1.5770000219345093,113.83000183105469,1337.77001953125,7403.31005859375,0.018404960399958092,0.0430679436994994,-0.001813111273806789,-0.011870925477159733,,,,0
2011-05-22,632.982666015625,643.2235689864013,656.3735569131453,625.116679899733,217015200000,44.40468627759599,5.3481094916403435,7.395656718822292,-2.0475472271819486,656.2398254394532,640.4167626953125,657.5411723828486,706.2635430574701,656.2398254394532,606.2161078214363,15.245559833104725,0.5970452867710978,1.5723999738693237,112.38999938964844,1333.27001953125,7266.81982421875,-0.002916961319723188,-0.012650464888364743,-0.003363806883321274,-0.018436379578154027,,,,0
2011-05-29,624.0706787109375,628.6866636122157,650.1675892786052,618.537748947571,258660500000,42.44283546815331,2.09908987063568,6.33634334918497,-4.23725347854929,653.0583923339844,641.8719152832032,654.3535063188571,702.7500544572156,653.0583923339844,603.3667302107533,15.218137522323744,0.7370760114935306,1.6019999980926514,115.02999877929688,1331.0999755859375,7163.47021484375,0.018824742250846294,0.02348962900600915,-0.001627610246629163,-0.014222123552665722,,,,0
2011-06-05,628.0656127929688,621.1277138924066,637.0825934069081,611.385760747154,265010100000,43.64479798587068,-0.15167537427009847,5.038739604493957,-5.190414978764055,650.5220520019532,643.0263891601562,651.8498974116296,699.8602608200137,650.5220520019532,601.1838431838927,15.168804398321104,0.7698961061896692,1.5822999477386475,115.83999633789062,1300.1600341796875,7109.02978515625,-0.012297160035867005,0.0070416201616054774,-0.023243889996039213,-0.0075997286307817324,,,,1
2011-06-12,636.9996337890625,630.0046659432288,644.7755729511902,630.0046659432288,241361300000,46.34338744502147,-1.2006815080632123,3.790855381982523,-4.991536890045735,649.4085571289062,644.5936010742187,650.4355865904328,698.9204260281643,649.4085571289062,599.896688229648,15.248295808775481,0.7175470037430803,1.5713000297546387,118.77999877929688,1270.97998046875,7069.89990234375,-0.0069518538502951754,0.025379856132165646,-0.022443432303584143,-0.005504250790199783,,,,1
2011-06-19,617.1636962890625,641.0256041309366,643.3446226375544,598.4008243895884,277614800000,41.58234324292522,-3.5912234190627714,2.314439621773464,-5.905663040836235,648.661260986328,645.8096337890624,647.2668351331594,699.700107458148,648.661260986328,597.622414514508,15.73667167797638,0.8371475645114311,1.607800006866455,113.20999908447266,1271.5,7164.0498046875,0.023229158289722607,-0.04689341431273919,0.0004091484832500214,0.013317006413702925,,,,0
2011-06-26,620.7227172851562,611.0177562251779,625.9716518168347,603.1097781370134,190224300000,42.71940604760643,-5.139318985894761,0.8236879002398192,-5.96300688613458,647.0430694580078,646.7939697265624,644.73882390954,699.523013431487,647.0430694580078,594.5631254845287,16.221468539161922,0.5901608462197744,1.627500057220459,105.12000274658203,1268.449951171875,7121.3798828125,0.012252799023430017,-0.07146008659406666,-0.0023987800457137,-0.005956117424962715,,,,1
2011-07-03,632.6416625976562,616.6867216677432,636.4056199373306,615.4237278985894,188350100000,46.47669991686777,-5.342847579015029,-0.40961919561115034,-4.933228383403878,646.3101226806642,647.9009838867187,643.5867133084082,699.1829123124971,646.3101226806642,593.4373330488313,16.361430148280956,0.5946729112077724,1.621399998664856,111.7699966430664,1339.6700439453125,7419.43994140625,-0.003748115724199197,0.0632609752923603,0.05614734164926238,0.04185425626754169,,,,1
2011-07-10,635.9586181640625,633.1916355342173,644.6275787522555,630.4496412420375,174318800000,47.50861088196924,-5.176819707028244,-1.363059297894569,-3.8137604091336748,645.1153289794923,648.7603198242188,642.8602280565658,697.778967702898,645.1153289794923,592.4516902560867,16.3268911333154,0.5689090902177983,1.6171000003814697,118.33000183105469,1343.800048828125,7402.72998046875,-0.002652028054105804,0.058692004876205184,0.0030828523049224454,-0.0022521862929633096,,,,1
2011-07-17,626.3477172851562,633.025613773171,637.8675679161971,618.0127420094622,190929400000,44.812676275466316,-5.754427345161844,-2.241332907348024,-3.5130944378138196,645.7492279052736,649.3139770507812,641.2876079830983,697.1082143175217,645.7492279052736,594.3902414930255,15.90678987843314,0.6426040377792991,1.6431000232696533,117.26000213623047,1316.1400146484375,7220.1201171875,0.016078178765722706,-0.009042505520720834,-0.020583444838991327,-0.024667908158617857,,,,0
2011-07-24,598.0198364257812,624.2596832654713,626.9646859813341,594.3418127660426,206920000000,37.972852451209995,-8.401165394075292,-3.4732994046934778,-4.927865989381814,645.0939819335939,649.3238366699219,637.1668678347824,698.6023577777381,645.0939819335939,591.5856060894497,16.589327243065917,0.7178802078515077,1.6650999784469604,118.66999816894531,1345.02001953125,7326.39013671875,0.01338929758733065,0.012024526752751896,0.02194295786267597,0.014718594400981555,,,,0
2011-07-31,622.9536743164062,592.2698718518935,625.3057250976562,584.8609145294763,204831700000,45.812599957340574,-8.390056678797123,-4.456650859514207,-3.9334058192829158,644.3509826660157,650.0869921875001,635.8132303568418,698.6912246639685,644.3509826660157,590.010740668063,16.8666591530966,0.7447802818229851,1.6725000143051147,116.73999786376953,1292.280029296875,7158.77001953125,0.004444199119536529,-0.01626359092403562,-0.03921130501295833,-0.02287895048714561,,,,1
2011-08-07,562.6520385742188,627.3146544107274,627.9946434674066,556.252048178688,273040800000,34.46658865553142,-13.096126984679017,-6.184546084547169,-6.911580900131848,640.5641021728517,649.5901147460938,628.8454978061159,706.0637441315704,640.5641021728517,575.064460214133,20.45061274477854,1.0211345701563936,1.7409000396728516,109.37000274658203,1199.3800048828125,6236.16015625,0.04089687580430623,-0.06313170508867028,-0.07188846249106629,-0.12887826550707682,,,,0
2011-08-14,521.88427734375,551.1150857976024,559.4430449782252,485.99944799055186,452352700000,29.201189822533227,-19.8861045933171,-8.924857786301157,-10.961246807015943,634.5349884033204,648.1586840820312,618.6587149049382,718.8061571708048,634.5349884033204,550.2638196358361,26.561551469221836,1.6638369775381694,1.777999997138977,108.02999877929688,1178.81005859375,5997.740234375,0.02131079132670788,-0.012252024628636393,-0.017150482920608945,-0.038231847146525055,,,,0
2011-08-21,530.6141967773438,528.1122179873319,548.5351225991276,499.3043648871823,297423800000,31.610541486094828,-24.282861515999798,-11.996458532240887,-12.286402983758911,628.2086730957031,646.5712731933593,610.2735227023101,723.5979787895361,628.2086730957031,532.8193674018702,30.368668813109842,1.101148603421947,1.7826999425888062,108.62000274658203,1123.530029296875,5480.0,0.002643388896170995,0.005461482680292562,-0.04689477231202177,-0.08632255051788706,,,,1
2011-08-28,537.0731201171875,517.2582609526132,539.2711454574857,515.6972950560729,238525700000,33.415964300850035,-26.935644576279287,-14.984295741048568,-11.95134883523072,621.0158599853517,645.1911804199218,603.3020557894412,721.239087590326,621.0158599853517,520.7926323803773,32.27718777016045,0.9210304745606936,1.7527999877929688,111.36000061035156,1176.800048828125,5537.47998046875,-0.016772286845097018,0.025225536682798033,0.0474130803291366,0.010489047530793716,,,,1
2011-09-04,553.7500610351562,541.2381497141557,557.6030679940664,536.2471484225485,49433800000,37.96937537100264,-27.376722689010307,-17.462781130640916,-9.913941558369391,614.4782928466798,643.4938500976563,598.582818193795,714.3221505993308,614.4782928466798,514.6344350940287,32.49711467922053,0.20031838571109892,1.718000054359436,112.33000183105469,1173.969970703125,5538.330078125,-0.019853910130014807,0.008710499419779527,-0.002404892936415326,0.0001535170617767978,,,,1
2011-09-11,559.0270385742188,545.5141337858029,569.7949253033491,538.8561394792723,245020900000,39.38198446599912,-26.989355792005426,-19.368096062913818,-7.621259729091609,608.0839263916016,641.8261596679688,594.8156010871687,704.7242022804882,608.0839263916016,511.44365050271506,31.78517691212608,1.011347235502475,1.7654999494552612,112.7699966430664,1154.22998046875,5189.93017578125,0.027648366468495666,0.003916983929845186,-0.01681473183045057,-0.06290703107780471,,,,1
2011-09-18,578.9619750976562,550.4120780187881,581.0329480681003,545.1871299620321,237107900000,44.5218538084929,-24.788040856106136,-20.452085021552282,-4.335955834553854,602.4071594238283,640.4289270019532,593.3057319453104,691.1881829858769,602.4071594238283,513.6261358617796,29.475421124464443,0.988674776281736,1.7796000242233276,112.22000122070312,1216.010009765625,5573.509765625,0.00798644869540599,-0.00487714320063426,0.05352488701756397,0.07390842975763334,,,,1
2011-09-25,563.2310180664062,573.4379582781779,617.2147384757399,556.8250462223544,351009100000,41.52937726765072,-24.035770275132677,-21.168822072268362,-2.8669482028643145,596.4484405517578,638.2501782226562,590.4414734806528,678.3530819607888,596.4484405517578,514.5437991427268,27.464114528747295,1.4444164484563888,1.8389999866485596,103.97000122070312,1136.4300537109375,5196.56005859375,0.033378265687064035,-0.0735163064539156,-0.06544350409584687,-0.06763237580673365,,,,0
2011-10-02,596.9308471679688,552.1610941859137,601.1008113721898,550.0901212034332,258581500000,49.37894817871941,-20.48416712495589,-21.03189108280587,0.547723957849982,594.002554321289,636.1686291503906,591.059509069921,672.5485132613491,594.002554321289,515.456595381229,26.44633709691943,1.0734572970470506,1.8499000072479248,102.76000213623047,1131.4200439453125,5502.02001953125,0.005927145556553048,-0.011637963549737007,-0.004408550926003008,0.05878118553298517,,,,1
2011-10-09,573.3849487304688,589.0628346990759,601.1537735779237,565.0749954003903,259703300000,44.84862123335221,-19.346439550743867,-20.69480077639347,1.3483612256496045,591.0226684570313,633.4350439453125,589.3762176090207,667.845107023857,591.0226684570313,514.2002298902055,25.996444017074435,1.0686453980679245,1.841599941253662,105.87999725341797,1155.4599609375,5675.7001953125,-0.004486764669302645,0.03036196041579764,0.02124756152309204,0.0315666201076541,,,,0
2011-10-16,592.9998168945312,577.3139356101502,598.8088277940841,573.9169200478331,228748200000,49.04281017324613,-16.66986647466115,-19.88981391604701,3.2199474413858624,589.4691253662108,631.5430139160156,589.7213223028789,664.7181600254235,589.4691253662108,514.2200907069982,25.53111992505587,0.9470978643613522,1.8341000080108643,114.68000030517578,1224.5799560546875,5967.2001953125,-0.004072509492855647,0.08311298904452635,0.059820329093104974,0.05135930193084315,,,,1
2011-10-23,567.9199829101562,595.6648571036455,599.5857956922607,553.8730598123266,234226400000,44.39401910135875,-16.383536815803836,-19.18855849599838,2.8050216801945425,586.4618438720703,628.7456494140624,587.6450042654768,660.0042178237603,586.4618438720703,512.9194699203803,25.08002002862864,0.975999351629453,1.857100009918213,109.55999755859375,1238.25,5970.9599609375,0.012540211442609861,-0.04464599522983215,0.01116304727814943,0.0006300719771314967,,,,0
2011-10-30,570.4209594726562,570.233968159213,574.4659207422294,553.390082581176,206935500000,44.954366299269026,-15.772989387886696,-18.505444674376044,2.7324552864893477,583.1329101562501,626.2435217285156,586.004619047113,652.9776845297033,583.1329101562501,513.2881357827969,23.955010309652515,0.8685100894095055,1.745300054550171,109.91000366210938,1285.0899658203125,6346.18994140625,-0.06020136490816441,0.0031946523486223732,0.03782755164168172,0.06284248812980398,,,,1
2011-11-06,561.7990112304688,568.1069546452239,569.549946531063,541.2151268648017,246574600000,43.3331662999739,-15.80268183960311,-17.964892107421456,2.1622102678183452,580.3646759033204,623.4799560546875,583.6993230645754,648.9068916010003,580.3646759033204,511.8224602056404,23.62039543188807,1.0416609063489035,1.7518999576568604,111.97000122070312,1253.22998046875,5966.16015625,0.00378152919292174,0.01874258475076296,-0.024792027172374054,-0.05988314069780887,,,,0
2011-11-13,562.0120239257812,549.6551206569351,563.9169820503478,548.7461288697227,76973700000,43.387486568879915,-15.628865148420346,-17.497686715621235,1.8688215672008894,577.4291412353516,621.4907263183594,581.6338660037378,643.684419293613,577.4291412353516,511.17386317709014,22.948366587981663,0.33314680115565265,1.7906999588012695,114.16000366210938,1263.8499755859375,6057.02978515625,0.02214738403002392,0.019558831986520753,0.008474099153944037,0.015230839690258291,,,,1
2011-11-20,544.7361450195312,566.0869968832069,567.7039315879629,543.4441596357966,202865900000,40.035533485065905,-16.69271004501877,-17.336691381500742,0.6439813364819713,573.0338653564453,619.0134802246095,578.1197973385753,635.4170772860292,573.0338653564453,510.65065342686137,21.772958179628557,0.8752663695797737,1.8240000009536743,107.55999755859375,1215.6500244140625,5800.240234375,0.018596103712816614,-0.05781364656443344,-0.038137399298147634,-0.04239529272425824,,,,0
2011-11-27,510.70928955078125,543.0041290101007,545.0621014553839,488.12139698285495,264818100000,34.39862626507115,-20.05036947382075,-17.879426999964746,-2.1709424738560053,566.7713989257813,616.2759338378906,571.699748977833,627.6869883022574,566.7713989257813,505.8558095493053,21.495646919350968,1.120680538372327,1.868399977684021,106.4000015258789,1158.6700439453125,5492.8701171875,0.02434209249294539,-0.010784641679476903,-0.04687202675475133,-0.05299265285011434,,,,0
2011-12-04,547.6900634765625,515.7562627632426,551.5420326178167,513.030324934881,267478900000,43.67971588622103,-19.502486838787604,-18.204038967729318,-1.2984478710582863,562.8385162353516,614.5249621582032,569.4131122634263,617.3821274030859,562.8385162353516,508.29490506761726,19.38161998313805,1.1138984367232354,1.8260999917984009,109.94000244140625,1244.280029296875,6080.68017578125,-0.022639684430982077,0.03327068481917572,0.07388642331690698,0.10701328195517656,,,,1
2011-12-11,538.3461303710938,549.4391002684625,555.37302569093,526.5562151679554,207003500000,42.06052112520806,-19.596368476861358,-18.482504869555726,-1.1138636073056318,559.8548309326172,612.0384960937499,566.4543520832042,612.800444202617,559.8548309326172,506.9092176626175,18.914050694820975,0.8620375892006423,1.8398000001907349,108.62000274658203,1255.18994140625,5986.7099609375,0.007502331993792799,-0.012006545984276529,0.008768052088355072,-0.01545389859805879,,,,0
2011-12-18,516.6552734375,535.5721449833213,538.8520956855898,510.8812983504149,207003000000,38.49325436326237,-21.176926797953797,-19.02138925523534,-2.1555375427184558,554.5399108886719,609.1707714843749,561.7115826883753,601.8577623358218,554.5399108886719,507.222059441522,17.06562522121129,0.8616459534352047,1.8765000104904175,103.3499984741211,1219.6600341796875,5701.77978515625,0.019947826011456504,-0.048517806473971636,-0.02830639893971476,-0.0475937831697848,,,,0
2011-12-25,519.4832763671875,514.5002676939953,528.4581936377401,506.393327877931,187092200000,39.21707401330299,-21.94832779247622,-19.60677696268352,-2.341550829792702,552.3814727783204,605.8064501953124,557.6898392292145,602.022573042519,552.3814727783204,502.74037251412176,17.973484886999593,0.7929519358062753,1.8875000476837158,107.95999908447266,1265.3299560546875,5878.93017578125,0.005861996872797093,0.044605715320894745,0.03744479657867639,0.031069314722779184,,,,1
2012-01-01,512.6632690429688,522.3551786234494,526.1812103233874,510.1312696686458,117229200000,38.054025333718016,-22.84662456570095,-20.254746483287004,-2.5918780824139454,551.9204223632813,602.4838671875,553.401594449572,602.9071903004533,551.9204223632813,500.9336544261093,18.47613020690575,0.5348346093778229,1.9154000282287598,107.37999725341797,1257.5999755859375,5898.35009765625,0.014781446272958743,-0.005372377139433504,-0.006109063040641294,0.0033033088154375,,,,0
2012-01-08,501.8223571777344,513.143250923913,529.5641941177681,500.0673615802091,197253000000,36.21544670682626,-24.15486002610146,-21.034769191849897,-3.120090834251563,550.4808303833008,599.3349237060547,548.4892861379685,605.4693502999551,550.4808303833008,495.49231046664653,19.97835960186503,0.920971698374847,1.8792999982833862,113.05999755859375,1277.81005859375,6057.919921875,-0.018847253531032115,0.052896260481092305,0.016070358937782414,0.027053298223541633,,,,0
2012-01-15,515.6142578125,504.9753065932345,527.923213241059,492.6303711396125,259462800000,40.17552258228117,-23.80435317063791,-21.588685987607498,-2.215667183030412,549.4078872680664,597.0050164794923,545.3583310593525,606.3023219827658,549.4078872680664,492.51345255336696,20.711182359469674,1.2055360857182384,1.8517999649047852,110.44000244140625,1289.0899658203125,6143.080078125,-0.014633125846709172,-0.023173493488089614,0.008827530469572409,0.014057656315741074,,,,1
2012-01-22,548.883056640625,517.1182217653554,550.5630403494192,514.8412563346651,304408200000,48.48410484528508,-20.60454358339416,-21.391857506764833,0.7873139233706716,549.1645370483399,594.9209466552735,545.6940192099498,606.0223947559597,549.1645370483399,492.30667934072005,20.707039100966178,1.33527129610973,1.825600028038025,109.86000061035156,1315.3800048828125,6404.39013671875,-0.014148362330327235,-0.005251736854699929,0.02039426243285547,0.042537302993046255,,,,1
2012-01-29,573.56396484375,547.7290868664957,575.8159059868624,542.2341001474068,309952600000,53.62928410715265,-15.893913268542065,-20.292268659120282,4.398355390578217,549.8913833618165,593.4462139892578,548.3482997465022,607.644711721318,549.8913833618165,492.13805500231496,21.005358551509108,1.3405014709279912,1.7925000190734863,111.45999908447266,1316.3299560546875,6511.97998046875,-0.018131030048302077,0.014563976563189085,0.0007221876327363486,0.016799389395899977,,,,1
2012-02-05,601.476806640625,570.5359897147989,604.424789131805,569.0459736928806,336433800000,58.65821930558422,-9.79545583272727,-18.192906093841682,8.397450261114411,551.0171249389649,592.2786602783203,553.4081575459425,611.9467368873582,551.0171249389649,490.08751299057167,22.115324257895725,1.4244341920043033,1.756600022315979,114.58000183105469,1344.9000244140625,6766.669921875,-0.020027891980756274,0.027992129662745224,0.021704336536566782,0.03911098347509312,,,,1
2012-02-12,593.3178100585938,599.1717933104197,615.8727275544037,589.8798401680365,316112700000,56.72179905341459,-5.5566931151116705,-15.66566349809568,10.10897038298401,552.5214645385742,591.8716217041017,557.2090768328616,616.1468346547651,552.5214645385742,488.8960944223832,23.030913439471988,1.34835715082893,1.7512999773025513,117.30999755859375,1342.6400146484375,6692.9599609375,-0.0030172178902969637,0.023826110000978895,-0.001680429566955799,-0.010893092435204199,,,,0
2012-02-19,611.1097412109375,598.0627842524118,611.1097412109375,591.4688577148319,306805000000,59.8355480995172,-0.7531016847116234,-12.68315113541887,11.930049450707246,553.2304092407226,591.8713214111328,562.3424734402975,619.2116386729676,553.2304092407226,487.2491798084775,23.85307399237167,1.29533367027785,1.760699987411499,119.58000183105469,1361.22998046875,6848.02978515625,0.005367447171115813,0.019350475830733238,0.013845830317503305,0.023169094858447092,,,,1
2012-02-26,597.371826171875,615.9867474801105,617.7837350904966,591.4248362837737,319094500000,56.45784754398554,1.9230761757016808,-9.76190567319476,11.684981848896442,554.429753112793,591.0624847412109,565.6786022718762,622.7828968664398,554.429753112793,486.07660935914623,24.65709798937903,1.3305384178428818,1.7625000476837158,125.47000122070312,1365.739990234375,6864.43017578125,0.001022354907188383,0.049255722524322865,0.0033131872132818874,0.0023949064387174257,,,,0
2012-03-04,609.020751953125,595.7168182105445,610.2177576587592,583.7838979603033,279232600000,58.59232911729213,4.927140360276894,-6.82409646650043,11.751236826777324,555.2307998657227,590.4751068115235,569.8064260510428,625.8258899828004,555.2307998657227,484.63570974864496,25.429097281400985,1.1521977442255409,1.7517999410629272,123.6500015258789,1369.6300048828125,6921.3701171875,-0.006070982315632079,-0.014505456898998625,0.0028482834772745047,0.008294926155290039,,,,1
2012-03-11,592.8008422851562,606.0847897697379,606.0847897697379,588.6239161408238,241909200000,54.580286279631515,5.930706225273866,-4.273135928145572,10.203842153419437,556.4748428344726,589.481792602539,571.9963704542918,628.8655327257375,556.4748428344726,484.0841529432078,26.017596598809032,0.9966104585737477,1.7740999460220337,125.9800033569336,1370.8699951171875,6880.2099609375,0.012729766930792197,0.018843524482828666,0.0009053468673687615,-0.005946822024123333,,,,0
2012-03-18,623.3596801757812,591.4598926858249,623.765683888487,587.7769287153869,306876300000,60.120736029533816,9.087131435845322,-1.6010824553473932,10.688213891192715,559.1217788696289,588.806176147461,576.8881142372908,637.2996042467931,559.1217788696289,480.9439534924646,27.9645073154602,1.2387581283886073,1.7955000400543213,125.80999755859375,1404.1700439453125,7157.81982421875,0.012062507571950487,-0.0013494665328606104,0.024291179285223397,0.04034903947079882,,,,1
2012-03-25,614.1707763671875,624.2396910140499,630.1526847530239,612.4857876834999,302852500000,57.83612955275898,10.723539129643314,0.8638418616507479,9.859697267992566,561.7403671264648,587.4710040283203,580.4388439639476,643.712125127597,561.7403671264648,479.7686091253325,29.1849269869822,1.2087850748585416,1.8070000410079956,125.12999725341797,1397.1099853515625,6995.6201171875,0.0064049015300085,-0.005404978287668172,-0.005027922810483365,-0.02266049034685691,,,,0
2012-04-01,624.2266845703125,611.3937516619351,630.3497027375713,610.9308024407255,314738500000,59.64348291406131,12.685600066860957,3.22819350269279,9.457406564168167,564.8511001586915,586.2655096435548,584.6091144978872,651.4572092684242,564.8511001586915,478.2449910489587,30.66511124273328,1.1993184878508598,1.7838000059127808,122.87999725341797,1408.469970703125,6946.830078125,-0.012838978731994466,-0.017981299843259912,0.008131060167538617,-0.0069743694261825695,,,,1
2012-04-08,609.3927612304688,625.9796340361768,636.1656317816763,608.3167781726202,316406900000,55.84093499359657,12.894929137948566,5.161540629743946,7.733388508204619,568.0839309692383,584.7150775146484,586.9694618057521,656.339851172204,568.0839309692383,479.82801076627254,31.071436945025923,1.1801464091872618,1.791200041770935,123.43000030517578,1398.0799560546875,6775.259765625,0.004148467223693997,0.004475936393647073,-0.007376809491543956,-0.024697640588656533,,,,0
2012-04-15,605.82275390625,608.6657686331541,612.4647472491234,593.8808077144805,297174500000,54.93323026590464,12.62719572746198,6.654671649287554,5.972524078174427,572.8396041870118,582.981586303711,588.7650134343709,658.2837085573487,572.8396041870118,487.3954998166749,29.831772714668126,1.1017644035384873,1.7926000356674194,121.83000183105469,1370.260009765625,6583.89990234375,0.0007815955023651178,-0.012962800536054142,-0.019898680449985884,-0.0282439153480335,,,,0
2012-04-22,601.225830078125,602.0537865639548,612.449770334902,596.9528279326207,256298600000,53.72227201338113,11.906827243185148,7.705102768067073,4.201724475118075,575.5163925170899,581.3579949951172,589.9517578766332,660.9974161082902,575.5163925170899,490.03536892588966,29.705851893232353,0.9521918327426343,1.7918000221252441,118.76000213623047,1378.530029296875,6750.1201171875,-0.0004462866932151144,-0.025199044969903883,0.006035365165961926,0.02524646749027548,,,,0
2012-04-29,605.9637451171875,595.7128367341951,610.7577258727642,592.408850504469,217980200000,54.82755199569656,11.584698978070833,8.481022010067825,3.1036769680030076,578.8972732543946,580.560298461914,591.4767090424003,663.5328156497013,578.8972732543946,494.26173085908783,29.240262929382958,0.8081847184229816,1.7646000385284424,119.83000183105469,1403.3599853515625,6801.31982421875,-0.015180256312610108,0.0090097648667673,0.01801190799401886,0.007585006806157812,,,,1
2012-05-06,590.1538696289062,607.9438061761239,608.6147621002118,588.1978862934841,168102200000,50.49379870600145,9.939113272969507,8.772640262648162,1.1664730103213454,582.5722030639649,579.7037225341796,591.3507243363532,662.054241633733,582.5722030639649,503.09016449419687,27.286588049255464,0.6277839693297373,1.7608000040054321,113.18000030517578,1369.0999755859375,6561.47021484375,-0.0021534820582794767,-0.05549529687276966,-0.02441284497437224,-0.03526515670104524,,,,0
2012-05-13,588.722900390625,582.4848929696918,593.2518615601385,580.4739172857026,192901400000,50.10773706685354,8.422419083036061,8.702596026725743,-0.28017694368968193,586.0341842651369,578.9967669677734,591.100455389141,659.7698940904262,586.0341842651369,512.2984744398476,25.164303313722517,0.7196169188730329,1.7861000299453735,112.26000213623047,1353.3900146484375,6579.93017578125,0.014368483577004376,-0.00812862843669071,-0.011474663076212921,0.002813387904396558,,,,0
2012-05-20,569.35498046875,586.7769340681452,589.0639093091147,564.046048394709,216207900000,45.083463843740404,5.593124677405399,8.080701756861675,-2.487577079456276,588.8687698364258,577.8225543212891,589.0294577776751,654.6590953495927,588.8687698364258,523.078444323259,22.344647528664797,0.7919408276988362,1.8281999826431274,107.13999938964844,1295.219970703125,6271.22021484375,0.02357088180500244,-0.045608432648778785,-0.04298099093070595,-0.046916905299963285,,,,0
2012-05-27,548.0960693359375,572.397973200183,574.8429675912737,539.9731269149106,212903900000,40.306162573158495,1.616834158953111,6.787928237279963,-5.171094078326852,591.1824554443359,576.0444830322265,585.131039830843,646.5054596067247,591.1824554443359,535.8594512819471,18.716050739634248,0.7776098060169351,1.8461999893188477,106.83000183105469,1317.8199462890625,6339.93994140625,0.009845753662953483,-0.002893387720363405,0.0174487547267117,0.010957951436602942,,,,0
2012-06-03,555.6810913085938,550.9120351136404,557.9010252651494,543.6601585921601,230631500000,42.64157238869658,-0.911845652943839,5.247973459235203,-6.159819112179042,593.1857971191406,574.8148309326172,582.326282828724,639.0862432933845,593.1857971191406,547.2853509448967,15.475908694093324,0.8468166923473611,1.864300012588501,98.43000030517578,1278.0400390625,6050.2900390625,0.009803934229428268,-0.07862961136294855,-0.03018614746163273,-0.04568653725756011,,,,1
2012-06-10,572.9969482421875,551.9140915423527,573.6529506077213,551.3221146730834,206700700000,47.674480281364666,-1.5012917256483433,3.898120422258494,-5.399412147906837,594.3914916992187,573.8603155517579,581.4377747728633,636.5024350747352,594.3914916992187,552.2805483237022,14.169430068768886,0.7728117737680643,1.8253999948501587,99.47000122070312,1325.6600341796875,6130.81982421875,-0.020865749866262773,0.010565893653387004,0.037260174690707526,0.01331007020098629,,,,1
2012-06-17,584.6748657226562,582.4279393340231,586.631886553531,575.044921875,197456600000,50.80928829091845,-1.0144279468391915,2.915610748438957,-3.9300386952781485,594.9470367431641,572.9009796142578,581.7460691490342,636.1851877339815,594.9470367431641,553.7088857523466,13.862797339595705,0.7541088632136357,1.813099980354309,97.61000061035156,1342.8399658203125,6229.41015625,-0.006738257111071899,-0.018699111164426463,0.012959530496260196,0.016081100873619913,,,,1
2012-06-24,604.5107421875,588.9728698257501,608.1507367331473,581.4478855726517,213773100000,55.66763972997831,0.9609275858545061,2.5246741159220667,-1.5637465300675606,595.0987335205078,572.2720220947265,583.9141332479358,636.4601585699909,595.0987335205078,553.7373084710248,13.900693353788721,0.8360049359437177,1.8035000562667847,90.9800033569336,1335.02001953125,6263.25,-0.00529475715158767,-0.06792333994427668,-0.005823438747807441,0.005432270937570038,,,,1
2012-07-01,625.4317016601562,598.6067911613267,625.4317016601562,594.7908325195312,235438800000,60.13927063270008,4.166528515717005,2.8530449958810546,1.31348351983595,596.7044281005859,572.2537017822266,587.868187382433,640.2124375415175,596.7044281005859,553.1964186596543,14.582767411136915,0.9354902405687161,1.82669997215271,97.80000305175781,1362.1600341796875,6416.27978515625,0.012863828756373152,0.07496152388638566,0.020329294131459452,0.024432967733405198,,,,1
2012-07-08,627.8026733398438,623.0986747484907,631.5816629771418,617.4196888484411,211256500000,60.62400750935141,6.819694751274142,3.6463749469596722,3.1733198043144695,597.5390747070312,572.849358520508,591.6714717593293,642.8151932364644,597.5390747070312,552.262956177598,15.154195079754999,0.8556469054562955,1.8097000122070312,98.19000244140625,1354.6800537109375,6410.10986328125,-0.00930637773298082,0.003987723696103007,-0.005491264081356362,-0.000961604244452352,,,,1
2012-07-15,626.6187133789062,627.2507262466306,635.7536380878206,621.0727043465683,186343100000,60.23012209854491,8.726221978815033,4.662344353330745,4.063877625484288,599.0014190673828,572.9226593017579,594.9997804850033,646.1070812833726,599.0014190673828,551.895756851393,15.728063646103251,0.7755917826264753,1.81850004196167,102.4000015258789,1356.780029296875,6557.10009765625,0.004862700831784084,0.042876046234797904,0.0015501635092249888,0.02293100079563337,,,,0
2012-07-22,617.918701171875,627.1686989684514,630.1946840322188,614.0457359899267,186947900000,57.28480394494765,9.42647769921848,5.615171022508292,3.8113066767101884,599.4463165283204,574.0279925537109,597.1825348361339,647.1151280612372,599.4463165283204,551.7775049954035,15.904280406288812,0.7933454480248606,1.8020000457763672,106.83000183105469,1362.6600341796875,6630.02001953125,-0.009073409845788971,0.04326172108558235,0.004333793802861141,0.011120757772336676,,,,0
2012-07-29,643.724609375,613.9027361743426,644.9795465593471,604.6637717097801,211585000000,63.055776201771344,11.92627781888109,6.877392381782853,5.048885437098237,601.9925048828125,576.4647991943358,601.6151133636449,653.4558131270205,601.9925048828125,550.5291966386044,17.097657471408628,0.9037119546225848,1.8098000288009644,106.47000122070312,1385.969970703125,6689.39990234375,0.004328514332105238,-0.0033698455881417955,0.017106201061712234,0.008956214707885435,,,,1
2012-08-05,653.0325317382812,645.225552142766,654.4454880780021,632.6486475913781,238411900000,64.89789659814406,14.491411003506641,8.400196106127611,6.0912148973790305,603.4761474609375,578.9131658935546,606.5120103517056,659.0776368555028,603.4761474609375,547.8746580663721,18.427071104136505,1.0334032442257521,1.799399971961975,108.94000244140625,1390.989990234375,6865.66015625,-0.0057465226397855895,0.023199034398271756,0.003622026189141314,0.0263491877417128,,,,1
2012-08-12,651.2565307617188,653.2005140910431,661.4054876513364,640.2165781223792,211273400000,64.23970830052762,16.19431115853297,9.959019116608683,6.235292041924286,605.330435180664,581.1968341064453,610.7733932478973,664.7744716496921,605.330435180664,545.8863987116359,19.640194186266786,0.9343145475612492,1.7821999788284302,112.94999694824219,1405.8699951171875,6944.56005859375,-0.009558738135796996,0.03680920155103462,0.010697420533058777,0.0114919615227278,,,,0
2012-08-19,657.58154296875,650.2745425996424,659.5334979737592,637.3946384138637,166478600000,65.57861622457084,17.848501015498755,11.536915496386698,6.311585519112057,606.998178100586,583.2734637451172,615.2313122689309,670.4133542451524,606.998178100586,543.5830019560195,20.89468417945,0.761171565732516,1.7933000326156616,113.70999908447266,1418.1600341796875,7040.8798828125,0.0062282874644226105,0.0067286600864515655,0.008741945631662418,0.013869823776605728,,,,1
2012-08-26,656.53955078125,658.081558772117,665.9884980289493,655.1755682057219,91264300000,65.14587887108163,18.857995104825136,13.001131418074385,5.856863686750751,609.355517578125,585.2237139892578,619.165430222485,676.5387301998595,609.355517578125,542.1723049563906,22.050579894230943,0.4399201654341955,1.7926000356674194,113.58999633789062,1411.1300048828125,6971.06982421875,-0.0003903401190603617,-0.0010553403178983345,-0.0049571480844483595,-0.009914962299550578,,,,0
2012-09-02,673.6763916015625,656.9485603630084,673.6763916015625,656.9485603630084,144592900000,68.7931124352387,20.801044783213342,14.561114091102176,6.239930692111166,612.7481994628906,587.1180023193359,624.3569503538258,685.7788532790792,612.7481994628906,539.7175456467021,23.837084753640774,0.7235888667433912,1.8265000581741333,114.56999969482422,1406.5799560546875,6970.7900390625,0.0189110910589112,0.008627549859394623,-0.0032244008789983347,-4.013518201728683e-05,,,,1
2012-09-09,679.3673706054688,673.0364329421927,682.6603829355892,667.0874476718218,221042300000,69.91886904117682,22.540309440003284,16.1569531608824,6.3833562791208855,616.6552764892577,589.4407293701171,629.5960379968394,695.2402045132962,616.6552764892577,538.0703484652192,25.487474451346067,1.1160110834540304,1.8091700077056885,114.25,1437.9200439453125,7214.5,-0.009488119308229792,-0.0027930496262249527,0.022281056797176735,0.03496159826530598,,,,1
2012-09-16,681.8013916015625,681.2163696079342,685.4033625091146,672.5614642014372,217644900000,70.41051611434217,23.840278473472836,17.693618223400485,6.146660250072351,620.4471588134764,591.138140258789,634.5679764353845,704.0202555605592,620.4471588134764,536.8740620663937,26.939633959128876,1.0989511145652708,1.7985899448394775,116.9000015258789,1465.77001953125,7412.1298828125,-0.005848020264070164,0.023194761714476098,0.01936823657421427,0.02739342751576679,,,,1
2012-09-23,678.911376953125,680.0474289277213,682.5833652233339,664.7275059560137,219115200000,68.96914911981766,24.356546166219346,19.02620381196426,5.330342354255087,624.8850341796874,593.2486688232422,638.791157437074,711.0704933907484,624.8850341796874,538.6995749686264,27.584420972475446,1.0923072977192576,1.7967100143432617,111.41999816894531,1460.1500244140625,7451.6201171875,-0.0010452246225493012,-0.04687770132937463,-0.003834158866876547,0.005327784995588392,,,,0
2012-09-30,663.9634399414062,674.1884653902596,680.0073759192568,660.9364785411263,222084400000,61.90983378763125,23.29103389987256,19.87916982954592,3.41186407032664,628.6470611572265,594.6679412841796,641.1885176755819,714.7547642044866,628.6470611572265,542.5393581099664,27.394609270502674,1.0991140671762258,1.787559986114502,112.38999938964844,1440.6700439453125,7216.14990234375,-0.00509265722109542,0.008705808980828733,-0.013341081493709606,-0.031599868369648565,,,,0
2012-10-07,673.8333740234375,662.6974744397254,678.0904018134551,656.3925232371902,239482200000,64.49403713476079,22.978151123382645,20.498966088313264,2.4791850350693814,633.870980834961,596.7862091064453,644.2975516134729,717.4734408736122,633.870980834961,550.2685207963098,26.378383793032015,1.1784302594963443,1.7960799932479858,112.0199966430664,1460.9300537109375,7397.8701171875,0.004766277607278102,-0.0032921322946115605,0.01406290763854745,0.02518243347255411,,,,1
2012-10-14,696.02734375,673.4523973735315,699.6872976378863,671.0324273861695,241568100000,69.50427356513343,24.24161489636117,21.24749584992285,2.994119046438321,641.267544555664,599.2983367919921,649.2241984836184,718.8784617233099,641.267544555664,563.6566273880181,24.205471749368723,1.1803699277274873,1.80649995803833,114.62000274658203,1428.5899658203125,7232.490234375,0.005801503735644253,0.02321019622773357,-0.022136643577478132,-0.022355067092658554,,,,1
2012-10-21,707.7362060546875,695.6262927685727,709.2282414581875,692.7713275349529,193028900000,71.76770576703811,25.889290743981974,22.175854828734675,3.713435915247299,648.8703002929689,602.2170806884766,654.796770633244,720.7597077377989,648.8703002929689,576.9808928481389,22.158328840870507,0.9519390116426902,1.797260046005249,110.13999938964844,1433.18994140625,7380.64013671875,-0.005114814418880287,-0.03908570275328482,0.003219941127961201,0.020483940875525075,,,,1
2012-10-28,707.0802612304688,708.000266408989,713.4161677296689,705.3152558757005,83741600000,71.44777609796418,26.832844134414017,23.107252689870545,3.725591444543472,655.5744659423829,605.1184454345704,659.7761506901226,722.5090452331934,655.5744659423829,588.6398866515723,20.420130059395365,0.42589176122433353,1.799280047416687,109.55000305175781,1411.93994140625,7231.85009765625,0.0011239338547184285,-0.00535678537461548,-0.014827064707940596,-0.020159503282414226,,,,0
2012-11-04,714.2222290039062,706.7612853659551,729.4041542251737,706.2912561078209,205304300000,72.86609227803429,27.83603759164305,24.053009670225045,3.783027921418004,662.0518341064452,608.5081671142578,664.9614914819115,725.0552774244217,662.0518341064452,599.0483907884687,19.03278265304125,1.0420539920871539,1.786929965019226,105.68000030517578,1414.199951171875,7363.85009765625,-0.006863902267572275,-0.035326359094244975,0.0016006415707554567,0.018252590722639406,,,,1
2012-11-11,718.19921875,716.1472150756034,733.1351013436292,710.9252578181168,289551900000,73.6509998611164,28.622048313187406,24.96681739881752,3.655230914369888,667.7362579345704,612.6579656982422,670.0317512217295,729.3805839893598,667.7362579345704,606.091931879781,18.46367493820585,1.4419354506181807,1.785249948501587,109.4000015258789,1379.8499755859375,7163.5,-0.0009401692011029583,0.03520061705110478,-0.024289334444873578,-0.027207248246405413,,,,1
2012-11-18,707.9012451171875,718.1781981980544,725.5241658477552,707.5932023302772,221612200000,68.15336991268656,28.090200716188065,25.59149406229163,2.498706653896434,671.8597351074219,615.8621893310548,673.6383696879636,732.6156720041788,671.8597351074219,611.103798210665,18.085899101258924,1.1074160408977811,1.8006700277328491,110.9800033569336,1359.8800048828125,6950.52978515625,0.00863749036609951,0.014442429698512615,-0.014472566624241123,-0.02972991063638586,,,,0
2012-11-25,710.0392456054688,709.3842598688143,714.3512058210769,698.1662620079617,269914900000,68.67614249732412,27.523947501465273,25.97798475012636,1.5459627513389123,675.9715637207032,619.2960516357423,677.1051197753451,735.2871443726013,675.9715637207032,616.6559830688051,17.549726596607556,1.329306562836433,1.7968800067901611,111.37999725341797,1409.1500244140625,7309.1298828125,-0.0021047837106834555,0.003604197913005258,0.036231152273980216,0.05159320350257146,,,,1
2012-12-02,730.5811767578125,711.8342644844886,730.7421256177332,711.0752352780825,271361200000,73.22405661078145,28.40531117158207,26.463450034417505,1.9418611371645653,681.1696868896483,623.5745697021484,682.1980775831992,740.4960852437914,681.1696868896483,621.8432885355053,17.418977824758702,1.3090246056319117,1.7850799560546875,111.2300033569336,1416.1800537109375,7405.5,-0.006566966459019441,-0.0013466861212350079,0.004988843753381156,0.013184895977032207,,,,1
2012-12-09,762.41796875,731.2540909595884,763.458978874707,731.2540909595884,325605600000,78.44702070848827,31.311818124223123,27.43312365237863,3.8786944718444936,688.3946502685546,628.4332635498046,689.8380672181326,750.4214636851175,688.3946502685546,626.3678368519918,18.02071337781754,1.5198653392595236,1.789080023765564,107.0199966430664,1418.0699462890625,7517.7998046875,0.0022408339174437852,-0.03784956025180908,0.0013345002093292369,0.01516437846026597,,,,1
2012-12-16,762.927978515625,762.3559225570414,778.0398723012595,760.4709228370739,291592200000,78.51930674756693,33.27285063965587,28.60106904983408,4.671781589821791,694.3548187255859,633.4385577392577,696.7990111512271,761.0420365063211,694.3548187255859,627.6676009448507,19.208397776552466,1.3361474438737766,1.7805800437927246,109.1500015258789,1413.5799560546875,7596.47021484375,-0.004751033972728025,0.019902868151981945,-0.0031662685230194887,0.010464552422265516,,,,1
2012-12-23,766.8428955078125,763.8209800952967,781.3628706953093,763.003967806636,238946600000,79.09879831682673,34.74239541164059,29.829334322195383,4.913061089445204,700.0453369140624,638.7389685058594,703.4698572804257,771.1619627760919,700.0453369140624,628.928711052033,20.31772004239768,1.0947781910941792,1.7860900163650513,108.97000122070312,1430.1500244140625,7636.22998046875,0.003094481818739281,-0.0016491095067286965,0.011722059504594373,0.005233979006105782,,,,1
2012-12-30,785.786865234375,768.1079367771392,790.7688335493843,767.1939401466756,242057700000,81.67497955342627,37.00902328341556,31.26527211443942,5.743751168976139,706.7718536376954,644.1424206542969,711.3095723236589,783.6720901437517,706.7718536376954,629.871617131639,21.7609787685396,1.1012659264466025,1.7880799770355225,110.62000274658203,1402.4300537109375,7612.39013671875,0.001114143549450608,0.015141795974995542,-0.01938256143056183,-0.0031219389425115596,,,,1
2013-01-06,795.6358032226562,785.4158148159376,801.6527028930924,776.7568641857721,211213300000,82.85794264803147,39.1487863468808,32.8419749609277,6.306811385953097,713.6745666503906,649.0774755859376,719.3406419330872,796.5365142540419,713.6745666503906,630.8126190467393,23.22121355467696,0.9512559965719108,1.7841999530792236,111.30999755859375,1466.469970703125,7776.3701171875,-0.0021699387086318023,0.006237523005603318,0.04566353724574923,0.021541195015450487,,,,1
2013-01-13,810.3307495117188,798.0027691467553,815.045680053077,796.7367846780282,354535000000,84.46892750576347,41.5513453017503,34.58384902909222,6.967496272658082,721.3641265869139,653.8128112792969,728.0063664643855,810.2276022640997,721.3641265869139,632.5006509097282,24.637619865472754,1.5073781747320587,1.766379952430725,110.63999938964844,1472.050048828125,7715.52978515625,-0.009987670169895657,-0.006019209268175785,0.0038051090281272515,-0.007823744383871234,,,,1
2013-01-20,850.0444946289062,814.16769384911,855.9624319347112,812.2897130523779,366551100000,87.80459206727014,46.128220500221346,36.892723323318044,9.235497176903301,730.1825317382811,658.7841650390625,739.629045337197,833.0249138299868,730.1825317382811,627.3401496465755,28.168951631005978,1.488244225442968,1.7532700300216675,110.61000061035156,1485.97998046875,7702.22998046875,-0.007421915308208127,-0.0002711386430076512,0.00946294703207573,-0.0017237707659540913,,,,1
2013-01-27,847.5465087890625,852.9704581371398,867.8674131422611,845.3205543734178,395587400000,86.54549503035959,48.98914413003058,39.312007484660555,9.677136645370027,738.5914886474608,663.8687390136719,749.9068989992795,850.9972857119798,738.5914886474608,626.1856915829418,30.43788042300924,1.551171457018507,1.7682700157165527,113.27999877929688,1502.9599609375,7857.97021484375,0.008555433811128221,0.02413884959960333,0.011426789520672775,0.020220148550474937,,,,0
2013-02-03,802.2127075195312,849.0224445276218,849.0504595147659,786.4738841019032,360276600000,67.60001504660049,47.05595605632834,40.86079719899411,6.195158857334228,744.6120544433593,667.6907983398438,754.8884045726369,857.1092126608961,744.6120544433593,632.1148962258225,30.216313997665527,1.3742805252373658,1.7557499408721924,116.76000213623047,1513.1700439453125,7833.39013671875,-0.007080408949470818,0.030720368948040644,0.006793316703822105,-0.0031280441962694416,,,,0
2013-02-10,786.8358764648438,804.1287395203082,812.1916630301133,772.1079268078719,312531100000,62.59473543015532,43.77845801067406,41.444329361330105,2.3341286493439526,750.0082794189452,671.4800793457032,757.9310209433232,859.5509052266627,750.0082794189452,640.4656536112277,29.21104441475862,1.171286005707474,1.7729699611663818,118.9000015258789,1517.9300537109375,7652.14013671875,0.009807786344355529,0.018328189024453545,0.003145720327118129,-0.023138130086282405,,,,0
2013-02-17,780.8098754882812,788.3147969439892,793.0067636418238,766.3009533958822,267671800000,60.698016032416824,40.23101122451624,41.20166573396733,-0.9706545094510943,755.850601196289,674.9158618164063,760.1099594714144,858.3051169804967,755.850601196289,653.3960854120812,27.10972661053716,0.994667969693878,1.7676500082015991,118.58000183105469,1519.7900390625,7593.509765625,-0.0030005883242842923,-0.00269133465700222,0.001225343254134259,-0.007661957314714196,,,,0
2013-02-24,758.9829711914062,784.1868013588316,790.7407739118661,756.6709717436488,265333400000,54.28195629920411,35.25202196125713,40.011736979425294,-4.759715018168166,760.1080810546874,678.2395043945311,760.0026272542708,855.0106577658745,760.1080810546874,665.2055043435004,24.97081114556895,0.9812653138140234,1.7925699949264526,114.0999984741211,1515.5999755859375,7661.91015625,0.014097805905710414,-0.03778042914281976,-0.002757001538940984,0.009007743814940739,,,,0
2013-03-03,798.6707763671875,760.7309278276442,799.9467706153767,756.3399600368888,268233200000,62.12218067838065,34.11535076376583,38.8324597362934,-4.717108972527569,765.2402526855468,681.7457263183593,763.6853081221676,856.5867041521167,765.2402526855468,673.8938012189769,23.87392747467142,0.9871222617831875,1.7984700202941895,110.4000015258789,1518.199951171875,7708.16015625,0.003291377957031383,-0.03242766869169922,0.0017154761334252644,0.006036353736446953,,,,1
2013-03-10,835.4115600585938,798.588785020977,837.6335330712509,798.2287405425104,270956500000,67.65258029692875,35.76690620819386,38.2193490306735,-2.4524428224796395,771.6240203857423,686.1705419921875,770.5163797351605,863.8903107771453,771.6240203857423,679.3577299943393,23.914831045637538,0.9830482930526003,1.7967499494552612,110.8499984741211,1551.1800537109375,7986.47021484375,-0.000956407846402052,0.004076059257451137,0.021723161375157174,0.03610589984538515,,,,1
2013-03-17,831.150634765625,835.1865633566384,839.3255795595185,819.8116455078125,209779900000,66.44101180435301,36.31335696084852,37.8381506167085,-1.5247936558599804,777.8275390625,690.3090209960938,776.2910706904429,868.4916649935377,777.8275390625,687.1634131314623,23.312140899591533,0.7440829583728162,1.8092700242996216,109.37999725341797,1560.699951171875,8042.85009765625,0.006968178765306865,-0.013261174929527053,0.0061371969283403605,0.007059424413517812,,,,0
2013-03-24,824.515625,822.9756429019653,839.2915382152592,818.4726274230165,190542100000,64.50382542506725,35.79837193435037,37.430194880236876,-1.6318229458865048,783.3422088623047,694.6114782714843,780.8838853865911,871.0868538778875,783.3422088623047,695.5975638467219,22.402634256877256,0.677621112369975,1.8171700239181519,107.66000366210938,1556.8900146484375,7911.35009765625,0.004366401649520624,-0.01572493723256929,-0.00244117168106317,-0.01634992551189285,,,,0
2013-03-31,858.9854125976562,830.3215800617113,859.9883979752826,823.7176112201515,232847500000,69.48202798644343,37.73666162868085,37.49148822992567,0.24517339875517763,790.3815185546874,699.6747314453124,788.3221260733592,878.7087575481582,790.3815185546874,702.0542795612166,22.350532475756353,0.836505318799336,1.8087199926376343,110.0199966430664,1569.18994140625,7795.31005859375,-0.004650104926504195,0.02192079603084407,0.007900318353952551,-0.014667539374458638,,,,1
2013-04-07,820.7086791992188,858.1154334440429,863.7043929913925,820.7086791992188,233893700000,59.50255572492649,35.77180260950672,37.147551105841885,-1.375748496335163,796.0218902587891,704.0643884277343,791.4065597043934,876.2039800836267,796.0218902587891,715.8398004339515,20.14569971154189,0.8384141980934686,1.8014700412750244,104.12000274658203,1553.280029296875,7658.75,-0.004008332628665956,-0.05362655950286466,-0.010138933273506123,-0.017518233087239765,,,,0
2013-04-14,845.8064575195312,822.9936464971588,848.3584458450534,820.3276449290041,230740900000,63.231579548418054,35.82682925411609,36.88340673549673,-1.0565774813806357,802.8102508544923,708.8612426757812,796.5875023534542,874.924775160497,802.8102508544923,730.6957265484876,17.965521548646812,0.8329610280880843,1.784060001373291,103.11000061035156,1588.8499755859375,7744.77001953125,-0.00966435161442436,-0.009700366016016315,0.022899892883554207,0.011231600395789076,,,,1
2013-04-21,832.8505859375,843.1015437452055,859.107418626322,823.2256367234883,247021100000,60.15238970280585,34.42814152179187,36.39235369275576,-1.96421217096389,807.9237213134766,713.7151770019532,800.0411293614585,872.5926399192228,807.9237213134766,743.2548027077303,16.00866935819417,0.8956665353557641,1.7952699661254883,99.6500015258789,1555.25,7459.9599609375,0.0062834011992691785,-0.03355638700408747,-0.02114735569892079,-0.03677450174446728,,,,0
2013-04-28,851.1184692382812,836.1085423606949,855.7274445450562,832.3616139877063,173663300000,62.89604129217848,34.397227105682305,35.99332837534107,-1.5961012696587673,812.3587463378907,718.9630883789064,804.9056379211559,876.0462262317559,812.3587463378907,748.6712664440255,15.679644044202897,0.6475172588444866,1.7982699871063232,103.16000366210938,1582.239990234375,7814.759765625,0.001671069553572213,0.03522330238318094,0.017354116852194235,0.04756055079991506,,,,1
2013-05-05,890.9323120117188,853.2504791953847,899.8622575816453,846.2715123059586,224032600000,68.05804921755549,37.157048258968416,36.226072352066545,0.930975906901871,818.7589630126953,725.3946350097656,813.0986545012095,887.0888141573046,818.7589630126953,750.429111868086,16.69107862787446,0.8459783021526184,1.7930500507354736,104.19000244140625,1614.4200439453125,8122.2900390625,-0.0029027545409069377,0.009984477924899426,0.020338288698019014,0.039352492291604646,,,,1
2013-05-12,895.6842651367188,890.5513045117848,913.7121429818327,887.5942889533577,266446100000,68.61920709781366,39.274932337651535,36.835844349183546,2.439087988467989,825.2010314941407,732.3463989257812,820.9639507522103,897.1217770016189,825.2010314941407,753.2802859866625,17.431084732711906,1.0009406049229606,1.7953799962997437,103.91000366210938,1633.699951171875,8278.58984375,0.0012994314148198072,-0.0026873862437457596,0.01194231160525372,0.019243317332403587,,,,1
2013-05-19,919.2431030273438,893.6702481429454,931.1580788001737,889.2632890937223,282287000000,71.31022831067547,42.36600314455973,37.94187610825878,4.424127036300945,831.8738433837891,739.6176391601563,830.3238700165087,912.6200032848941,831.8738433837891,751.1276834826841,19.41307820730513,1.0524960592031876,1.8228199481964111,103.72000122070312,1667.469970703125,8398.0,0.01528364577594754,-0.00182852886834739,0.02067088237777459,0.014423972983774513,,,,1
2013-05-26,910.158203125,921.7241371516525,933.9780157030759,899.7522683010582,273769500000,68.85801266551448,43.580257452411274,39.06955237708928,4.510705075321994,837.5999633789063,746.3608642578125,837.9271398363651,923.5977632657971,837.5999633789063,751.6021634920155,20.534337069446085,1.008972340795413,1.8457200527191162,102.63999938964844,1649.5999755859375,8305.3203125,0.012563009607923004,-0.010412666972077878,-0.010716831745792854,-0.011035923731840924,,,,0
2013-06-02,859.8954467773438,911.6871616803231,916.2771310462837,848.6694933548952,304316700000,57.14886508006649,40.025390578095426,39.26072001729051,0.764670560804916,840.0781982421875,751.8652758789062,840.0193595450297,925.622705740505,840.0781982421875,754.5336907438699,20.365843960077584,1.132029190465921,1.8714100122451782,100.38999938964844,1630.739990234375,8348.83984375,0.013918665232149019,-0.021921278384447462,-0.011433065973987633,0.005239958196976424,,,,0
2013-06-09,783.3218383789062,804.6257307076075,822.1806301316906,730.3330986635946,374856300000,44.6828161345484,30.67567266383469,37.54371054659935,-6.868037882764661,836.7420654296874,755.4414978027343,834.6195956244466,925.7828128177595,836.7420654296874,747.7013180416153,21.282722852554926,1.3922791036458324,1.8922100067138672,104.55999755859375,1643.3800048828125,8254.6796875,0.011114611086073367,0.041537983806136936,0.007751091359831541,-0.011278232426567447,,,,0
2013-06-16,800.1067504882812,769.0289644292053,800.4786967443265,743.066078844167,317859200000,47.39175778482218,24.339782128180786,34.90292486291564,-10.563142734734853,834.3700775146483,758.934998779297,831.3326579924309,924.7168871742728,834.3700775146483,744.0232678550238,21.656291876799312,1.1978733605442637,1.859969973564148,104.29000091552734,1626.72998046875,8127.9599609375,-0.017038295450994556,-0.002582217381127072,-0.01013157295609779,-0.015351259086938351,,,,1
2013-06-23,731.0140991210938,785.9577823590138,803.0607184661316,724.9621295072989,283620700000,38.93862533408544,13.586724395705573,30.63968476947363,-17.052960373768055,830.8101470947266,760.9992272949219,821.7785095284939,931.5097977576196,830.8101470947266,730.1104964318337,24.241314580721287,1.084508102684103,1.9386999607086182,100.91000366210938,1592.4300537109375,7789.240234375,0.04232863339917503,-0.03240960038111129,-0.021085199860845227,-0.041673399990940774,,,,0
2013-06-30,762.9409790039062,727.183179041697,770.1559067294766,700.9363081005839,304568000000,43.9166611890839,7.5540032068316805,26.02254845694524,-18.46854525011356,829.6154022216797,763.7256726074218,816.1749351928189,933.041890227629,829.6154022216797,726.1889142157304,24.93359880469358,1.166382109357131,1.9176700115203857,102.16000366210938,1606.280029296875,7959.22021484375,-0.01084744912283675,0.012387275340763448,0.008697383947045001,0.02182240826500692,,,,1
2013-07-07,731.1140747070312,764.2339033883901,769.6529263340584,730.4981112011714,226864400000,40.38234364483477,0.20252839178840532,20.85854444391388,-20.656016052125473,827.1306121826173,765.989580078125,808.0739008608391,937.6394648430756,827.1306121826173,716.6217595221589,26.721016253732802,0.8756484274520377,1.940999984741211,107.72000122070312,1631.8900146484375,7806.0,0.012165791340882803,0.054424406414307125,0.015943661680692722,-0.01925065656029945,,,,0
2013-07-14,739.216064453125,732.5661400145077,739.3540642121721,704.0902453515635,301679600000,41.6692756320096,-4.913169542153014,15.7042016467005,-20.617371188853514,826.1422668457033,767.8994091796875,801.516011679152,939.5333563984319,826.1422668457033,712.7511772929746,27.45074162242481,1.1563083733023574,1.9490300416946411,108.80999755859375,1680.18994140625,8212.76953125,0.0041370721362992136,0.010118792476221605,0.02959753802293963,0.052109855399692595,,,,1
2013-07-21,758.7359619140625,742.7510797438106,776.625881537459,742.000107149897,331840900000,44.76299789282747,-7.308061635483455,11.10174899026371,-18.409810625747163,824.145526123047,770.0134777832031,797.441721225334,940.9291756973024,824.145526123047,707.3618765487917,28.340540808036682,1.2565956513819903,1.920300006866455,108.06999969482422,1692.0899658203125,8331.5703125,-0.014740683423845935,-0.006800826030448626,0.007082547110181192,0.014465373805749415,,,,1
2013-07-28,725.546142578125,761.8139454076457,771.7588755223521,724.5481694646761,267037500000,40.80056292540139,-11.748739756652071,6.531651240880555,-18.280390997532628,818.6522552490236,771.4992700195313,790.5945232589331,943.2770760042856,818.6522552490236,694.0274344937616,30.44633907894207,1.011952819304439,1.9213600158691406,107.16999816894531,1691.6500244140625,8244.91015625,0.0005520017699813806,-0.008327949740172036,-0.0002599988269753606,-0.01040141930027072,,,,0
2013-08-04,740.3240966796875,723.5191959634435,745.9300500176977,720.6971893562866,236818200000,43.21102935761778,-13.915146621184931,2.4422916684674574,-16.35743828965239,814.1109283447266,773.1541210937501,785.8068635847193,943.3520422101834,814.1109283447266,684.8698144792698,31.750246647157404,0.8928609097285762,1.9451700448989868,108.94999694824219,1709.6700439453125,8406.9404296875,0.012392278819789881,0.016609114581590756,0.010652333089695487,0.019652157557432437,,,,1
2013-08-11,735.444091796875,741.6850650660132,748.9629803014021,735.444091796875,76077900000,42.59425660375406,-15.843184906029705,-1.2148036464319751,-14.628381259597731,809.6573516845705,774.7322119140625,781.0104091287342,943.4474762089826,809.6573516845705,675.8672271601583,33.048578944179,0.29315747971707906,1.921470046043396,108.22000122070312,1691.4200439453125,8338.3095703125,-0.012184024177084973,-0.0067002822210803226,-0.010674574351133503,-0.008163595299503168,,,,0
2013-08-18,742.7500610351562,742.6410505337288,761.3369458815854,734.720074629218,213347800000,43.885615730553134,-16.590394735192945,-4.289921864184169,-12.300472871008775,803.8455841064454,776.1136853027344,777.3665664531554,938.7075664573551,803.8455841064454,668.9836017555356,33.55420120913455,0.8252116417966677,1.9319700002670288,111.16999816894531,1655.8299560546875,8391.9404296875,0.005464542236947034,0.027259258131276276,-0.02104154318025553,0.006431862348448503,,,,1
2013-08-25,679.3193969726562,736.9271154456773,736.9271154456773,672.9674408983012,256617200000,36.25926477917395,-22.04674720764058,-7.841286932875452,-14.205460274765127,796.7761199951171,776.1127258300781,768.0287407883459,942.3166324933835,796.7761199951171,651.2356074968508,36.532348007407215,0.9882311903176625,1.9882999658584595,111.04000091552734,1663.5,8416.990234375,0.029156749630504075,-0.0011693555415950296,0.0046321446941253175,0.0029849836158135634,,,,0
2013-09-01,663.9404296875,682.1503593872911,689.4713042914673,638.873618324904,237491700000,34.6854468690801,-27.29723445857212,-11.732476438014785,-15.564758020557335,787.6828186035157,775.7555065917969,758.1155683025511,942.7395333307396,787.6828186035157,632.6261038762917,39.370343256216835,0.9133917271931624,2.028980016708374,114.01000213623047,1632.969970703125,8103.14990234375,0.020459715107599807,0.02674712892845288,-0.018352888065449324,-0.03728652680972888,,,,0
2013-09-08,672.3204345703125,674.4594093063239,688.2823726258416,662.1235007793908,237816700000,36.307720334970284,-30.43129405815364,-15.472239962042556,-14.959054096111084,779.6563110351562,775.6236877441406,749.944603185195,941.3461594835375,779.6563110351562,617.966462586775,41.47721147378497,0.9162634648859269,2.0680201053619385,116.12000274658203,1655.1700439453125,8275.669921875,0.019241238618455947,0.01850715350246479,0.013594905993665307,0.021290488465645963,,,,1
2013-09-15,716.34619140625,679.580353698668,727.7821625505253,679.301363489962,304396100000,44.15542003541764,-29.027932298170867,-18.18337842926822,-10.844553868902647,772.9176971435547,776.6713427734376,746.744754444343,933.295728538633,772.9176971435547,612.5396657484764,41.49938136693774,1.1439712029746039,2.02620005607605,112.77999877929688,1687.989990234375,8509.419921875,-0.020222264366510867,-0.02876338174547166,0.019828745940104087,0.028245447463066453,,,,1
2013-09-22,778.6248779296875,730.3070724155771,805.6907374165345,730.3070724155771,381103900000,52.981051571708015,-22.629529347047878,-19.072608612824155,-3.5569207342237235,767.3023254394533,778.7671728515626,749.7809566810425,917.8450356825169,767.3023254394533,616.7596151963896,39.23947712704873,1.3911908767723768,1.9601600170135498,109.22000122070312,1709.9100341796875,8675.73046875,-0.03259304966677057,-0.031565859169412014,0.012985885030200262,0.019544287201936017,,,,1
2013-09-29,747.7190551757812,778.7338299688231,781.2688506516487,747.7190551757812,276541300000,48.85478380428314,-19.824070965744,-19.222901083408125,-0.6011698823358742,759.9040649414063,779.8010070800782,749.5845851091128,897.9022785077625,759.9040649414063,621.9058513750501,36.31990403341158,1.0076363787014495,2.0195000171661377,108.62999725341797,1691.75,8661.509765625,0.030273038750681547,-0.005401977299862137,-0.010620461788447,-0.0016391361138088367,,,,0
2013-10-06,762.0659790039062,743.4140702122878,768.6349199772797,735.4481092226296,298136600000,50.77149486062506,-16.255662971701213,-18.629453461066745,2.3737904893655326,752.0452087402343,780.8876025390625,750.7732892895693,867.9736534574274,752.0452087402343,636.1167640230412,30.83017972054821,1.083195594968878,2.00219988822937,109.45999908447266,1690.5,8622.9697265625,-0.008566540623774821,0.007640631980487145,-0.0007388798581350331,-0.004449575201710743,,,,1
2013-10-13,761.7599487304688,758.3880037787942,764.1269406079315,738.0920769312103,233072600000,50.72782436237325,-13.29906467371734,-17.563375703596865,4.264311029879526,744.6252960205078,781.9811962890625,751.8196378077503,833.8685773344689,744.6252960205078,655.3820147065467,23.969983773289183,0.8531109074084117,1.9749900102615356,111.27999877929688,1703.199951171875,8724.830078125,-0.013589990753569259,0.016627075735855756,0.007512541361653247,0.011812676466754324,,,,0
2013-10-20,762.345947265625,760.6149993808951,764.1439724326299,759.9189581369791,10900500000,50.81506465722711,-10.784338891310313,-16.207568341139556,5.423229449829243,739.7478210449219,782.9436706542969,752.822143470405,811.3927702785763,739.7478210449219,668.1028718112675,19.370100781764574,0.04216300122280633,1.9660700559616089,110.97000122070312,1744.5,8865.099609375,-0.004516455401587294,-0.002785743727483081,0.02424850282534874,0.01607705021117667,,,,1
2013-10-27,792.7108154296875,781.6037980054596,795.8837722534247,778.5568172037699,301805600000,55.23775745871711,-6.268945004356397,-14.219843673782925,7.950898669426529,740.2172698974609,784.4339025878907,756.6210646093842,813.1753980602953,740.2172698974609,667.2591417346266,19.71262523311322,1.184109436361027,1.9795700311660767,106.93000030517578,1759.77001953125,8985.740234375,0.006866477195729859,-0.03640624376936219,0.008753235615505783,0.0136084906335876,,,,1
2013-11-03,765.0079956054688,796.4407917008912,804.6247345274502,763.8700011095515,196657700000,50.753809382431704,-4.869713825291683,-12.349817704084677,7.480103878792994,738.4623321533204,785.5760375976563,757.4198199423447,806.9035543806208,738.4623321533204,670.02110992602,18.53614443074682,0.7903621153538277,1.9959900379180908,105.91000366210938,1761.6400146484375,9007.830078125,0.00829473395409086,-0.009538919294448278,0.0010626360810974678,0.002458322094099241,,,,0
2013-11-10,739.1790771484375,765.4599444403717,770.9869538089553,737.537118052062,229942400000,46.928812967989664,-5.778381310342752,-11.035530425336292,5.25714911499354,738.8705810546876,786.1588342285156,755.682606342925,807.2220850686613,738.8705810546876,670.5190770407139,18.50161740542073,0.934209375368064,2.0346899032592773,105.12000274658203,1770.6099853515625,9078.2802734375,0.019388806860755725,-0.007459171827127187,0.005091829561395977,0.007820995145499499,,,,0
2013-11-17,742.72802734375,741.5530541801104,748.870023344844,708.353228698124,359284800000,47.51411932859481,-6.141342642761515,-10.056692868821337,3.9153502260598216,737.8599334716797,786.4017712402343,754.4488369144321,805.304610438988,737.8599334716797,670.4152565043714,18.281159853734465,1.4436548764268748,2.03439998626709,108.55000305175781,1798.1800537109375,9168.6904296875,-0.0001424870648460974,0.03262937800186938,0.015570943678994809,0.009958951863882737,,,,1
2013-11-24,756.376953125,746.3370264442448,758.7429683560825,739.6980734759256,295133000000,49.80684547660058,-5.266924050080888,-9.098739105073248,3.8318150549923597,739.1230773925782,786.2809509277342,754.6324670297244,806.9808061125182,739.1230773925782,671.2653486726383,18.36168583974491,1.1698392017602308,2.0151400566101074,111.05000305175781,1804.760009765625,9219.0400390625,-0.00946713025314283,0.023030860706728662,0.003659230921346568,0.0054914722839776164,,,,1
2013-12-01,757.4789428710938,764.832888291246,770.4368622532336,744.6920224957113,220729900000,49.99676584972575,-4.433908317664532,-8.165772947591504,3.7318646299269727,740.0362213134767,786.1719702148437,754.9035599669977,808.3889310550949,740.0362213134767,671.6835115718586,18.47280113405805,0.8891879661347858,2.013000011444092,109.69000244140625,1805.81005859375,9405.2998046875,-0.0010619833390715927,-0.012246740864272576,0.00058182186132405,0.020203813502901458,,,,1
2013-12-08,733.7800903320312,758.9649767982364,761.9679516255899,716.1211877564865,263762600000,45.96846827179832,-5.62123854959782,-7.656866067992768,2.035627518394948,738.7884277343752,785.5107141113282,752.8918009541437,806.6129078869772,738.7884277343752,670.9639475817733,18.361002313097313,1.0773132946975845,2.035099983215332,111.61000061035156,1805.0899658203125,9172.41015625,0.010978624761847966,0.017503857472980888,-0.00039876440493313847,-0.024761533738821395,,,,0
2013-12-15,740.6461181640625,740.0000734605694,749.5050138935455,729.302131571596,223221400000,47.29344183920016,-5.939706014801345,-7.313434057354484,1.3737280425531386,739.543426513672,784.6078991699219,751.7255454503264,807.0828153289157,739.543426513672,672.0040376984283,18.265158310887934,0.9199585258822436,2.042069911956787,108.83000183105469,1775.3199462890625,9006.4599609375,0.003424858139128295,-0.024908151277610813,-0.01649226359624756,-0.018092321700139302,,,,1
2013-12-22,695.724365234375,738.7300929215507,749.7340018770816,681.8403812621096,398851500000,40.32589675484134,-9.705030262388277,-7.791753298361243,-1.913276964027034,737.3134399414064,782.6096704101562,746.3920997154739,807.6322580120377,737.3134399414064,666.9946218707751,19.074335082300816,1.5906686071275085,2.0718700885772705,111.7699966430664,1818.3199462890625,9400.1796875,0.014593122618376864,0.027014561817022775,0.024220986245258258,0.043715258633261866,,,,0
2013-12-29,638.8485717773438,701.3863049963735,702.3363121787899,611.4987425185108,353132100000,33.58031915859326,-17.08157232459257,-9.64971710360751,-7.431855220985062,732.4836639404299,779.1800268554688,736.1498589594615,815.4710414285993,732.4836639404299,649.4962864522605,22.659174961455093,1.3346022050794402,2.122030019760132,112.18000030517578,1841.4000244140625,9589.3896484375,0.02420997892648069,0.0036682801684131405,0.012693078669737456,0.020128334481638088,,,,0
2014-01-05,659.6675415039062,652.9205528151812,687.0483528924877,649.2565707578618,264902000000,37.6891231148448,-21.005480089447474,-11.920869700775501,-9.084610388671972,728.3295379638673,775.3724877929689,728.865828725599,817.2581923134487,728.3295379638673,639.4008836142859,24.419895037675424,0.9914925417043168,2.1686699390411377,106.88999938964844,1831.3699951171875,9435.150390625,0.021978915871453175,-0.0471563638896092,-0.005446958381607803,-0.016084366520410565,,,,1
2014-01-12,679.1173706054688,662.8114935088257,689.5882918635205,657.4194932455508,340768900000,41.34003755910843,-22.2888347906827,-13.994462718756942,-8.294372071925757,728.3194366455078,772.0039050292969,724.1278803332057,817.2715738482337,728.3194366455078,639.3672994427819,24.426682229550668,1.255677202402446,2.1769700050354004,107.25,1842.3699951171875,9473.240234375,0.003827261052888664,0.003367954087446945,0.006006432359014546,0.004037015010152523,,,,1
2014-01-19,656.3464965820312,683.8933542598577,686.909390548471,656.3464965820312,299893400000,38.496203272542715,-24.856788284509435,-16.166927831907444,-8.689860452601991,727.9397399902344,769.0865808105468,717.6725104521414,818.1055020298897,727.9397399902344,637.7739779505791,24.772864314528263,1.0924972855453308,2.2062699794769287,107.05999755859375,1838.699951171875,9742.9599609375,0.01345906207883285,-0.0017715845352563875,-0.00199202329338799,0.028471749885934816,,,,0
2014-01-26,644.2716064453125,648.9535371243784,674.5034135104156,632.7126467714353,327676700000,37.041062448907844,-27.548688516681636,-18.443279968862285,-9.105408547819351,726.5372985839845,766.2352954101561,710.6819481657768,821.1104333666519,726.5372985839845,631.964163801317,26.03393795941097,1.1744867706718725,2.2902700901031494,107.87999725341797,1790.2900390625,9392.01953125,0.0380733597463605,0.007659253815837541,-0.02632833708323179,-0.036019898582620447,,,,0
2014-02-02,618.5786743164062,643.5985828144868,655.4625406737379,607.5317481237279,395740600000,34.08843061127747,-31.39336062320581,-21.03329609973099,-10.360064523474819,721.6489227294923,762.9906713867186,701.91020779917,827.8341146555669,721.6489227294923,615.4637308034177,29.428490386835307,1.3956008874574994,2.2637500762939453,106.4000015258789,1782.5899658203125,9306.48046875,-0.011579426340938559,-0.013718907723574092,-0.004301019987923094,-0.009107632518798203,,,,0
2014-02-09,646.1395874023438,621.6556744608732,649.2395465900233,608.4817292449343,340213600000,39.6461364352682,-31.84921766136847,-23.196480412058488,-8.652737249309983,715.0246582031251,760.7338037109375,696.5987201423295,822.7625798034112,715.0246582031251,607.286736602839,30.135442285594507,1.208495246988509,2.207469940185547,109.56999969482422,1797.02001953125,9301.919921875,-0.02486146182733051,0.02979321544628255,0.008094993233229042,-0.000490039912544149,,,,1
2014-02-16,648.8255615234375,643.5055381529171,650.4795248995559,635.7185924026334,278550200000,40.17556263746348,-31.62915082221923,-24.883014494090638,-6.746136328128593,710.079983520508,757.7368994140626,692.0488955119588,820.5429656214646,710.079983520508,599.6170014195513,31.112828037566093,0.9891036928446593,2.182990074157715,108.7300033569336,1838.6300048828125,9662.400390625,-0.011089558042078895,-0.007666298623986489,0.02315499265412546,0.03875334036173217,,,,1
2014-02-23,638.8526000976562,654.368538864959,659.1534866327476,627.0486964586471,262484100000,38.81412681473715,-31.891851494204843,-26.284781894113483,-5.607069600091361,703.9193145751955,753.8057202148439,686.9825816629776,815.9076166478612,703.9193145751955,591.9310125025297,31.818505261572195,0.9379920066090096,2.1991000175476074,109.8499984741211,1836.25,9656.9501953125,0.0073797602566325615,0.010300699738882813,-0.0012944447096435718,-0.0005640622508034099,,,,0
2014-03-02,625.5297241210938,640.3635943760545,643.769582098107,611.4137302994621,241231900000,37.00981873688541,-32.79702473113639,-27.587230461518065,-5.209794269618325,697.1078033447267,749.6933020019532,681.1299285637506,810.8415730671383,697.1078033447267,583.3740336223151,32.63018120776052,0.8607919355460575,2.2108700275421143,109.06999969482422,1859.449951171875,9692.080078125,0.005352194034190738,-0.007100580702152914,0.012634418609598352,0.00363778233313794,,,,0
2014-03-09,630.9566650390625,616.5417234483026,641.7385773473322,611.6607678070649,221881000000,38.268652611659995,-32.69953241070482,-28.609690851355417,-4.089841559349402,690.5383392333985,745.8221228027344,676.3515225137802,803.5821684466971,690.5383392333985,577.4945100200998,32.74078289086579,0.7630199842726705,2.178410053253174,109.0,1878.0400390625,9350.75,-0.014681991200101052,-0.0006417868801693594,0.009997627459082281,-0.03521742240815584,,,,1
2014-03-16,632.78564453125,627.906613027087,641.2636304704331,621.3926985419561,244703300000,38.713182593703785,-32.10460379662288,-29.308673440408914,-2.795930356213969,682.5420806884765,741.2981274414062,672.2023912773487,787.4903542874356,682.5420806884765,577.5938070895174,30.752176772192072,0.849847026993358,2.233259916305542,108.56999969482422,1841.1300048828125,9056.41015625,0.025178851415259107,-0.0039449569282181685,-0.019653486300597045,-0.031477672245541766,,,,1
2014-03-23,645.7905883789062,637.6076282309289,660.2275105872383,637.6076282309289,249180500000,41.91602772842677,-30.235195785815563,-29.493977909490244,-0.7412178763253188,676.5812103271484,737.799765625,669.6869814774972,775.1569318803648,676.5812103271484,578.0054887739319,29.1393612617625,0.8575746918852132,2.2303600311279297,106.91999816894531,1866.52001953125,9342.9404296875,-0.0012984987356104982,-0.015197582486108918,0.013790451831810602,0.031638394076019205,,,,1
2014-03-30,691.1693115234375,647.5506041232684,693.1813247887155,637.1016235351562,354473200000,51.450232932779635,-24.806044121535933,-28.556391151899383,3.75034703036345,674.1807220458984,734.7070227050781,671.7329176723487,768.588174990898,674.1807220458984,579.7732691008988,28.006571489765115,1.1943539949116,2.1836700439453125,108.06999969482422,1857.6199951171875,9587.1904296875,-0.020933834237966242,0.010755719655566987,-0.004768244819735479,0.026142733311655064,,,,1
2014-04-06,725.8251342773438,704.6432106232589,726.8281196864689,687.2063530336346,442697300000,57.224910474599696,-17.505178248964853,-26.34614857131248,8.840970322347626,673.3355773925781,732.566513671875,676.8845573490149,765.4336611789813,673.3355773925781,581.2374936061749,27.35577530094086,1.4709439776587931,2.1325700283050537,106.72000122070312,1865.0899658203125,9695.76953125,-0.02340097844999267,-0.012491889311865623,0.004021258773462932,0.011325434949771784,,,,1
2014-04-13,727.359130859375,721.4012025734633,739.6150919373199,720.3241819194076,300202500000,57.46607250719258,-11.463267330874373,-23.36957232322486,11.906304992350488,671.8846862792968,730.0913269042968,681.6916595880969,759.2681045203115,671.8846862792968,584.5012680382822,26.011433219268245,0.9966391595553387,2.110179901123047,107.33000183105469,1815.68994140625,9315.2900390625,-0.010499128696750182,0.005715897707778694,-0.026486671055749977,-0.039241804475776076,,,,1
2014-04-20,734.756103515625,725.7781395352309,744.414078202784,719.8931492012845,305537100000,58.67593320241151,-6.008869022688145,-19.89743166311752,13.888562640429374,670.7485443115233,726.9678027343749,686.7454161526234,753.9363033350377,670.7485443115233,587.560785288009,24.804454584064963,1.0002681407988494,2.1268699169158936,109.52999877929688,1864.8499755859375,9409.7099609375,0.00790928573623706,0.02049750219612534,0.02707512613172991,0.010136015247948382,,,,1
2014-04-27,713.8832397460938,735.6180968843403,737.0220662932657,712.8562066160116,202599000000,54.00754437048684,-3.3320746486281223,-16.58436026021964,13.252285611591518,669.7537017822265,723.3317822265625,689.329970780573,750.198252632674,669.7537017822265,589.309150931779,24.02212951907041,0.6699768514580079,2.1339499950408936,109.58000183105469,1863.4000244140625,9401.5498046875,0.0033288721932118737,0.00045652380457483765,-0.0007775162564588323,-0.000867205927055692,,,,0
2014-05-04,751.5870361328125,716.1542163751121,754.3040017716589,711.6622358384265,258109700000,60.17185876474167,1.810811534531922,-12.905325901269329,14.71613743580125,670.300747680664,719.9786608886718,695.2592150998339,752.8952193874032,670.300747680664,587.7062759739248,24.644004051174893,0.8486502480112624,2.1058599948883057,108.58999633789062,1881.1400146484375,9556.01953125,-0.01316338256185312,-0.009034545324158705,0.009520226468792359,0.01643024073387167,,,,1
2014-05-11,755.6259765625,753.4330135009835,761.0589427063585,744.1570617488039,296529200000,60.77830401836021,6.141696965478218,-9.09592132791982,15.237618293398038,673.2958282470704,716.8880163574217,701.0084304772307,763.743133401052,673.2958282470704,582.8485230930888,26.8670326948146,0.9916524960436878,2.075860023498535,107.88999938964844,1878.47998046875,9581.4501953125,-0.014245947718552698,-0.006446237884234374,-0.0014140543282126217,0.0026612193475890056,,,,1
2014-05-18,750.0890502929688,760.5079894729541,767.6819256112443,745.7010730130747,262848800000,59.4420731907365,9.023157848958022,-5.472105492544252,14.495263341502273,678.8578521728516,714.6918884277343,705.6827752215867,773.948124592012,678.8578521728516,583.7675797536912,28.014781626168315,0.892491846234005,2.0981900691986084,110.41999816894531,1877.8599853515625,9629.099609375,0.010757009358675074,0.0234497988099871,-0.0003300514903719076,0.004973089990679247,,,,0
2014-05-25,780.6018676757812,753.104000980457,784.5228063011559,746.5500804532666,238350600000,64.12314714040892,13.611955564855066,-1.6552932810643877,15.267248845919454,684.9045684814454,714.6374890136718,712.8179268838909,789.7378503314186,684.9045684814454,580.0712866314722,30.61252229121705,0.8129739052916947,2.081279993057251,110.54000091552734,1900.530029296875,9768.009765625,-0.008059363348248083,0.0010867845369679774,0.012072275953560085,0.014426079476294484,,,,1
2014-06-01,792.893798828125,779.4628642542407,799.9887318467785,772.6938862677042,306411100000,65.83390142754385,18.0325983622281,2.28228504759411,15.75031331463399,690.5933898925781,714.4932299804686,720.4442004023894,805.9267822379439,690.5933898925781,575.2599975472123,33.40124421500934,1.0512767386102975,2.0871899127960205,109.41000366210938,1923.5699462890625,9943.26953125,0.0028395601545605498,-0.01022251894390247,0.01212289026588631,0.017942218510239805,,,,1
2014-06-08,803.9717407226562,796.4798056481836,806.3657099342357,782.1728604048908,293998100000,67.34517904917082,22.174275709451877,6.260683179965664,15.913592529486213,697.9746520996093,715.9523828125,728.3992042424147,822.60095599048,697.9746520996093,573.3483482087387,35.710839502831966,1.0097096748241605,2.0973598957061768,108.61000061035156,1949.43994140625,9987.1904296875,0.004872571895737199,-0.007311973539718131,0.01344894952590403,0.004417148534439752,,,,1
2014-06-15,790.11181640625,808.6047306618447,819.1496259942415,778.546918371727,353280900000,63.557261660709294,24.060846327085414,9.820715809389615,14.2401305176958,705.2666625976564,716.4957995605469,734.2765958770657,833.6717951348289,705.2666625976564,576.8615300604838,36.413214843936466,1.2079997569508492,2.1111700534820557,113.41000366210938,1936.1600341796875,9912.8701171875,0.0065845436465872265,0.04419485337246498,-0.006812165352979682,-0.007441563573182597,,,,0
2014-06-22,784.0028686523438,782.0238964403028,794.3077803750375,774.4339095591262,253981400000,61.904514038361256,24.777407573329015,12.812054162177496,11.965353411151519,713.5378723144531,717.5535754394531,739.0124313794731,839.7238215047555,713.5378723144531,587.3519231241507,35.36909646603671,0.8900286450765765,2.140170097351074,114.80999755859375,1962.8699951171875,9987.240234375,0.013736479361853071,0.01234453620736553,0.013795327073165442,0.007502379866609177,,,,0
2014-06-29,784.7198486328125,787.5198058696102,800.5707436557947,777.5628846714956,209186900000,62.02931418818631,25.113647322265706,15.272372794195139,9.841274528070567,720.4668853759766,718.4636511230469,743.3655187369341,846.2887025163336,720.4668853759766,594.6450682356196,34.9278557264146,0.7502798302970204,2.1251699924468994,113.30000305175781,1960.9599609375,9815.169921875,-0.007008837719366667,-0.013152116879588838,-0.0009730823663507415,-0.017229015069423537,,,,1
2014-07-06,775.3439331054688,787.6388404230318,792.6338091273709,760.5579636443204,238565800000,59.293780485665664,24.342951330536152,17.086488501463343,7.2564628290728095,726.7928039550782,718.7958105468749,746.4110820101279,850.1464095748606,726.7928039550782,603.4391983352957,33.9446414297208,0.8618313717055242,2.127700090408325,111.0,1985.43994140625,10009.080078125,0.0011905390958926176,-0.020300114649662637,0.012483671750771697,0.019756169051931893,,,,0
2014-07-13,793.6397705078125,773.8058698853505,798.3657768105202,772.5469044330171,252030700000,62.74631200920927,24.921214134575507,18.65343362808578,6.2677805064897285,734.532162475586,720.1576831054687,750.9090523432407,854.0166835332413,734.532162475586,615.0476414179307,32.53350286390671,0.9121964081574447,2.1226799488067627,106.66000366210938,1967.5699462890625,9666.33984375,-0.0023594216234671395,-0.03909906610712277,-0.00900052161967213,-0.034242930589002296,,,,1
2014-07-20,823.140625,798.0857974573299,824.9176260058614,796.6937760256534,266339900000,67.52868788921843,27.44361111564035,20.411469125596696,7.032141990043655,744.4127075195313,721.814013671875,757.7882497391224,858.5050439245576,744.4127075195313,630.320371114505,30.652979255336767,0.9596265979595767,2.139820098876953,107.23999786376953,1978.219970703125,9720.01953125,0.008074768916447095,0.00543778531545458,0.0054127805896553305,0.005553258872302846,,,,1
2014-07-27,842.175537109375,826.92258485906,842.89251329665,821.6425837658668,273882000000,70.18798425513738,30.625554888839247,22.454286278245206,8.17126861059404,754.9736511230469,723.948642578125,765.825134250575,863.8295844075097,754.9736511230469,646.1177178385841,28.8370152051098,0.9776423243073061,2.090240001678467,108.38999938964844,1978.3399658203125,9644.009765625,-0.023170217545160687,0.010723625035313766,6.065812647970681e-05,-0.00781991902183199,,,,1
2014-08-03,820.9346923828125,839.1835618508429,843.5595763663935,809.1477062633363,117624400000,63.899183933953275,31.075095247045965,24.17844807200536,6.896647175040606,764.381103515625,725.5123352050782,771.0736635965023,860.5570544456751,764.381103515625,668.2051525855749,25.164397834459066,0.4296131155736763,2.1400699615478516,104.83999633789062,1925.1500244140625,9210.080078125,0.0238393485099182,-0.03275212724188692,-0.026886148147037492,-0.044994737463528334,,,,0
2014-08-10,791.9898071289062,824.1646451444296,829.878604165885,777.5058753585164,291649500000,56.473530052631915,28.764173396360093,25.09559313687631,3.6685802594837824,771.6910644531251,727.7657434082032,773.0656772662551,850.5866436219566,771.6910644531251,692.7954852842937,20.447451785577538,1.0570269844610243,2.167870044708252,105.0199966430664,1931.5899658203125,9009.3203125,0.012990268383699544,0.0017169049166660955,0.0033451634026340216,-0.021797830629271875,,,,0
2014-08-17,766.9169311523438,804.2677162843037,804.8297250287726,766.2548863426562,307051200000,50.950185180393504,24.62570977850328,25.001616465201707,-0.3759066866984284,775.4784454345703,729.8252734375001,772.4800823982634,844.7887143156745,775.4784454345703,706.1681765534661,17.875485589354692,1.1224937080918356,2.1520800590515137,101.94999694824219,1955.06005859375,9092.599609375,-0.007283640315655204,-0.029232525166214662,0.012150659916826623,0.009243682540563514,,,,0
2014-08-24,789.2918090820312,771.7619106062047,795.2487441389554,765.3919491694753,288615800000,55.16444210560954,22.887579430943788,24.578809058350124,-1.6912296274063365,778.6517791748047,732.1647009277344,774.081199225289,844.0936702885883,778.6517791748047,713.209888061021,16.809026284673052,1.0856759446753876,2.176680088043213,102.29000091552734,1988.4000244140625,9339.169921875,0.011430814986753468,0.0033350071354858457,0.01705316707472071,0.027117691649566567,,,,1
2014-08-31,803.124755859375,791.7238206786383,816.1106486911193,789.2257870764369,232067000000,57.59041727370769,22.368452212889565,24.136737689258013,-1.7682854763684475,782.4400604248049,733.9002722167969,776.847252238059,844.038957552006,782.4400604248049,720.8411632976038,15.745333155298216,0.884290618150453,2.157180070877075,103.19000244140625,2003.3699951171875,9470.169921875,-0.008958605021129995,0.00879852886717769,0.007528651438000411,0.014026942554408395,,,,1
2014-09-07,821.9266967773438,804.5487255816414,823.4726480991831,801.7837865841351,251872700000,60.70283350170303,23.206687403449678,23.950727632096346,-0.7440402286466679,786.7985900878906,734.76630859375,781.1405326703718,846.4978604564493,786.7985900878906,727.0993197193319,15.17523572630955,0.9696745215158737,2.1628201007843018,100.81999969482422,2007.7099609375,9747.01953125,0.002614538296255242,-0.02296736787003928,0.0021663326449383735,0.02923385870146955,,,,1
2014-09-14,778.203857421875,823.9186299725603,826.2776263251051,777.0318666021351,282209200000,51.278340607269676,20.111098873071228,23.182801880291322,-3.071703007220094,790.0146209716796,735.3760046386718,780.8608493133721,839.1746768863418,790.0146209716796,740.8545650570175,12.445353442749626,1.0700676367247905,2.1986000537872314,97.11000061035156,1985.5400390625,9651.1298828125,0.016543194225888236,-0.03679824534519527,-0.011042392729200712,-0.009837843058595253,,,,0
2014-09-21,769.2149047851562,776.8558473242301,794.0537486300501,769.2149047851562,271643300000,49.5742579061003,16.739526465166705,21.8941467972664,-5.154620332099697,790.8960144042969,735.5189831542968,779.7517117392563,837.7323240762435,790.8960144042969,744.0597047323504,11.843860335349815,1.0273683263023463,2.224220037460327,98.38999938964844,2010.4000244140625,9799.259765625,0.011652862297061972,0.013180916190421943,0.01252051576018598,0.015348449830346,,,,0
2014-09-28,746.3200073242188,769.4669148382169,778.0288701576212,738.4640920534143,286803200000,45.43291142153244,12.080843710349882,19.9314861798831,-7.850642469533216,790.4307159423828,735.2101843261719,776.5677398902051,838.8988374834729,790.4307159423828,741.9625944012927,12.263724210996658,1.0867024886743883,2.259730100631714,97.0,1982.8499755859375,9490.5498046875,0.015965175465253445,-0.014127445861074728,-0.013703764670493612,-0.03150339600348484,,,,0
2014-10-05,743.8400268554688,746.0180076830279,752.0910088787623,735.3950645726195,251990200000,44.99444285464788,8.095371956671897,17.56426333524086,-9.468891378568962,790.1182647705078,734.8400659179688,773.4508148392778,839.7480396508677,790.1182647705078,740.488489890148,12.562619317444826,0.9567636317874222,2.267270088195801,92.30999755859375,1967.9000244140625,9195.6796875,0.0033366761641042686,-0.04835054063305411,-0.0075396279879708095,-0.03106986668378897,,,,0
2014-10-12,734.9370727539062,733.631142410427,753.5300216270113,726.1181815269098,194483200000,43.37603382432701,4.1703892360682175,14.885488515406331,-10.715099279338114,787.8350250244141,733.6845910644531,769.7828394025757,843.180699697143,787.8350250244141,732.4893503516852,14.050067060934191,0.7446204897633117,2.2699899673461914,90.20999908447266,1906.1300048828125,8788.8095703125,0.0011996273247512068,-0.022749415335951206,-0.03138879961630259,-0.04424579052493227,,,,0
2014-10-19,755.3289794921875,737.9021085601256,759.7669441048857,737.2371340449072,383669300000,47.99049035214388,2.6744393316853348,12.443278678662134,-9.7688393469768,785.9567840576173,733.4910107421874,768.4062813158721,843.1000548219391,785.9567840576173,728.8135132932954,14.541071958005464,1.4475506601681771,2.260859966278076,84.54000091552734,1886.760009765625,8850.26953125,-0.0040220446783687525,-0.0628533225417276,-0.01016194859089814,0.006992979020173928,,,,1
2014-10-26,794.1668090820312,761.7279746576197,799.5197470042702,758.4640148321804,355472500000,55.438818020122895,4.57009530742198,10.868642004414104,-6.298546696992124,785.4665374755859,734.5907653808594,770.8596649126491,842.1252342723221,785.4665374755859,728.8078406788497,14.426762718328348,1.3257915629906658,2.2350499629974365,86.12999725341797,1964.5799560546875,8987.7998046875,-0.011416011458298847,0.01880762148890147,0.04124528073855527,0.015539670622672697,,,,1
2014-11-02,805.792724609375,797.8257765586084,811.4656681631994,785.4317994652017,235263800000,57.405293516895455,6.930638460879322,10.081041295707148,-3.150402834827826,786.2505828857421,735.8520593261719,774.186622979004,843.6095969633673,786.2505828857421,728.891568808117,14.590517406576105,0.8971997188621315,2.198539972305298,85.86000061035156,2018.050048828125,9326.8701171875,-0.016335201134911048,-0.003134757363012608,0.02721706113749489,0.03772561915800132,,,,1
2014-11-09,779.5738525390625,805.5527061971849,809.8716567788745,771.3268871679217,379391500000,51.84832319058268,6.609551268253995,9.386743290216518,-2.7771920219625237,786.0291320800782,736.3159973144532,774.6996924609143,843.4588402466385,786.0291320800782,728.5994239135179,14.61261569646494,1.4130531680987497,2.266160011291504,83.38999938964844,2031.9200439453125,9291.830078125,0.03075679307085899,-0.028767775485029956,0.006872968846952876,-0.00375689149974634,,,,0
2014-11-16,812.1116943359375,783.45779252634,815.034695838886,776.3569131765236,367944400000,57.364260908900825,8.878276018303723,9.28504983583396,-0.40677381753023667,787.3987243652344,737.40865234375,778.2627402585356,845.9916720737872,787.3987243652344,728.8057766566817,14.882662594046684,1.3310654531689354,2.242460012435913,77.73999786376953,2039.8199462890625,9252.9404296875,-0.010458219515613099,-0.06775394612342767,0.0038879001992671025,-0.004185359408267142,,,,1
2014-11-23,832.8135986328125,813.5226598111994,834.7056174577366,804.5587181290264,402149800000,60.46719006106733,12.206023945662764,9.86924465779972,2.3367792878630436,790.2722076416017,739.3893225097655,783.4580601037048,851.9324633988325,790.2722076416017,728.6119518843708,15.604814432546656,1.4129970069676265,2.22025990486145,80.36000061035156,2063.5,9732.5498046875,-0.009899890054381633,0.03370212012577212,0.011608894085979093,0.051833185206856314,,,,1
2014-11-30,861.6824340820312,831.1546092350624,870.4763937122996,825.5735992476218,390422800000,64.36223259603945,16.977060916657592,11.290807909571296,5.686253007086297,793.6743408203125,741.8100488281249,790.908000482593,863.1324367411825,793.6743408203125,724.2162448994426,17.502920870310763,1.339232449545846,2.205780029296875,70.1500015258789,2067.56005859375,9980.849609375,-0.006521702946970409,-0.12705324797070072,0.001967559289435483,0.025512307634728115,,,,1
2014-12-07,852.3944702148438,862.1364100248119,870.0973662573559,845.4355055785024,390292300000,62.2376025894741,19.78066187128934,12.988778701914905,6.791883169374435,795.1370330810548,744.9434509277343,796.7638547428073,868.339033330236,795.1370330810548,721.9350328318736,18.412423822226657,1.3109158603980409,2.2332799434661865,69.06999969482422,2075.3701171875,10087.1201171875,0.012467206069536108,-0.0153956066651868,0.003777427679204637,0.01064744104677029,,,,0
2014-12-14,832.2595825195312,853.3374359286655,855.4254375052963,830.6146327091691,327990300000,57.784364362433166,20.14559281023469,14.420141523578863,5.725451286655826,794.6412353515626,748.8116711425781,800.1444002453525,866.6259961658873,794.6412353515626,722.656474537238,18.117549810381384,1.0917350152940621,2.279939889907837,61.849998474121094,2002.3299560546875,9594.73046875,0.020893012798579802,-0.10453165270889897,-0.035193800145776,-0.04881369932321067,,,,0
2014-12-21,835.7315673828125,829.3975758008926,837.9385258316175,788.4358094798064,382549400000,58.337940175218954,20.478895411775625,15.631892301218215,4.847003110557409,795.3810791015627,752.3329516601561,803.5336542584439,868.7936832515595,795.3810791015627,721.9684749515659,18.459731084606982,1.2195663832972925,2.3216700553894043,61.380001068115234,2070.64990234375,9786.9599609375,0.01830318670517861,-0.007598988158463937,0.03412022383347724,0.02003490278477238,,,,1
2014-12-28,849.468505859375,835.9995935908871,854.3344838084255,833.4315530143605,215430700000,60.542539727714285,21.602476355138606,16.826009112002293,4.776467243136313,798.2550140380861,755.7399743652343,807.9084020299612,875.5084705721691,798.2550140380861,721.001557504003,19.355583159643558,0.6952390944423232,2.317739963531494,59.45000076293945,2088.77001953125,9922.1103515625,-0.0016927865562925692,-0.0314434713520777,0.008750932336263118,0.013809230973093056,,,,1
2015-01-04,854.58447265625,847.577479873699,858.5013968931886,835.8676037756537,158630300000,61.362551085914006,22.644704059744868,17.98974810155081,4.6549559581940585,802.6383911132813,759.7047338867188,812.3537420896077,882.3155174265216,802.6383911132813,722.9612648000409,19.853803953415692,0.524493768007121,2.330980062484741,56.41999816894531,2058.199951171875,9764.73046875,0.005712504060668477,-0.05096724230629468,-0.014635440030987934,-0.015861533205757672,,,,1
2015-01-11,876.4793701171875,854.9484765051234,883.2633307958437,854.1094916892177,357835100000,64.73988744955251,24.949806428502484,19.381759766941144,5.56804666156134,806.9977691650391,764.3488891601562,818.4609447589011,892.8978170317886,806.9977691650391,721.0977212982897,21.288794380590666,1.1697568089235386,2.2981998920440674,50.11000061035156,2044.81005859375,9648.5,-0.014062827463968697,-0.11183973348774223,-0.006505632540949824,-0.011903090323073573,,,,1
2015-01-18,874.1593627929688,879.1693697761805,887.3833156695905,868.6203907203331,354364800000,64.10050830049646,26.28639822513003,20.762687458578924,5.523710766551105,810.5494995117188,769.4605029296874,823.7655560002408,901.5009269408558,810.5494995117188,719.5980720825817,22.44191810220768,1.1357102118053548,2.3053200244903564,47.689998626708984,2019.4200439453125,10167.76953125,0.0030981345316991593,-0.04829379273930123,-0.012416808368938992,0.05381867971705456,,,,0
2015-01-25,907.356201171875,876.9613810803867,915.8461462898723,875.8443825733943,339318100000,68.84231421488303,29.68220627578944,22.54659122202103,7.1356150537684115,814.8209747314453,774.6848352050781,831.7265698261108,915.5237234283495,814.8209747314453,714.1182260345411,24.717760543681283,1.0724586543097026,2.3262600898742676,48.790000915527344,2051.820068359375,10649.580078125,0.009083365936814136,0.023065680865889115,0.01604422245446413,0.04738606096392983,,,,1
2015-02-01,889.4533081054688,905.4862516177468,918.0521069156358,880.4483508031877,302515400000,63.93750271884271,30.5763298739912,24.152538952415064,6.423790921576135,820.383447265625,779.4973901367188,837.2243544241448,924.7918629051597,820.383447265625,715.9750316260903,25.453564668456604,0.953080517625232,2.415489912033081,52.9900016784668,1994.989990234375,10694.3203125,0.03835762928969655,0.08608322779520194,-0.027697398520154404,0.004201126621593332,,,,0
2015-02-08,849.8695068359375,891.4432674464075,900.4772213321436,849.0954630980032,344972400000,54.663937432789716,27.770723704368947,24.87617590280584,2.8945478015631068,824.4161773681641,783.7177282714845,838.4286546538394,926.7121943668308,824.4161773681641,722.1201603694974,24.816596230615644,1.0744310957761436,2.435810089111328,57.79999923706055,2055.469970703125,10846.3896484375,0.008412445432713023,0.09077179479592945,0.030315931791539796,0.014219635422716426,,,,0
2015-02-15,858.0884399414062,850.0824352974494,863.567414619019,829.7486036517039,384995400000,56.08808843195413,25.911765116020092,25.083293745448692,0.8284713705713997,830.0045989990234,788.3689025878907,840.3010151574172,926.3771841598875,830.0045989990234,733.6320138381593,23.22218100407839,1.1810251411506791,2.4674999713897705,57.38999938964844,2096.989990234375,10963.400390625,0.013009997134055817,-0.007093423059238102,0.020199769455667038,0.010787989919240681,,,,1
2015-02-22,854.8844604492188,861.4424383039163,865.7194130116992,841.5115428063815,298956500000,55.358039605396,23.904437201372502,24.847522436633458,-0.9430852352609556,835.556820678711,792.8474584960937,841.6899147090173,923.4498031682247,835.556820678711,747.6638381891973,21.038182039641402,0.9105299994761407,2.453200101852417,60.220001220703125,2110.300048828125,11050.6396484375,-0.005795286607156225,0.04931175921157349,0.006347220852619406,0.007957317502250483,,,,0
2015-03-01,841.4705200195312,854.8634458403593,878.467348447695,837.8415719495688,371896600000,52.28939753037278,20.98927122597422,24.07587219450161,-3.0866009685273887,840.8834930419922,797.0211560058594,841.6690199766853,914.9215446526148,840.8834930419922,766.8454414313696,17.60958616104627,1.1028861629284692,2.504470109939575,62.58000183105469,2104.5,11401.66015625,0.02089923608287969,0.039189647334982425,-0.002748447469043902,0.031764723036836306,,,,0
2015-03-08,803.0977172851562,844.048498619259,846.739524375355,800.1397499445515,366014200000,44.66231276469592,15.405037024547141,22.341705160510717,-6.936668135963576,843.2719299316408,800.1672985839845,837.995562577492,908.2121528174808,843.2719299316408,778.3317070458007,15.401964794702556,1.088290488785966,2.6057300567626953,59.72999954223633,2071.260009765625,11550.9697265625,0.04043168509827533,-0.045541741857285656,-0.015794720947671648,0.01309542367219696,,,,0
2015-03-15,766.4169311523438,812.0657051104868,817.5626852655768,766.4169311523438,375933000000,38.83150229613351,7.928266183494657,19.459017365107506,-11.53075118161285,841.8844360351563,801.6722509765625,831.1785500608112,912.2050997088293,841.8844360351563,771.5637723614834,16.70553835270959,1.1143928319438587,2.5859899520874023,54.66999816894531,2053.39990234375,11901.6103515625,-0.007575652214649509,-0.08471457244383507,-0.008622822503050243,0.0303559470157444,,,,0
2015-03-22,825.0596313476562,776.7629059646049,827.3135866275264,771.7789236291507,344685800000,50.0573533900779,6.658096837185099,16.898833259523027,-10.240736422337928,842.8477813720704,803.6569409179688,830.5957958976536,911.5969539941083,842.8477813720704,774.0986087500324,16.3135441870942,1.005458813228521,2.602289915084839,55.31999969482422,2108.10009765625,12039.3701171875,0.006303181102571331,0.011889547240704568,0.026638841878810382,0.011574884537109309,,,,1
2015-03-29,808.937744140625,825.6906141415726,837.6805405821539,802.3347516710388,331148600000,47.47766405298367,4.300997693650288,14.37926614634848,-10.078268452698191,844.3159759521485,805.2885131835939,828.533124301746,908.4766626291312,844.3159759521485,780.1552892751658,15.198264276505638,0.9728154153602284,2.6029999256134033,56.40999984741211,2061.02001953125,11868.330078125,0.00027284067176713833,0.01970354588938794,-0.02233294243349393,-0.01420672654778854,,,,0
2015-04-05,829.9385986328125,808.7587359462915,830.4686251231931,804.6387625535056,273759800000,51.01874005139635,4.0805352165407385,12.31951996038693,-8.238984743846192,845.2073211669922,807.1921630859376,828.6669789999429,907.9642011738384,845.2073211669922,782.4504411601459,14.850055941350991,0.8155062720762492,2.58870005607605,54.95000076293945,2066.9599609375,11967.3896484375,-0.005493611197082027,-0.025881919667114395,0.002882039645399015,0.008346546621169626,,,,1
2015-04-12,826.45361328125,823.434672913891,837.8575443419397,818.9396056501602,306782400000,50.41134925022128,3.5833018492613746,10.572276338161819,-6.988974488900444,844.8893218994141,809.4435705566406,828.4561822648293,907.9742240458922,844.8893218994141,781.8044197529359,14.933293748974272,0.927045955273903,2.618769884109497,57.869998931884766,2102.06005859375,12374.73046875,0.011615802287665122,0.05313918341043378,0.01698150826314504,0.034037566443379186,,,,0
2015-04-19,824.172607421875,826.3086180968544,833.3885616998958,807.0356697483887,367564000000,49.99183407176103,2.9709356171777017,9.052008193964996,-6.081072576787294,843.0138305664063,810.8952819824219,828.0482227559766,906.2267913653607,843.0138305664063,779.800869767452,14.996897679954465,1.1145674205051155,2.680619955062866,63.45000076293945,2081.179931640625,11688.7001953125,0.023617986188351647,0.09642305052783162,-0.00993317334952526,-0.05543799722910636,,,,0
2015-04-26,855.5084838867188,828.3075889629489,855.7934555267607,818.2576979642487,293538500000,55.47378636604738,4.957032724653345,8.233013100102667,-3.275980375449322,843.1695312500001,812.8929321289062,830.6634857208091,906.495018874913,843.1695312500001,779.8440436250872,15.020819723177787,0.9033508582469417,2.7034499645233154,65.27999877929688,2117.68994140625,11810.849609375,0.008516690110185188,0.028841575955130816,0.01754293764347592,0.010450213626959526,,,,1
2015-05-03,839.4655151367188,856.889442045654,867.541413926573,839.4655151367188,295220900000,52.31206383745331,5.176820327665155,7.621774545615165,-2.44495421795001,843.5298278808594,814.6804614257812,831.5017742366101,906.6756975207629,843.5298278808594,780.383958240956,14.971816657281796,0.9131326663245651,2.6734800338745117,66.45999908447266,2108.2900390625,11454.3798828125,-0.011085809259313684,0.018075985405042738,-0.004438752888209829,-0.030181548182575124,,,,0
2015-05-10,840.5945434570312,838.8035351557719,846.0525477417762,817.5406317921246,299664200000,52.517169347176974,5.380088425916824,7.173437321675497,-1.7933488957586725,843.7729766845704,815.8803149414063,832.3677522576027,906.8298009336336,843.7729766845704,780.7161524355072,14.946395770301109,0.938911350273679,2.6877501010894775,65.38999938964844,2116.10009765625,11709.73046875,0.005337637474062351,-0.016099905350047017,0.0037044516878821376,0.022292833706402337,,,,1
2015-05-17,876.0443725585938,841.6134958509109,879.9523108503599,841.6134958509109,358845800000,58.54595335347071,8.305939104433378,7.399937678227074,0.9060014262063039,845.1017700195315,817.5433264160157,836.5274303815065,909.7635862235782,845.1017700195315,780.4399538154848,15.302728854195214,1.0996338116793847,2.5910398960113525,66.56999969482422,2122.72998046875,11447.0302734375,-0.035981844085476444,0.018045577552988634,0.003133066729614109,-0.022434350304951334,,,,1
2015-05-24,858.034423828125,876.3993456148303,886.5142822265625,857.1664475017708,265740000000,54.74313319115309,9.066926613610576,7.7333354653037745,1.3335911483068017,845.2742675781252,818.6245800781251,838.5757154716606,910.0608833700506,845.2742675781252,780.4876517861998,15.329134761797889,0.801175624380865,2.59089994430542,65.37000274658203,2126.06005859375,11815.009765625,-5.401372095736878e-05,-0.01802609213975237,0.0015687714196530589,0.03214628452948065,,,,0
2015-05-31,829.8076171875,857.0494387112373,857.8763996265658,825.8586024563326,285730900000,49.334431955955985,7.3081040285158,7.64828917794618,-0.34018514943038003,842.9406799316408,819.41849609375,837.7406584922168,906.3420708447682,842.9406799316408,779.5392890185135,15.042906914462575,0.8709120955038226,2.6553099155426025,65.55999755859375,2107.389892578125,11413.8203125,0.02486007666129697,0.002906452562779771,-0.008781579777183746,-0.03395591379807694,,,,0
2015-06-07,819.4296875,827.6856056830998,834.1116323519653,803.4107102199911,254240490000,47.477134349693905,5.018956853971417,7.122422713151228,-2.1034658591798108,840.2041961669925,820.127032470703,835.996756492958,902.6493577827855,840.2041961669925,777.7590345511994,14.864282254401386,0.7869367342450638,2.6688199043273926,63.310001373291016,2092.830078125,11197.150390625,0.0050879141096527025,-0.03431965023018524,-0.006908932468738804,-0.018983120107271323,,,,0
2015-06-14,805.3207397460938,752.6779917877788,811.6977200745131,752.6779917877788,376789500000,44.99695505416578,2.042769282675181,6.106492027056019,-4.063722744380838,835.1024230957033,820.5390502929688,833.0752310884948,890.7498914356798,835.1024230957033,779.4549547557268,13.327100197768022,1.15953169794935,2.7029099464416504,63.869998931884766,2094.110107421875,11196.490234375,0.012773451688883997,0.008845325326908071,0.0006116260035893273,-5.895752284912348e-05,,,,0
2015-06-21,824.5396118164062,805.4717166131128,827.8085763274694,789.509765625,278195800000,48.91198897260471,1.2208483673805404,5.129363295120924,-3.9085149277403834,831.85673828125,821.5229638671875,832.2623149673435,881.3933453991193,831.85673828125,782.3201311633808,11.909889008104898,0.8593352068575478,2.714560031890869,63.02000045776367,2109.989990234375,11040.099609375,0.00431020110919933,-0.013308258780896365,0.0075831174092608755,-0.013967825785249688,,,,1
2015-06-28,835.45654296875,829.1355864372887,845.288569175154,826.7836509870531,300546500000,51.043636083036056,1.4338467351585678,4.390259983128453,-2.956413247969885,831.1360900878907,822.3592993164062,832.5665271579536,879.9839105940832,831.1360900878907,782.2882695816982,11.754469836829486,0.934789633002837,2.6539299488067627,63.2599983215332,2101.489990234375,11492.4296875,-0.022335141743715092,0.0038082808953703307,-0.00402845512980643,0.0409715576968972,,,,1
2015-07-05,812.1656494140625,823.5616136837203,829.3945865686194,809.7787342457082,246839300000,46.57833697095066,-0.27357735410896566,3.4574925156809693,-3.731069869789935,828.8399505615234,822.1397998046875,830.6235864204402,876.6598402160589,828.8399505615234,781.020060906988,11.538992448937433,0.7846015888141408,2.683619976043701,62.06999969482422,2076.780029296875,11058.3896484375,0.011187193260427719,-0.018811233927964244,-0.011758305322569829,-0.037767473968937426,,,,0
2015-07-12,827.9146118164062,809.8766604249673,833.9585860829355,802.3827593255894,207310990000,49.77764810794575,-0.3518576044409656,2.6956224916565823,-3.047480096097548,827.4914581298827,821.8545812988282,830.3655888391037,873.7133369569761,827.4914581298827,781.2695793027893,11.171566394547225,0.6686968879445097,2.674269914627075,58.72999954223633,2076.6201171875,11315.6298828125,-0.0034841227521380524,-0.05381021699709143,-7.700002268851147e-05,0.023261997682578306,,,,1
2015-07-19,827.8936157226562,828.093658416273,841.9245606287998,824.8786138018231,187477900000,49.77336846686443,-0.41085341369614525,2.0743273105860367,-2.485180724282182,826.812612915039,821.993759765625,830.1301628280135,872.5664757576712,826.812612915039,781.0587500724068,11.067528997004729,0.6232613343070255,2.6570301055908203,57.52000045776367,2126.639892578125,11673.419921875,-0.006446547875351261,-0.020602742957668063,0.02408710913307055,0.031619100550995594,,,,0
2015-07-26,787.1168212890625,828.1315732390842,828.9405899239516,777.257925520157,278688400000,42.18734131136698,-3.7052428097957772,0.918413286509674,-4.623656096305451,826.0135681152343,821.896300048828,826.0336541100181,874.0142610490292,826.0135681152343,778.0128751814394,11.622252899143291,0.9401328092888475,2.7330501079559326,54.619998931884766,2079.64990234375,11347.4501953125,0.02861089236631309,-0.05041727230180304,-0.02209588487377101,-0.027924098399960795,,,,0
2015-08-02,799.0927734375,787.243823908963,799.0927734375,772.2969424795923,265037800000,44.84607849977717,-5.288745523562056,-0.323018475504672,-4.965727048057384,827.6473602294923,822.5398168945312,823.4678559507306,868.8500696330794,827.6473602294923,786.4446508259051,9.956585711132423,0.9111260431201818,2.7876598834991455,52.209999084472656,2103.840087890625,11308.990234375,0.019981256612984666,-0.04412302992567907,0.011631854726900315,-0.0033893042291903708,,,,1
2015-08-09,784.266845703125,798.792755583997,798.792755583997,777.1398538476899,219755300000,42.25530065551981,-7.651806038530708,-1.7887759881098793,-5.863030050420829,825.6077209472656,822.4393176269532,819.7344264033395,871.1590121698391,825.6077209472656,780.0564297246922,11.034608826165032,0.7720359913339284,2.775279998779297,48.61000061035156,2077.570068359375,11490.830078125,-0.004440959527784671,-0.06895227997028908,-0.012486699765089648,0.016079229001124906,,,,0
2015-08-16,773.0859375,785.9158356829464,799.0827537034805,758.0189889715367,249766100000,40.3615890357063,-10.307930959185228,-3.492606982324949,-6.815323976860279,823.8151306152345,821.8385412597657,815.29171317445,874.6445722183164,823.8151306152345,772.9856890121525,12.340011663811499,0.8901945691623567,2.8230600357055664,49.029998779296875,2091.5400390625,10985.1396484375,0.01721629419276094,0.008640159713469986,0.006724187509187907,-0.044008172277316904,,,,0
2015-08-23,737.97412109375,773.572913870116,775.6928977169666,735.1970972188943,192199120000,35.049393488309896,-15.072413833026417,-5.808568352465242,-9.263845480561175,819.2169067382814,820.1594897460938,807.9281329762881,882.762267964713,819.2169067382814,755.6715455118498,15.513684032581306,0.6951226668369399,2.916640043258667,45.459999084472656,1970.8900146484375,10124.51953125,0.03314842984899968,-0.0728125593250405,-0.0576847787566821,-0.07834403063869222,,,,0
2015-08-30,746.4120483398438,726.3831709652712,751.5749939440042,697.9702967735808,260890700000,37.188879737502624,-17.9603943802731,-8.238933558026813,-9.721460822246287,815.214828491211,819.5236535644532,802.0694582490078,886.4570488421904,815.214828491211,743.9726081402317,17.478146339127196,0.9514540205398128,2.90939998626709,50.04999923706055,1988.8699951171875,10298.5302734375,-0.0024823279130077314,0.10096788924387923,0.009122772115701894,0.01718706173171025,,,,1
2015-09-06,729.4971313476562,745.4880719871145,753.2029971116333,728.9601468734401,229572100000,34.71986812053211,-21.36771845079454,-10.86469053658036,-10.503027914214181,810.4810546875001,818.7292980957033,795.1578080679267,891.1721692107665,810.4810546875001,729.7899401642337,19.911906405851454,0.8588475121530376,2.9702999591827393,49.61000061035156,1921.219970703125,10038.0400390625,0.02093214174850777,-0.008791181486835664,-0.0340143018800364,-0.02529392325493962,,,,0
2015-09-13,713.5051879882812,724.3511662910365,728.9511242285802,712.6292421432878,185146000000,32.52151781035065,-25.069478164904808,-13.70564806224525,-11.363830102659557,803.3808898925782,818.0730017089844,787.3813680603414,891.9913542428436,803.3808898925782,714.7704255423129,22.059390624069653,0.7069801314625785,3.017280101776123,48.13999938964844,1961.050048828125,10123.5595703125,0.015816632407156028,-0.02963114699894598,0.020731659431180605,0.008519544743516239,,,,0
2015-09-20,750.9860229492188,716.2521799529219,751.0170286447978,710.5002573561222,264996700000,41.81950496515269,-24.694101041868976,-15.903338658169996,-8.79076238369898,798.9569152832032,818.2159216308594,783.915144716425,888.8080310128781,798.9569152832032,709.1057995535283,22.492105396653518,1.0177631453620455,3.0071499347686768,47.470001220703125,1958.030029296875,9916.16015625,-0.0033573836918499023,-0.013917702065641913,-0.001540001252418155,-0.020486807295598042,,,,1
2015-09-27,746.0980224609375,748.7939973999165,761.8909889863451,745.243051900617,113735900000,41.025570002976636,-24.508513864289398,-17.624373699393878,-6.88414016489552,794.2320892333985,818.439140625,780.3135140254262,884.7995402081522,794.2320892333985,703.6646382586448,22.806293576521284,0.4529952402917906,3.047290086746216,48.599998474121094,1931.3399658203125,9688.5302734375,0.013348237649688954,0.023804449638925584,-0.013631079747100094,-0.022955446385063527,,,,0
2015-10-04,743.9630126953125,747.5909874899256,751.279017156271,726.377100688996,267212500000,40.66244774821861,-24.254125670973053,-18.950324093709714,-5.303801577263339,787.6280212402344,818.2118212890626,776.8515615177964,872.1367017763025,787.6280212402344,703.1193407041662,21.459033517623453,1.0840545150056635,3.0246100425720215,48.130001068115234,1951.3599853515625,9553.0703125,-0.007442692861056477,-0.009670728822267938,0.01036587026911473,-0.013981476768347711,,,,0
2015-10-11,792.144775390625,753.1209951942529,796.1567779866548,753.1209951942529,381012100000,51.16703193457006,-19.93485897207097,-19.147231069381967,-0.7876279026890032,784.3335388183593,818.1713806152345,778.3080580771135,862.1584751716571,784.3335388183593,706.5086024650616,19.84485744943285,1.5104111694252698,2.8928699493408203,52.650001525878906,2014.8900146484375,10096.599609375,-0.04355605892228476,0.0939123282246932,0.03255679616973861,0.05689577058422812,,,,1
2015-10-18,784.8318481445312,785.4708041288264,803.8267227292441,778.8908939871579,321873300000,49.72808677928681,-16.90700764672704,-18.699186384850982,1.792178738123944,782.084750366211,817.7521630859376,778.9293714168675,856.9187968409724,782.084750366211,707.2507038914496,19.13706831381647,1.2668968773951244,2.8785998821258545,48.72999954223633,2033.1099853515625,10104.4296875,-0.004932840903621449,-0.07445397663883813,0.009042662661814749,0.0007755163548062161,,,,0
2015-10-25,801.2437133789062,788.4558574754988,810.6626695019911,788.4558574754988,279115040000,52.92751598719434,-13.032878382855188,-17.565924784451823,4.533046401596636,781.1754516601562,818.1855603027343,781.0545468418236,854.5261219939002,781.1754516601562,707.8247813264122,18.77956358660758,1.093248087033996,2.871880054473877,47.9900016784668,2075.14990234375,10794.5400390625,-0.002334408367659302,-0.015185673521875276,0.02067764031217334,0.06829780333037716,,,,1
2015-11-01,794.0858154296875,801.7197392414488,804.026733819619,775.849889194512,198663800000,51.3913114768468,-10.420069498188354,-16.13675372719913,5.716684229010777,780.6137054443359,817.8250427246094,782.2956200406678,853.3553468337652,780.6137054443359,707.8720640549066,18.63703926336364,0.8062596385393218,2.9347000122070312,49.560001373291016,2079.360107421875,10850.1396484375,0.021874157883192913,0.03271514148599586,0.0020288679258158027,0.005150715933592398,,,,0
2015-11-08,819.2976684570312,836.5325338623533,843.5365248955683,817.1806752598732,405604500000,56.21217508453888,-6.243047828553699,-14.158012547470047,7.914964718916348,780.3516082763672,817.5547241210938,785.81962465175,852.4618823197196,780.3516082763672,708.2413342330148,18.481482777392845,1.6046246224404364,2.8589999675750732,47.41999816894531,2099.199951171875,10988.0302734375,-0.02579481525098981,-0.04318004731733116,0.009541321716803886,0.012708649793264026,,,,1
2015-11-15,818.78369140625,819.9996974488631,826.2176211515414,811.7366943359375,281477100000,56.0900456408619,-2.9403076774373176,-11.914471573463503,8.974163896026186,779.5179656982422,816.6967492675781,788.95905958075,849.2936320865429,779.5179656982422,709.7422993099415,17.90225997570181,1.1177766530931132,2.862920045852661,43.61000061035156,2023.0400390625,10708.400390625,0.001371136174203258,-0.0803457972524525,-0.036280446780145414,-0.025448590498378776,,,,0
2015-11-22,806.812744140625,815.8017296512716,818.5706410857847,801.8527357382618,246411100000,53.191363564499234,-1.2741303303454288,-9.786403324839888,8.51227299449446,779.2503204345703,815.7851147460938,790.6594104912143,848.5380624857883,779.2503204345703,709.9625783833524,17.783179611033777,0.9786088968440083,2.843519926071167,44.65999984741211,2089.169921875,11119.830078125,-0.006776340055181795,0.024077028717383486,0.032688370736915884,0.03842120881660338,,,,0
2015-11-29,756.3799438476562,806.5217416086764,807.8377136627277,748.2360052869644,359391000000,43.08848250888155,-3.977330092258285,-8.624588678323567,4.647258586065282,775.6735870361329,814.2675219726564,787.394699382304,841.692306274021,775.6735870361329,709.6548677982447,17.022294001307234,1.385463249931073,2.9280900955200195,44.86000061035156,2090.110107421875,11293.759765625,0.02974136691410534,0.004478297438933909,0.0004500282801465083,0.01564139796004227,,,,0
2015-12-06,742.6490478515625,756.3799834942872,777.6628915373384,733.7040883119673,334568100000,40.81548204580355,-7.145238075300085,-8.328718557718872,1.183480482418787,771.4113586425781,812.4058715820313,783.1332087603287,834.1608113159859,771.4113586425781,708.6619059691702,16.268739621315813,1.2542109997647175,2.882390022277832,43.0,2091.68994140625,10752.099609375,-0.015607468264760227,-0.04146234028187601,0.0007558616068910062,-0.04796101276199094,,,,0
2015-12-13,702.7992553710938,742.6490900500479,752.3669732551875,702.7992553710938,355945690000,35.038560719965716,-12.724690874412317,-9.207913021057562,-3.516777853354755,767.1954803466797,809.4724865722656,775.482356056592,836.4905506712873,767.1954803466797,697.900410022072,18.064514742264812,1.3153033891902461,2.924329996109009,37.93000030517578,2012.3699951171875,10340.0595703125,0.01455041597668072,-0.11790696964707481,-0.03792146470606228,-0.03832182122859362,,,,0
2015-12-20,724.6001586914062,702.7992650691617,741.7840939096556,691.9063172541591,398362610000,40.038631662130264,-15.211942906576155,-10.408718998161282,-4.803223908414873,763.4708496093749,806.8728002929687,770.6364324980029,833.5505768400499,763.4708496093749,693.3911223787,18.358193313217082,1.4366543414630044,2.9249000549316406,36.880001068115234,2005.550048828125,10608.1904296875,0.0001949365575670825,-0.027682552823952045,-0.003389012112887002,0.025931268340545488,,,,1
2015-12-27,741.89111328125,724.6001438845146,744.9820927639502,722.2011579485016,275706290000,43.737498765577165,-15.607953757582209,-11.448565950045467,-4.159387807536742,761.3520629882812,804.18103515625,767.8987830487883,831.3467623860788,761.3520629882812,691.3573635904836,18.386946801738677,0.9843753262152815,2.9151699542999268,37.88999938964844,2060.989990234375,10727.6396484375,-0.0033266437994379228,0.027386070831934006,0.02764325998179129,0.011260093749421829,,,,1
2016-01-03,717.2662353515625,741.8910551155576,749.5320054958322,714.3322298348035,195212750000,39.9571529613116,-17.704727977034054,-12.699798355443184,-5.00492962159087,758.5610778808594,801.043172607422,763.0766356490525,830.9948002729143,758.5610778808594,686.1273554888046,19.09766385441447,0.7038375969092587,2.911900043487549,37.279998779296875,2043.93994140625,10743.009765625,-0.0011216878822295495,-0.016099250994398684,-0.008272747033665206,0.0014327585276168175,,,,0
2016-01-10,706.1282958984375,717.2662325765388,721.3151665074689,693.9543527333147,358164790000,38.34287717209981,-20.034233114152585,-14.166685307185064,-5.86754780696752,756.9687866210937,797.018614501953,757.6529842442319,832.6359604403195,756.9687866210937,681.3016128018679,19.992151633354354,1.2538452606029538,3.0004000663757324,33.54999923706055,1922.030029296875,9849.33984375,0.030392534622235123,-0.10005363906577569,-0.05964456667229656,-0.0831861779307439,,,,0
2016-01-17,710.6162109375,703.9692729916293,730.1051369418296,701.111255987389,386834540000,39.40516753969494,-21.27302331118176,-15.587952907984405,-5.685070403197354,755.1789947509766,793.4418725585938,753.1732915483527,833.5428896611566,755.1789947509766,676.8150998407966,20.753727382478584,1.3250013648299253,3.0234999656677246,31.010000228881836,1880.3299560546875,9545.26953125,0.007698939735025112,-0.0757078708178609,-0.021695848975597065,-0.030872151567899353,,,,1
2016-01-24,702.435302734375,714.6321795678382,718.2701624805785,682.3013485865623,356411880000,38.11600137443341,-22.653765877067258,-17.001115501800975,-5.652650375266283,753.8259033203126,790.4931884765625,748.3411021374976,834.9430985022491,753.8259033203126,672.7087081383761,21.521466647576453,1.194841095529576,3.015929937362671,32.18000030517578,1906.9000244140625,9764.8798828125,-0.0025037302434306463,0.03772976677388873,0.014130535055200788,0.02300724467166937,,,,0
2016-01-31,734.8070678710938,707.6152836451702,735.0620713983021,699.2472916552231,352640470000,45.68785515836382,-20.895018635705696,-17.77989612858192,-3.1151225071237754,754.8909973144532,788.0275610351563,747.0521464930782,834.3208928463741,754.8909973144532,675.4611017825323,21.044070154365357,1.1499132961834617,2.969510078430176,34.7400016784668,1940.239990234375,9798.1103515625,-0.015391557462070105,0.07955255901222813,0.017483856202978876,0.0034030596534515567,,,,1
2016-02-07,742.0310668945312,734.9580662683052,747.6700752952203,720.1481380502597,364092910000,47.239279322015044,-18.702689465980484,-17.964454796061634,-0.7382346699188496,754.4432495117188,785.7704931640625,746.5739484360738,834.0665519309973,754.4432495117188,674.8199470924403,21.107830833084208,1.1683806729341706,2.9116098880767822,34.060001373291016,1880.050048828125,9286.23046875,-0.0194982299517914,-0.019573985962046514,-0.031021905387579984,-0.052242714609850305,,,,1
2016-02-14,709.3702392578125,744.5699984425264,746.5580249354045,698.8942821846844,396737010000,41.471396277321546,-19.377338737461514,-18.247031584341613,-1.130307153119901,752.6068603515624,783.128487548828,743.0307380381441,834.6965042968961,752.6068603515624,670.5172164062287,21.81474771755003,1.2178369026418776,2.9306800365448,33.36000061035156,1864.780029296875,8967.509765625,0.006549692163813292,-0.020551988688067846,-0.008122134589325536,-0.03432186011294447,,,,0
2016-02-21,730.150146484375,712.7491923033016,734.5521618761086,694.3573225447547,353861830000,45.9898483572069,-18.02742931399621,-18.203111130272532,0.17568181627632384,751.9162170410156,781.6695361328125,741.8040150330232,834.5427311191575,751.9162170410156,669.2897029628737,21.977585322816566,1.0719696368245724,2.9677999019622803,33.0099983215332,1917.780029296875,9388.0498046875,0.012665956349586338,-0.01049167513233662,0.02842158279654239,0.04689596666786455,,,,1
2016-02-28,749.2860107421875,736.5620772613422,760.1699863173385,735.6601045002416,390937960000,49.83087405396599,-15.237859490840378,-17.6100608023861,2.372201311545723,749.7732788085938,781.3269177246094,742.5165860529437,830.2006325336563,749.7732788085938,669.3459250835313,21.453779695340263,1.1825081998822002,2.9268200397491455,35.099998474121094,1948.050048828125,9513.2998046875,-0.013808162129137935,0.06331415506993632,0.015783885048770818,0.013341429008766337,,,,1
2016-03-06,771.9069213867188,747.0920386827439,775.268883692676,744.2340216420425,354848760000,53.99587651632681,-11.074131179221922,-16.30287487775327,5.228743698531346,749.1270324707032,780.2638635253907,745.3156656085413,828.5699593428808,749.1270324707032,669.6841055985255,21.209467401053764,1.0680192441517575,2.9099700450897217,38.720001220703125,1999.989990234375,9824.169921875,-0.0057570996612651415,0.10313398586757838,0.02666252924943846,0.032677422510570375,,,,1
2016-03-13,793.7977905273438,773.4918894122413,796.7367817979859,771.4999565657142,400109580000,57.65920094083022,-5.939469793610897,-14.230193860924794,8.290724067313898,748.7547363281251,779.9610644531251,749.9330108389033,827.2332343564294,748.7547363281251,670.2762382998208,20.962404435172182,1.1827094437414514,2.891050100326538,40.38999938964844,2022.18994140625,9831.1298828125,-0.0065017661591084686,0.04313011663988231,0.011100031140292677,0.000708452825312289,,,,1
2016-03-20,829.4296264648438,792.0267818130883,829.4296264648438,784.1908462907168,391227110000,62.845419990465125,0.9935249826496602,-11.185450092209905,12.178975074859565,750.5219268798829,779.9508850097657,757.5041170889929,834.6843344372933,750.5219268798829,666.3595193224726,22.427701188503743,1.124450743372109,2.8422698974609375,41.20000076293945,2049.580078125,9950.7998046875,-0.016872832075822908,0.020054503231772935,0.013544789318703954,0.01217255018512331,,,,1
2016-03-27,813.5606689453125,827.751619956265,835.2325986048004,801.2057543855759,390687990000,59.35829052002156,5.148136529641647,-7.918732767839595,13.066869297481242,750.235076904297,779.6930261230469,762.8428363134043,833.4442125760215,750.235076904297,667.0259412325724,22.182150164204874,1.1253134738481372,2.8754799365997314,40.439998626708984,2035.93994140625,9851.349609375,0.011684336933822204,-0.018446653450407524,-0.006655088456572145,-0.009994191146891707,,,,0
2016-04-03,823.589599609375,814.9366375434785,834.4636136104392,808.7267096884966,307833460000,60.83725741172121,9.144534500861141,-4.506079314099448,13.65061381496059,750.4753723144531,779.681365966797,768.628242341592,834.5413612377396,750.4753723144531,666.4093833911667,22.403397106564174,0.8833115805631415,2.8169000148773193,39.65999984741211,2072.780029296875,9794.6396484375,-0.020372224120500437,-0.019287804297345335,0.018094879490982985,-0.005756567697438375,,,,1
2016-04-10,825.0166015625,827.6206034212125,838.7245483398438,808.8357185132676,356139740000,61.054427097940234,12.285239226699673,-1.1478156059396243,13.433054832639296,751.3855651855469,779.0715283203125,773.9985622673928,838.3636098648502,751.3855651855469,664.4075205062435,23.151374929015315,1.0060850377769543,2.863800048828125,41.939998626708984,2047.5999755859375,9622.259765625,0.016649520289362618,0.05748862299719981,-0.012147962328389994,-0.01759941039178492,,,,1
2016-04-17,855.7284545898438,826.300609098741,862.5403802200616,823.0096109326946,439773270000,65.48988669507459,17.055850985857774,2.4929177124198554,14.562933273437919,756.3529907226563,779.396787109375,781.7823615361976,855.0855850728269,756.3529907226563,657.6203963724856,26.10754384823328,1.2284003581772835,2.8498499393463135,43.099998474121094,2080.72998046875,10051.5703125,-0.004871188366492252,0.027658557114815352,0.016179920530294156,0.04461639545511842,,,,1
2016-04-24,858.2824096679688,851.7995001505782,869.3083987649939,849.9724834696364,371896460000,65.83831365238697,20.802875407545912,6.1549092514450665,14.647966156100846,762.1346588134766,779.7505444335937,789.0680804058902,870.55571844661,762.1346588134766,653.7135991803432,28.451943073138246,1.0334152973679434,2.8310999870300293,45.11000061035156,2091.580078125,10373.490234375,-0.006579277055052568,0.046635782074037735,0.005214563041863629,0.032026828830383325,,,,1
2016-05-01,853.2734985351562,855.7294675637833,861.2054658626009,847.6275402004694,302036380000,64.4636544580906,23.101937238358687,9.544314848827792,13.557622389530895,769.6583709716797,779.2951269531251,795.182882132487,881.5702935087385,769.6583709716797,657.7464484346209,29.08093428406996,0.8456238885138658,2.811110019683838,48.130001068115234,2065.300048828125,10038.9697265625,-0.007060848234880623,0.06694747100204346,-0.01256467757162505,-0.03224763317402923,,,,0
2016-05-08,783.6768798828125,852.4124615839044,852.6814420878568,772.0869144083609,421915800000,49.117970404492695,19.088059552473965,11.453063789557028,7.634995762916937,772.6122070312499,777.8079760742188,794.0870723944226,882.61899684761,772.6122070312499,662.6054172148898,28.47658600659687,1.1773733479540196,2.928070068359375,45.369998931884766,2057.139892578125,9869.9501953125,0.041606357579946796,-0.057344734572609246,-0.003951075416199323,-0.016836342359194956,,,,0
2016-05-15,778.079833984375,790.3128067948684,797.3657477411692,775.856884416129,325869290000,48.12575873256963,15.279267851663576,12.218304601978337,3.060963249685239,774.4216430664062,776.7734204101563,792.5625734982277,883.4872667162116,774.4216430664062,665.3560194166008,28.16698748706151,0.9030312200107499,2.9616100788116455,47.83000183105469,2046.6099853515625,9952.900390625,0.011454647487675551,0.05422091595953504,-0.0051187122784176475,0.008404317516403914,,,,0
2016-05-22,763.572998046875,779.595835230345,782.0088473174226,763.0199614137044,245010740000,45.55703227982663,10.963808605568033,11.967405402696278,-1.0035967971282442,776.736981201172,775.6562866210937,789.8016615504798,882.613235085967,776.736981201172,670.8607273163769,27.26180327375798,0.6743077736336899,2.988110065460205,48.720001220703125,2052.320068359375,9916.01953125,0.00894783105924346,0.01860755499847344,0.002790020105775781,-0.0037055388808813206,,,,0
2016-05-29,780.2848510742188,765.3309449971092,799.4057524326244,762.071929155007,330853750000,48.93824575519135,8.790946376699367,11.332113597496896,-2.5411672207975293,780.4448089599609,775.1555688476562,788.8952986479788,880.9681779171572,780.4448089599609,679.9214400027647,25.760532404887417,0.9139961183548323,2.937649965286255,49.31999969482422,2099.06005859375,10286.3095703125,-0.016886961680971035,0.012315239308042791,0.022774220724615768,0.03734260888611041,,,,1
2016-06-05,781.390869140625,779.4768987024115,791.0518104173049,762.3339863977959,268516390000,49.16327071791287,7.076609075883766,10.48101269317427,-3.4044036172905034,783.9835418701172,774.2925939941407,788.18059107585,878.9881521979062,783.9835418701172,688.9789315423282,24.23637876406555,0.754111159574423,2.9481799602508545,49.63999938964844,2099.1298828125,10103.259765625,0.003584496141143756,0.00648823391736153,3.326451687946097e-05,-0.017795478877653426,,,,1
2016-06-12,768.868896484375,785.2058753734728,794.1928040724794,767.2279140012723,281481340000,46.65634812916799,4.653918396673362,9.315593833874088,-4.661675437200726,787.3052215576172,772.9608410644532,786.341382067138,874.6407234748135,787.3052215576172,699.9697196404209,22.185932348933335,0.7989286278458759,2.894629955291748,50.540000915527344,2096.070068359375,9834.6201171875,-0.0181637504090999,0.018130570849011374,-0.0014576584699110828,-0.02658940328858128,,,,0
2016-06-19,754.3009643554688,764.6788975641023,766.1519320179158,746.7130126953125,272768640000,43.85462388511787,1.5406485676736565,7.760604780634002,-6.219956212960345,788.279916381836,771.8035473632813,783.2899137136457,873.5593965506197,788.279916381836,703.0004362130522,21.636852188296796,0.783075538295597,2.9296200275421143,49.16999816894531,2071.219970703125,9631.3603515625,0.012087925845719827,-0.027107295642353813,-0.011855566295882691,-0.02066778006704828,,,,0
2016-06-26,753.6559448242188,764.4579425490538,783.5038260087716,740.1630359873096,279632930000,43.729411319155155,-0.9675347489093156,6.014976874725338,-6.982511623634654,788.8611602783203,770.3183740234376,780.4676309622716,872.9637388644915,788.8611602783203,704.7585816921492,21.322529951024254,0.8126338429376813,2.8641700744628906,48.40999984741211,2037.4100341796875,9557.16015625,-0.022340765172244814,-0.015456545654565446,-0.016323682178460253,-0.007704020263395339,,,,0
2016-07-03,779.516845703125,754.5810389947917,779.516845703125,748.815017184047,309236870000,49.905050777222506,-0.8586317530555334,4.640255149169164,-5.498886902224697,792.3684906005858,769.350838623047,780.3770799852101,867.9300933021063,792.3684906005858,716.8068878990653,19.072339094213014,0.9102379164321932,2.881779909133911,49.84000015258789,2102.949951171875,9776.1201171875,0.006148320181134093,0.02953935777077321,0.03216825081485153,0.022910567297996787,,,,1
2016-07-10,780.1908569335938,781.1998432544689,783.8728637695312,776.4948927083401,63535910000,50.058889913501076,-0.7097566381692104,3.5702527917014892,-4.2800094298707,794.8705261230468,769.2123193359375,780.3593444564847,864.8665543494023,794.8705261230468,724.8744978966913,17.611931987907187,0.19536549410833415,2.932919979095459,46.7599983215332,2129.89990234375,9629.66015625,0.017746001281866652,-0.06179778935844893,0.012815307923451646,-0.014981399489968128,,,,1
2016-07-17,828.2496337890625,786.2568072659799,828.2496337890625,786.2568072659799,329571520000,59.588375632573374,3.2487203849065054,3.5059463103424924,-0.257225925435987,798.8187072753906,769.7954565429687,784.9203243929207,866.8694823485818,798.8187072753906,730.7679322021994,17.037852131755564,1.0230460524755638,2.8837599754333496,47.61000061035156,2161.739990234375,10066.900390625,-0.016761454118250696,0.01817797945529276,0.014949100591810982,0.04540557270769474,,,,1
2016-07-24,717.3801879882812,807.5547298072481,811.0987173228436,704.2583089639909,506698590000,40.4246068149829,-2.5312174573034554,2.298513556813303,-4.829731014116758,796.0923706054688,768.457723388672,778.4879304496218,872.5344958265505,796.0923706054688,719.6502453843871,19.20433558807845,1.5366619632811798,3.0641698837280273,45.689998626708984,2175.030029296875,10147.4599609375,0.06256065339403527,-0.040327703403245097,0.006147843460609259,0.008002420525340836,,,,0
2016-07-31,754.0509643554688,724.2231757253912,759.2389778079572,723.950166909248,337078300000,46.54779887230182,-4.105508906013597,1.017709064247923,-5.1232179702615195,794.1050292968749,768.0770239257813,776.1606003454167,872.8308922935381,794.1050292968749,715.3791663002118,19.82756942526091,1.0321201905920527,3.0103600025177,42.459999084472656,2173.60009765625,10337.5,-0.017560998003432915,-0.07069379819040245,-0.0006574307579041427,0.018727843203526495,,,,1
2016-08-07,760.6529541015625,762.2749281342794,768.4288870277339,741.4160374536833,329453800000,47.59215045231244,-4.765487253251763,-0.13893019925201422,-4.626557053999749,790.666195678711,768.5306005859375,774.6836816555258,868.9021004572176,790.666195678711,712.4302909002045,19.78986965829456,1.0184057175459793,3.009660005569458,44.27000045776367,2182.8701171875,10367.2099609375,-0.00023252931465234106,0.04262838936218727,0.0042648229272925775,0.0028739986396615347,,,,1
2016-08-14,782.2818603515625,774.1318554411957,793.6618048581636,769.802899048987,369011780000,50.97179862318823,-3.5028739241278117,-0.8117189442271737,-2.691154979900638,789.1022552490236,769.2479968261719,775.407317721815,866.6587429993631,789.1022552490236,711.5457674986842,19.656891672642423,1.1445215759126008,2.9595000743865967,46.970001220703125,2184.050048828125,10713.4296875,-0.01666631150696063,0.060989399932702026,0.0005405413869266074,0.033395651083272915,,,,1
2016-08-21,781.4518432617188,787.1888297256598,790.4098209906318,772.7369237274578,256296610000,50.83631513336589,-2.539940355210547,-1.1573632264238485,-1.3825771287866984,786.9953674316408,770.2870910644532,775.9829868208535,862.8784688301887,786.9953674316408,711.112266033093,19.284256182140524,0.8013303122061866,2.9267001152038574,50.880001068115234,2183.8701171875,10544.3603515625,-0.011082939131041414,0.08324461881616219,-8.238439440599876e-05,-0.015781065528881366,,,,0
2016-08-28,771.1929321289062,777.1518681244517,782.9238384383278,751.1320110741358,308327550000,49.09919557657449,-2.574934710896173,-1.4408775233183135,-1.1340571875778593,784.304183959961,771.4408459472658,775.5267911359061,858.3040665586511,784.304183959961,710.304301361271,18.87019962715583,0.9712685621094025,2.933340072631836,49.91999816894531,2169.0400390625,10587.76953125,0.0022687522351485523,-0.018867981112750454,-0.006790732657718235,0.004116814888734943,,,,0
2016-09-04,768.8389282226562,767.4649325802931,769.7509106766262,757.3049991495025,195539120000,48.68807534593041,-2.760791743217851,-1.7048603672982212,-1.0559313759196298,779.9597076416017,771.7979040527345,774.8898518108348,846.0874559018139,779.9597076416017,713.8319593813894,16.956708817732547,0.640614943840522,2.9610300064086914,46.83000183105469,2179.97998046875,10683.8203125,0.009439728463536579,-0.06189896737241629,0.005043678866794243,0.009071861733153996,,,,0
2016-09-11,770.5308837890625,773.323877017341,782.9338646597148,770.20392019229,264777360000,49.01850082739415,-2.7399733986488854,-1.9118829735683542,-0.8280904250805312,775.5721313476562,772.286561279297,774.4747119992375,830.5182604276653,775.5721313476562,720.6260022676471,14.16918603935217,0.8829425125247377,2.9530999660491943,48.0099983215332,2127.81005859375,10573.4404296875,-0.002678135764356937,0.025197447028413755,-0.02393137659171629,-0.010331499368569141,,,,1
2016-09-18,760.198974609375,771.4129044441906,772.5499223448752,760.0999761105339,57393200000,47.02700739157691,-3.5166358450310327,-2.2328335478608903,-1.2838022971701424,770.9184051513672,772.6112805175782,773.1151179621077,812.2293043484975,770.9184051513672,729.6075059542369,10.71732077508749,0.19952548018814542,2.9661099910736084,45.77000045776367,2139.159912109375,10276.169921875,0.004405548465675313,-0.04665690360511554,0.00533405388783903,-0.02811483261189429,,,,0
2016-09-25,797.559814453125,765.1159066478749,800.8667427920394,765.1159066478749,353663250000,54.263131606768326,-1.1047045451734903,-2.0072077473234105,0.9025032021499202,771.6125518798829,772.7195812988282,775.4431842945855,814.2706876072904,771.6125518798829,728.9544161524753,11.056879679699176,1.244259841722216,2.941819906234741,45.88999938964844,2164.68994140625,10626.9697265625,-0.00818920569768733,0.002621781312750926,0.011934605333782766,0.03413721331531794,,,,1
2016-10-02,764.8799438476562,762.4309339037175,778.5688672815537,761.478912610676,351129940000,48.07677168108862,-1.8093667996224667,-1.967639557783222,0.15827275816075526,770.952557373047,772.3205432128906,774.437161394878,813.597836005704,770.952557373047,728.3072787403898,11.063009837587709,1.2298820248084372,2.997080087661743,49.060001373291016,2168.27001953125,10511.01953125,0.0187843522677531,0.06907827469611272,0.001653852617190088,-0.010910936823568695,,,,0
2016-10-09,779.755859375,769.236954431455,786.0518420045453,764.843945046359,372461680000,50.825059612258976,-1.1541503267146709,-1.8049417115695119,0.650791384854841,771.7617004394532,771.8907861328125,774.9437040596515,814.431522096405,771.7617004394532,729.0918787825013,11.057771234995204,1.2761155981125134,3.0421900749206543,51.93000030517578,2153.739990234375,10490.8603515625,0.01505131192343434,0.05849977275881679,-0.006701208413155246,-0.0019179090693881573,,,,1
2016-10-16,775.5379028320312,782.9648191364062,785.056787961867,766.1209211754843,408826810000,50.01667425998575,-0.9641265428018642,-1.6367786778159825,0.6726521350141184,771.5243530273439,771.5198278808595,775.0002944189257,814.0471120431623,771.5243530273439,729.0015940115254,11.023050367487592,1.3822453261368515,3.081929922103882,51.95000076293945,2132.97998046875,10580.3798828125,0.013062907380717803,0.00038514264675781895,-0.009639051073832672,0.008533097215107643,,,,0
2016-10-23,788.4328002929688,774.1809092116545,795.4097746816949,769.9079215228309,360365410000,52.50381162855601,0.22439247615386648,-1.2645444470220129,1.4889369231758793,771.876449584961,770.9025305175782,776.2795806926441,814.857343558203,771.876449584961,728.8955556117191,11.136728940584414,1.1997681914588878,3.0597000122070312,51.779998779296875,2141.159912109375,10710.73046875,-0.00721298357156519,-0.003272415421480712,0.0038349781599109622,0.012320028900781876,,,,1
2016-10-30,783.3248291015625,792.4168454623839,802.9047396877377,780.709852722453,306346660000,51.412475904228096,0.7455376811363976,-0.8625280213903308,1.6080657025267284,772.5992462158204,770.1933532714844,776.9505567315887,815.8525229168183,772.5992462158204,729.3459695148224,11.196820838967128,1.0157187413339386,3.111299991607666,49.709999084472656,2126.409912109375,10696.1904296875,0.016864391670676993,-0.0399768200777143,-0.00688878953719485,-0.001357520769000975,,,,0
2016-11-06,742.6680297851562,785.5858752597911,789.5658372470346,742.3840347202085,335742430000,43.63753374801341,-2.097931265341458,-1.1096086701805563,-0.9883225951609018,772.0175994873048,768.910458984375,773.6855541652617,816.5994050283306,772.0175994873048,727.435793946279,11.549427259335147,1.1016816664677416,3.1150999069213867,45.58000183105469,2085.179931640625,10259.1298828125,0.0012213272021246446,-0.08308182115231644,-0.019389479062317916,-0.04086132812874477,,,,0
2016-11-13,751.738037109375,752.0110119036243,771.0759493305345,745.0880415098788,406495030000,45.61349723807137,-3.5782789295635666,-1.6033427220571586,-1.974936207506408,771.9217041015627,768.8176208496094,771.5953144456535,816.6777185752176,771.9217041015627,727.1656896279078,11.595998463534919,1.3066479515104956,3.2476999759674072,45.84000015258789,2164.449951171875,10667.9501953125,0.04256687522329505,0.005704219198957139,0.03801591331683318,0.03984941385574148,,,,1
2016-11-20,756.385986328125,753.9669888782488,757.834953220669,742.9210272568168,322405760000,46.64577404878,-4.326540792292349,-2.1479823361041968,-2.178558456188152,770.7651611328126,769.0923596191407,770.1468070058888,815.888732911827,770.7651611328126,725.6415893537983,11.708773062003768,1.0341604437037435,3.3750600814819336,46.86000061035156,2181.89990234375,10664.5595703125,0.03921547755549337,0.022251318812573917,0.008062071919208602,-0.00031783284866571115,,,,1
2016-11-27,743.6310424804688,758.801983982488,762.1539702429086,737.5230428401956,322129920000,44.168254258263595,-5.880968931368102,-2.894579655156978,-2.986389276211124,768.9371704101563,769.9089953613282,767.621496098706,815.3953805395407,768.9371704101563,722.478960280772,12.08374673956866,0.9921283391396042,3.4639999866485596,47.2400016784668,2213.35009765625,10699.26953125,0.026352095375906215,0.008109284318517318,0.01441413296673999,0.0032547017726005656,,,,0
2016-12-04,733.9050903320312,749.9930414894311,753.32603166897,717.9261714744512,336125850000,42.322334964590496,-7.807665577170383,-3.8771968395596588,-3.930468737610724,764.2199432373048,770.0950939941406,764.4104098352132,803.9995169391938,764.2199432373048,724.4403695354159,10.410503953450638,1.0341905770808055,3.497339963912964,54.459999084472656,2191.949951171875,10513.349609375,0.009624704790100358,0.1528365188288492,-0.009668667648663365,-0.01737687991988357,,,,0
2016-12-11,757.2689819335938,730.6831336511715,764.580965576438,730.1371160413227,343439470000,47.949914710263215,-7.364423270740872,-4.574642125795902,-2.7897811449449703,766.2143829345704,770.4026513671876,763.7302738445827,799.5902840915136,766.2143829345704,732.8384817776272,8.711896278718976,1.0839164646851043,3.4502999782562256,54.33000183105469,2259.530029296875,11203.6298828125,-0.013450218206441655,-0.002387022688273066,0.030831031561131095,0.06565750204121068,,,,1
2016-12-18,775.8928833007812,753.4670271379956,779.0378862562444,749.0850312485801,315937010000,51.97257581365044,-5.44756126039249,-4.74922595271522,-0.6983353076772705,767.306478881836,771.5751843261719,764.8886176023159,800.4350556454839,767.306478881836,734.1779021181882,8.635031157804052,1.0004546579676805,3.507699966430664,55.209999084472656,2258.070068359375,11404.009765625,0.016636231207771246,0.016197261618993153,-0.0006461347796091754,0.017885264410590906,,,,1
2016-12-25,769.7178955078125,777.4098811786429,782.0308530214128,768.8328740052766,249904120000,50.57686941800313,-4.376257443627992,-4.6746322508977745,0.2983748072697825,767.7597259521485,772.8469763183595,765.3485488314109,800.7527849425537,767.7597259521485,734.7666669617433,8.594631334559354,0.8014475257051317,3.506380081176758,55.15999984741211,2263.7900390625,11449.9296875,-0.00037628225519226177,-0.0009056192336472924,0.00253312365425451,0.004026647014405027,,,,0
2017-01-01,781.3828735351562,770.8558929434192,783.7148313635807,765.1389705102599,175817330000,53.137113480716536,-2.5565054090116064,-4.2510068825205405,1.694501473508934,767.7147766113281,774.2623095703125,766.8756273746246,800.6268814905992,767.7147766113281,734.8026717320571,8.57404491406149,0.5818755834305985,3.5176000595092773,56.130001068115234,2238.830078125,11481.0595703125,0.003199875105597272,0.01758522885037017,-0.011025740243930326,0.0027187837534483617,,,,1
2017-01-08,771.0618896484375,779.0678629427018,779.6868171583529,756.5640033146915,294801610000,50.637651526199285,-1.9249661431215372,-3.78579873464074,1.8608325915192028,767.1952789306641,775.6348413085938,767.2743190197497,799.5171150716621,767.1952789306641,734.8734427896661,8.425973680664196,0.9694823057381541,3.591909885406494,57.099998474121094,2276.97998046875,11599.009765625,0.0211251491471669,0.01728126469886826,0.017040106221772877,0.010273459047063227,,,,0
2017-01-15,815.2386474609375,767.8649612979698,816.4176573070545,766.3599643672833,471354380000,59.43342999958066,2.115838362411864,-2.6054713152302194,4.7213096776420835,769.3975646972657,777.2434729003907,771.8423502998628,808.2156640065555,769.3975646972657,730.5794653879759,10.090517851993335,1.509624723399911,3.7634100914001465,55.45000076293945,2274.639892578125,11629.1796875,0.04774624404984018,-0.028896633192196264,-0.0010277156192401993,0.0026010773751059535,,,,1
2017-01-22,830.6676025390625,816.6206691132011,833.172553096422,813.4456981584539,448278280000,61.981441996778734,6.488398555459071,-0.7866973410923612,7.2750958965514325,772.4889984130859,779.0162036132813,777.4447552750247,819.9954061259766,772.4889984130859,724.9825907001953,12.299568747382155,1.3798706881857508,3.8269999027252197,55.4900016784668,2271.31005859375,11630.1298828125,0.01689685943883279,0.0007213871050850695,-0.0014638950082779267,8.170785369499001e-05,,,,1
2017-01-29,838.26953125,834.290568181225,842.7755739873277,828.1076217438915,404156520000,63.20764596391501,10.446673378172363,1.459976802760584,8.986696575411779,775.8759307861329,781.5941894531251,783.2375910821652,831.7213890567394,775.8759307861329,720.0304725155264,14.395460937684401,1.2179305180748747,3.859800100326538,55.52000045776367,2294.68994140625,11814.26953125,0.008570733847670375,0.0005406159378169573,0.010293567240650336,0.015832982975506615,,,,1
2017-02-05,883.8903198242188,836.6965474149364,883.8903198242188,836.5005645685342,507945870000,69.55396012173877,17.068100622649922,4.581601566738452,12.48649905591147,782.0604980468751,784.668992919922,792.823565248075,855.2872706676458,782.0604980468751,708.8337254261044,18.72662608676641,1.4333918735484734,3.7345099449157715,56.810001373291016,2297.419921875,11651.490234375,-0.03246027052027045,0.02323488661547657,0.0011896947031881933,-0.013778193941185402,,,,1
2017-02-12,874.7283325195312,891.2152383582431,895.3732362988428,868.7684033668202,491163010000,67.0525168609535,21.330449469400605,7.931371147270882,13.399078322129723,785.9189239501953,787.1778393554688,800.6240192739281,869.9234486565517,785.9189239501953,701.914399243839,21.37740220941158,1.3596533283954344,3.6842000484466553,56.70000076293945,2316.10009765625,11666.9697265625,-0.013471619358681575,-0.0019362895210786046,0.008130936623029106,0.0013285418325144072,,,,0
2017-02-19,888.29931640625,877.310347663213,889.9793001937754,875.042328176456,380563520000,68.84011920132056,25.509400135517353,11.446976944920177,14.062423190597176,792.089892578125,789.5056872558595,808.9740475722444,887.0104685877351,792.089892578125,697.169316568515,23.96712214081128,1.049213799481512,3.6673998832702637,55.810001373291016,2351.159912109375,11757.01953125,-0.004560057802364681,-0.015696638054194967,0.015137434901282276,0.007718354191190047,,,,1
2017-02-26,882.580322265625,894.5822291830092,895.8282552874673,874.666377293944,335198040000,67.18580054816493,28.03658531130793,14.764898618197728,13.271686693110203,797.2311157226563,791.2813378906251,815.984168971614,900.1412408385652,797.2311157226563,694.3209906067475,25.816886241983962,0.9289127835486999,3.5683000087738037,55.9900016784668,2367.340087890625,11804.0302734375,-0.027021834992286498,0.0032252338424403337,0.006881784474937591,0.00399852548195101,,,,0
2017-03-05,897.2162475585938,884.1623190924098,900.428216865081,872.44538590629,398123850000,69.22412440048512,30.86460665119489,17.98484022479716,12.87976642639773,803.3150329589845,792.6370703125,823.7205574084692,914.8507208214033,803.3150329589845,691.7793450965656,27.768853634315995,1.1049336764021345,3.726759910583496,55.900001525878906,2383.1201171875,12027.3603515625,0.04440767351962238,-0.0016074325752789553,0.006665721320562534,0.01891981577068269,,,,1
2017-03-12,896.1092529296875,900.6472076524772,914.3731481425913,886.4813419347421,369914380000,68.87563705289065,32.640252213174335,20.915922622472596,11.724329590701739,808.6988555908204,794.2880419921875,830.6147188866804,927.3762789802696,808.6988555908204,690.0214322013711,29.350214253177278,1.0252838869954133,3.7732601165771484,51.369998931884766,2372.60009765625,11963.1796875,0.012477381722819869,-0.08103761127621756,-0.0044143891259940116,-0.005336221929540974,,,,0
2017-03-19,904.9091796875,895.5012142671615,908.4321711692677,889.2062648680097,332300260000,70.1615853730546,34.36144728414399,23.605027554806878,10.756419729337114,814.7780731201173,795.91443359375,837.6903818200917,940.2447966877994,814.7780731201173,689.3113495524351,30.797766338315643,0.9177287806303271,3.6280999183654785,51.7599983215332,2378.25,12095.240234375,-0.03847076367036939,0.007591968031098517,0.0023813125310629957,0.011038916937190724,,,,1
2017-03-26,903.8222045898438,902.6112400289643,914.9651015364946,892.7692542594975,360266480000,69.77808366461956,35.23166823185261,25.930355690216025,9.301312541636584,822.8357818603515,797.490545654297,843.9886506553062,949.4969415531339,822.8357818603515,696.1746221675692,30.78649773990475,0.9916063310990476,3.6328999996185303,50.79999923706055,2343.97998046875,12064.26953125,0.001323028957596728,-0.018547123562662082,-0.01440976328445287,-0.0025605694905488363,,,,0
2017-04-02,889.4692993164062,902.9021900670904,903.8982174952964,888.1812374362661,322846440000,64.74559244616854,34.36700367355115,27.617685286883052,6.749318386668101,829.7223449707031,798.1653625488283,848.3201410039824,955.0775252766991,829.7223449707031,704.3671646647072,30.216175583513344,0.898959149200198,3.6542999744415283,52.83000183105469,2362.719970703125,12312.8701171875,0.005890603877135359,0.039960681584285895,0.00799494466272166,0.020606352112206405,,,,0
2017-04-09,884.9683227539062,890.2002987788761,890.69230056566,879.9723226511711,279565920000,63.20611025869768,32.938860904385706,28.681920410383587,4.256940494002119,836.1514617919922,798.699080810547,851.8104440277847,958.8306339105845,836.1514617919922,713.4722896733999,29.34376789957965,0.7831162128730459,3.70524001121521,55.2400016784668,2355.5400390625,12225.0595703125,0.013939752382114312,0.04561801559498435,-0.003038841559581118,-0.007131606687901804,,,,0
2017-04-16,900.6322631835938,887.6533290224494,918.3151363500767,887.3032942511906,373065450000,66.21666121357345,32.69411910066253,29.48436014843938,3.2097589522231544,844.0015228271485,799.6462561035156,856.4601410902427,961.7466786188878,844.0015228271485,726.2563670354092,27.90164534237541,1.037623410726214,3.6677699089050293,55.88999938964844,2328.949951171875,12109.0,-0.010112732831547788,0.01176679383474788,-0.011288319217536147,-0.00949357912286497,,,,1
2017-04-23,924.234130859375,907.3081623819602,929.0881091216188,900.5191970270782,392960090000,70.17635041548438,34.01255734139011,30.38999958702953,3.622557754360578,853.5179748535157,802.4574011230468,862.9148067825411,964.3601270996123,853.5179748535157,742.6758226074191,25.97300947648344,1.0843865001787356,3.6407999992370605,51.959999084472656,2348.68994140625,12048.5703125,-0.007353217442154225,-0.07031669973329202,0.008475918610634903,-0.004990477124452886,,,,1
2017-04-30,946.5479736328125,929.1950544263516,951.9599734538943,927.7020204003443,420763180000,73.35594359095084,36.43793592968302,31.59958685556023,4.838349074122792,862.9819244384767,805.8267639160156,870.8798702920908,971.5203513896727,862.9819244384767,754.4434974872806,25.154275860834417,1.1488530940383295,3.5632998943328857,51.72999954223633,2384.199951171875,12438.009765625,-0.02128655925082812,-0.004426473177230328,0.015119070908254484,0.03232246175473352,,,,1
2017-05-07,939.2789916992188,949.9349637122061,953.5829546161158,929.9930440487418,302561430000,70.71120407086474,37.34305237960075,32.748279960368336,4.594772419232413,871.1512298583983,809.3408837890624,877.3940723308649,976.6423554111827,871.1512298583983,765.6601043056139,24.21878588633377,0.8276259435523041,3.5537099838256836,49.099998474121094,2399.2900390625,12716.8896484375,-0.0026913004214026426,-0.05084092579525157,0.0063292040095914714,0.022421584165598807,,,,0
2017-05-14,949.9589233398438,943.3209572230713,964.9048338909229,936.7279929674371,432894610000,72.29185033301913,38.478587707653446,33.89434150982536,4.584246197828087,880.16328125,812.7343652343749,884.3050105221962,979.8019793843446,880.16328125,780.5245831156553,22.640957707946793,1.1552265314619383,3.5773000717163086,50.84000015258789,2390.89990234375,12770.41015625,0.006638157868253947,0.03543791715968969,-0.0034969247494681666,0.0042086162019245865,,,,1
2017-05-21,951.4679565429688,955.6879282265353,966.2868784178826,943.6319997289385,357933630000,72.51753593092624,39.05012843150371,34.92549889416103,4.124629537342678,888.6675354003906,816.1359069824218,890.7014815717936,981.6165585376314,888.6675354003906,795.7185122631499,20.91873944632452,0.9325247495916826,3.622469902038574,53.61000061035156,2381.72998046875,12638.6904296875,0.012626793787694268,0.054484666590282727,-0.0038353432805827703,-0.010314447613731126,,,,1
2017-05-28,975.3278198242188,958.5478805320269,987.9437612337347,958.5478805320269,510975350000,75.86487503515431,40.956251956312144,36.13164950659126,4.824602449720885,898.8808319091797,820.2650854492188,898.7611328339293,981.763644243921,898.8808319091797,815.9980195744384,18.44133491170396,1.2947835068789497,3.5673000812530518,52.150001525878906,2415.820068359375,12602.1796875,-0.01522989073131431,-0.02723370766369182,0.014313162352650677,-0.002888807380054037,,,,1
2017-06-04,988.6737670898438,976.9498307206796,988.6737670898438,969.2538076193431,396532800000,77.51459734760327,43.047549634188385,37.51482953211068,5.532720102077704,907.5525878906252,824.9525415039062,907.3242408583021,989.8782338410709,907.5525878906252,825.2269419401795,18.142341732899624,1.0144086414348013,3.5297999382019043,49.95000076293945,2439.070068359375,12822.9404296875,-0.010512191909006763,-0.042186015312918546,0.00962406112297498,0.01751766342504002,,,,1
2017-06-11,989.4237670898438,991.4997662519305,992.7757604867236,974.6928178550986,434389890000,77.60723033106063,44.25528941447101,38.86292150858275,5.392367905888257,915.4903961181642,829.6678979492189,915.1432433565442,997.2147015053274,915.4903961181642,833.766090731001,17.853667440682774,1.1132321130983223,3.5309200286865234,48.150001525878906,2431.77001953125,12815.7197265625,0.0003173240705505176,-0.036036020211556496,-0.0029929639672202635,-0.00056310821722938,,,,1
2017-06-18,981.9208374023438,989.1457797707751,1000.0027095216662,979.2968278288239,428081970000,74.3091475036918,44.09866619700631,39.91007044626747,4.188595750738841,922.6729614257814,833.7159777832034,921.5030142180489,1001.0012202271776,922.6729614257814,844.3447026243853,16.978552981623658,1.0937134521269694,3.513000011444092,47.369998931884766,2433.14990234375,12752.73046875,-0.005075169388386813,-0.016199430306869655,0.000567439684434401,-0.004914999637667283,,,,0
2017-06-25,996.3817138671875,987.3547678279338,1002.6506623914125,987.2267808260497,349009110000,76.39159668722138,44.6269809873902,40.853452554492016,3.773528432898182,928.2975311279298,838.039794921875,928.6343189465383,1010.9367887961254,928.2975311279298,845.6582734597342,17.80447645223931,0.9101685511095088,3.5129001140594482,45.540000915527344,2438.300048828125,12733.41015625,-2.8436488561989215e-05,-0.038632004594064906,0.0021166581144114183,-0.0015149941847625303,,,,1
2017-07-02,1004.398681640625,994.3857433525407,1009.8996768278249,994.1807273446664,238818470000,77.4813745445117,45.17186344055915,41.71713473170544,3.4547287088537075,934.7810485839844,841.5627758789062,935.8499725364513,1020.0298225038788,934.7810485839844,849.5322746640901,18.23930300021166,0.6439963358309888,3.5242300033569336,47.91999816894531,2423.409912109375,12325.1201171875,0.0032252238690591017,0.05226168655184371,-0.006106769643016818,-0.03206446930181517,,,,1
2017-07-09,1000.8386840820312,1006.3876891321025,1014.1515755438913,1000.8386840820312,376682130000,75.80793406304673,44.799998167677586,42.33370741889987,2.466290748777716,940.4080169677736,847.2319458007812,942.0393736360304,1027.5735983306051,940.4080169677736,853.2424356049421,18.537821836926884,1.0162904381710314,3.620990037918091,46.709999084472656,2425.179931640625,12388.6796875,0.02745565257346727,-0.0252503992217763,0.0007303838786849592,0.005156912850193374,,,,0
2017-07-16,1051.7513427734375,1005.8856471114996,1051.9913317265266,1005.8856471114996,419103700000,81.84650282386725,48.05951811253874,43.47886955762765,4.580648554911093,948.8665679931642,853.1859533691407,952.4881326014977,1044.7964606461246,948.8665679931642,852.9366753402037,20.219890949651745,1.1180885367678888,3.5659899711608887,48.90999984741211,2459.27001953125,12631.7197265625,-0.015189234485943226,0.047099139500321296,0.014056725212781673,0.01961791290057513,,,,1
2017-07-23,1068.42236328125,1053.6184533822452,1077.4923782842811,1051.9744191048405,418106380000,83.31510954183013,51.39546821682757,45.06218928946763,6.333278927359935,957.4268737792969,859.3413415527344,963.5294879043313,1063.9235664177083,957.4268737792969,850.9301811408855,22.246438982443003,1.1124626325120237,3.5267999172210693,48.060001373291016,2472.5400390625,12240.0595703125,-0.010989950688801597,-0.01737882798554269,0.005395918067500061,-0.031006083473052448,,,,1
2017-07-30,1076.9912109375,1072.1233866487953,1086.0493050892298,1065.7434153383335,444049280000,84.03024510922849,54.10695579570836,46.87114259071578,7.235813204992581,966.4709716796875,865.2355285644533,974.3353662884425,1081.4283617588937,966.4709716796875,851.5135816004813,23.789103542223295,1.1699505873380813,3.536520004272461,52.52000045776367,2472.10009765625,12162.7001953125,0.0027560642167221427,0.09280064413296651,-0.00017793095331097852,-0.006320179616415511,,,,1
2017-08-06,1085.447265625,1079.2002966166865,1086.4802191495344,1059.754423491668,440296660000,84.72598710124703,56.289294235193665,48.754772919611355,7.53452131558231,975.4978759765625,871.3154370117188,984.9174519395433,1098.1939159329318,975.4978759765625,852.801836020193,25.155572959815917,1.143790645798982,3.539299964904785,52.41999816894531,2476.830078125,12297.7197265625,0.0007860723618036136,-0.0019040801208443092,0.0019133450434447585,0.011101114808538703,,,,1
2017-08-13,1069.6253662109375,1091.0452020959985,1103.2121217178674,1060.7494362445902,511492500000,77.88846663181506,56.09548429309655,50.2229151943084,5.872569098788148,983.7880340576172,877.2840856933593,992.9848723463429,1108.4822365806308,983.7880340576172,859.0938315346036,25.34981077350869,1.3031441920293847,3.5422000885009766,52.099998474121094,2441.320068359375,12014.0595703125,0.0008194059912831619,-0.006104534643303183,-0.01433687764019187,-0.0230660774970588,,,,0
2017-08-20,1072.018310546875,1079.0641741278362,1102.3191616090887,1049.38852876021,675306930000,78.17533864181318,55.495264265054516,51.27738500845763,4.217879256596888,992.9154846191406,883.3476733398438,1000.5118664606792,1115.24240687832,992.9154846191406,870.5885623599612,24.639946532025572,1.6465701023964934,3.528899908065796,52.720001220703125,2425.550048828125,12165.1904296875,-0.0037547795445991294,0.011900245004613508,-0.006459628024869324,0.01257949975114614,,,,1
2017-08-27,1097.545166015625,1072.3423580566387,1102.2941641000357,1067.9974103047107,484790860000,81.0062679761446,56.42891209512038,52.307690425790184,4.121221669330197,1003.5443267822267,889.887958984375,1009.7531330849598,1123.2929629282721,1003.5443267822267,883.7956906361812,23.865141369491575,1.153191152380359,3.485300064086914,52.40999984741211,2443.050048828125,12167.9404296875,-0.012355080935910978,-0.005880147308670369,0.00721485834046387,0.00022605482551996126,,,,1
2017-09-03,1100.09912109375,1101.7472011287161,1105.3021138916204,1094.4412140258214,194448320000,81.26806504159913,56.72107234319776,53.19036680927171,3.530705533926053,1013.5176696777344,896.6859619140624,1018.3575128953208,1130.3678476427492,1013.5176696777344,896.6674917127195,23.058340561969562,0.4725815001088642,3.4506499767303467,52.31999969482422,2476.550048828125,12142.6396484375,-0.009941780254046795,-0.001717232452774664,0.013712367462987096,-0.0020792985794269025,,,,1
2017-09-10,1084.51123046875,1103.4851517058883,1104.391152790864,1081.168230575835,444732650000,74.51705249727554,55.06010038122781,53.56431352366293,1.4957868575648803,1021.5315246582031,902.4249902343751,1024.6578669499331,1134.5200451431692,1021.5315246582031,908.543004173237,22.121396698505457,1.0741076421139246,3.402740001678467,53.779998779296875,2461.429931640625,12303.98046875,-0.013884333495128076,0.02790518144091436,-0.006105314606766998,0.01328712907438212,,,,0
2017-09-17,1077.4112548828125,1090.2871323235897,1098.6460963662023,1074.4842950780867,497574740000,71.59953553680563,52.564923721760806,53.364435563282505,-0.7995118415216993,1028.074688720703,908.675616455078,1029.681999134017,1137.8919328590628,1028.074688720703,918.2574445823434,21.363670430406582,1.190686177565393,3.4321000576019287,55.619998931884766,2500.22998046875,12518.8095703125,0.008628357120726182,0.0342134658674671,0.01576321484083998,0.017460130248754036,,,,0
2017-09-24,1041.2235107421875,1080.1632519489422,1080.733317303596,1034.1125863431005,419923790000,58.93425393560155,47.12421115145321,52.11639068091665,-4.992179529463442,1033.1719146728515,913.9049694824218,1030.7811907157475,1134.7932554030458,1033.1719146728515,931.5505739426573,19.671719543861613,0.9909537853184996,3.50600004196167,56.86000061035156,2502.219970703125,12592.349609375,0.02153200172473313,0.022294169404522446,0.0007959228750635816,0.005874363584609021,,,,0
2017-10-01,1029.071533203125,1036.7624374952602,1041.362537860363,1009.8666051533714,436391190000,55.39091025627741,41.355128038820226,49.96413815249737,-8.609010113677144,1037.1275451660158,918.9756420898437,1030.6183661907357,1130.9720202979024,1037.1275451660158,943.2830700341292,18.096997918778577,1.0293895530077533,3.558310031890869,57.540000915527344,2519.360107421875,12828.8603515625,0.014920133857137863,0.01195920326901967,0.006849971992643589,0.018782097823222488,,,,0
2017-10-08,1041.3695068359375,1029.3385536351734,1050.471520056755,1028.829523122498,428613030000,58.13422658954708,37.34494255047093,47.440299032092085,-10.095356481621153,1041.6226226806643,924.0343762207032,1031.6422843474215,1126.361908125631,1041.6226226806643,956.8833372356975,16.270630763929898,1.002683353842275,3.586899995803833,55.619998931884766,2549.330078125,12955.9404296875,0.008034702894556656,-0.03336812570547698,0.011895866182383141,0.009905796356222796,,,,1
2017-10-15,1062.2513427734375,1003.23869908364,1065.9793504103293,992.0977669452502,463916560000,62.3662654781371,35.44326342440854,45.04089191055538,-9.597628486146839,1045.968798828125,929.6129064941406,1034.557432768947,1125.1239484481264,1045.968798828125,966.8136492081237,15.135279314007189,1.0912781016309807,3.6568000316619873,57.16999816894531,2553.169921875,12991.8701171875,0.019487589824061846,0.027867660316907905,0.0015062167833614915,0.002773221110037749,,,,1
2017-10-22,1084.8812255859375,1065.540401049003,1092.7242016871317,1060.8774617732765,424193040000,66.33757910611814,35.35466486425241,43.10364650129479,-7.748981637042377,1050.7791717529299,936.4571704101562,1039.3501749419936,1126.9092082483344,1050.7791717529299,974.6491352575254,14.49020660894961,0.9946001376894315,3.652400016784668,57.75,2575.2099609375,12991.2802734375,-0.0012032418615243179,0.01014521339218355,0.008632421553170344,-4.5400988824551014e-05,,,,1
2017-10-29,1078.834228515625,1081.6692653158143,1088.4691574240283,1069.3153582391067,410085620000,64.3824890432296,34.399966341549316,41.36291046934569,-6.962944127796376,1055.2496948242188,942.9990942382813,1043.1105609966253,1126.5575605861513,1055.2496948242188,983.941829062286,13.514880148590985,0.9642701367224634,3.8183999061584473,60.439998626708984,2581.070068359375,13217.5400390625,0.045449536910229904,0.046580062800155586,0.0022755843254589347,0.01741627929370604,,,,0
2017-11-05,1112.922119140625,1087.812239197456,1145.3918859934645,1082.9392180982284,709743240000,69.7879464383779,35.979222690240476,40.28617291352465,-4.306950223284176,1061.7997589111328,950.1298168945312,1049.7592808198633,1128.67556851388,1061.7997589111328,994.9239493083857,12.596689543672118,1.6153881187009647,3.7992000579833984,62.06999969482422,2587.840087890625,13478.8603515625,-0.005028244460220765,0.026968913056773625,0.002622950695621018,0.019770722216668535,,,,1
2017-11-12,1089.48828125,1119.135984627368,1150.9268302915448,1087.120251727985,577151710000,62.738850573777064,34.937146177965815,39.216367566412885,-4.27922138844707,1066.4550872802736,957.0469616699219,1053.542995146543,1126.8005280971265,1066.4550872802736,1006.1096464634207,11.31701494729587,1.2803655487717223,3.8610498905181885,63.52000045776367,2582.300048828125,13127.4697265625,0.01627969877627855,0.02336073417220219,-0.002140796523101951,-0.026069757815931793,,,,0
2017-11-19,1062.389404296875,1096.3752031106053,1107.0470820187907,1056.2374592737742,513165350000,55.728741312571046,31.560826576043155,37.68525936833894,-6.124432792295785,1069.354623413086,963.6166479492188,1054.3855103037176,1122.2594121358582,1069.354623413086,1016.449834690314,9.894713608459378,1.104796950099833,3.8631598949432373,62.720001220703125,2578.85009765625,12993.73046875,0.0005464846310923033,-0.01259444633651241,-0.0013359993442437768,-0.010187740714563409,,,,0
2017-11-26,1045.3885498046875,1063.9874173349185,1069.46327621038,1030.1595439174914,466340570000,51.81704598918393,27.199700870589595,35.58814766878908,-8.388446798199482,1071.582116699219,969.3790393066406,1053.5286569228576,1115.2930292149415,1071.582116699219,1027.8712041834963,8.158201193272017,0.9943904115958856,3.921299934387207,63.86000061035156,2602.419921875,13059.83984375,0.015049866178221905,0.018176010323037728,0.009139664317895368,0.005087790235374978,,,,0
2017-12-03,1035.58447265625,1047.8684067184952,1061.801355826242,1014.9015954681612,461643950000,49.652591970057685,22.69080476620661,33.00867908827259,-10.317874322065975,1070.7737731933594,974.57287109375,1051.8196869927046,1116.5766937948508,1070.7737731933594,1024.970852591868,8.555106923266116,0.9799312200262078,3.916440010070801,63.4900016784668,2642.219970703125,12861.490234375,-0.0012393656179645607,-0.005793907427943057,0.015293476849596921,-0.015187752051180281,,,,0
2017-12-10,1079.207275390625,1033.500465707475,1081.8162703096932,1033.500465707475,430099360000,58.04925814269492,22.37949088812229,30.88284144824253,-8.50335056012024,1071.3130187988284,980.7626586914064,1054.4280287448876,1117.2531168866235,1071.3130187988284,1025.3729207110332,8.576409934662019,0.9118109248583947,3.8650500774383545,63.400001525878906,2651.5,13153.7001953125,-0.01312159320717321,-0.001417548436109306,0.003512209202780836,0.022719759189064215,,,,1
2017-12-17,1093.296142578125,1087.879291802791,1100.5010600190174,1078.5112464627825,455572530000,60.34926036779481,23.004445307564765,29.30716222010698,-6.302716912542216,1072.1282653808596,987.0009240722657,1058.1297538718627,1119.060609146493,1072.1282653808596,1025.195921615226,8.75498674572513,0.9646357931991744,3.884200096130371,63.22999954223633,2675.81005859375,13103.5595703125,0.004954662503288576,-0.002681419235821103,0.009168417346313351,-0.0038119026779908083,,,,1
2017-12-24,1110.9891357421875,1098.1172106507227,1121.561101469841,1096.2771434482504,490055140000,63.08632946032781,24.64332990218054,28.374395756521693,-3.7310658543411535,1073.405358886719,993.7994689941406,1063.1639807166555,1123.1684087067915,1073.405358886719,1023.6423090666462,9.27199578576435,1.0322121068252013,3.8176000118255615,65.25,2683.340087890625,13072.7900390625,-0.01714640921078181,0.031946868138348794,0.0028141120378448736,-0.002348181124746551,,,,1
2017-12-31,1153.3238525390625,1121.300042211474,1158.3958471818887,1114.4530404662996,320520860000,68.66078672174477,29.02364903102125,28.504246411421605,0.5194026195996457,1077.590283203125,1000.5611730957031,1071.7506351759323,1138.7804454799864,1077.590283203125,1016.4001209262634,11.356851157746972,0.6889758772935966,3.776859998703003,66.5999984741211,2673.610107421875,12917.6396484375,-0.010671629556884055,0.020689631787296436,-0.0036260705501548474,-0.011868192647583209,,,,1
2018-01-07,1166.372802734375,1157.3388399224673,1183.9448230688722,1151.5168636136214,576471470000,70.15676358175307,33.165711053174846,29.436539339772253,3.729171713402593,1082.3080078125001,1007.2752770996094,1080.7622701814983,1155.1326294335927,1082.3080078125001,1009.4833861914076,13.457282233045945,1.2524590828687905,3.750269889831543,67.62000274658203,2743.14990234375,13319.6396484375,-0.0070402686042350116,0.01531537981727249,0.02600969929341379,0.031120236431786852,,,,1
2018-01-14,1146.43994140625,1175.136653991959,1177.8307313678106,1128.8380498249082,595766540000,65.04872324731012,34.44287371611517,30.43780621504084,4.005067501074333,1084.7527465820315,1013.4386853027344,1087.0172864886174,1162.8248726896165,1084.7527465820315,1006.6806204744464,14.394455575905946,1.2789616638648327,3.773550033569336,69.87000274658203,2786.239990234375,13245.0302734375,0.0062075915658534875,0.033274177885385114,0.015708251252988026,-0.00560145596797379,,,,0
2018-01-21,1151.46484375,1142.8569422259359,1177.5827155696115,1111.0680477150975,729455150000,65.72619280496505,35.45183526332062,31.440612024696797,4.0112232386238205,1087.3210327148438,1018.79017578125,1093.1551490849395,1170.7167804049336,1087.3210327148438,1003.9252850247541,15.339673413999115,1.4809142436327956,3.7654800415039062,68.61000061035156,2810.300048828125,13434.4501953125,-0.0021385676600652603,-0.018033520634033517,0.008635314502009495,0.01430120716710448,,,,1
2018-01-28,1207.0126953125,1156.385826956285,1207.0126953125,1152.8818172435017,641067190000,72.15220898518932,40.26949032935545,33.20638768562853,7.063102643726921,1093.4461059570312,1025.4358630371096,1103.9987249161356,1192.497830502218,1093.4461059570312,994.3943814118445,18.117349178081785,1.276041152066643,3.7596800327301025,70.5199966430664,2872.8701171875,13340.169921875,-0.0015403105871959477,0.027838449434828716,0.02226455085657708,-0.007017799170553007,,,,1
2018-02-04,1181.187744140625,1213.4054910290802,1215.3084349427475,1177.9207935860263,554017100000,65.96037234060215,41.52498477103518,34.87010710270986,6.6548776683253195,1098.6349304199218,1031.2936315917968,1111.3500600803727,1204.769314232013,1098.6349304199218,992.5005466078308,19.321137690665676,1.096608266718854,3.7337000370025635,68.58000183105469,2762.1298828125,12785.16015625,-0.006910161370480616,-0.027509854003977208,-0.03854689904443476,-0.041604400009545905,,,,0
2018-02-11,1135.89697265625,1177.2396996413802,1181.2057429644196,1125.0320396348127,534871090000,56.76069755271457,38.422476026919185,35.580580887551726,2.841895139367459,1103.3686035156252,1036.3599645996094,1113.6878612780752,1207.1402614876383,1103.3686035156252,999.5969455436119,18.809971144977148,1.0468024782619956,3.822619915008545,62.790000915527344,2619.550048828125,12107.48046875,0.023815485208974252,-0.08442695772728148,-0.05161952552325133,-0.05300517781693315,,,,0
2018-02-18,1165.103759765625,1145.9249389036088,1175.1697460183514,1132.4820665351654,440078570000,60.579043585646374,37.883758734391904,36.04121645691976,1.8425422774721412,1110.17021484375,1041.7177148437502,1118.5846135149845,1211.2346364753857,1110.17021484375,1009.1057932121142,18.207013713813243,0.8609722612697721,3.7646000385284424,64.83999633789062,2732.219970703125,12451.9599609375,-0.015178039608987115,0.032648437529427365,0.04301117358891604,0.02845179003811893,,,,1
2018-02-25,1175.208740234375,1170.7407819069304,1178.5357489769667,1132.6740809605976,454247400000,61.834786334190724,37.8360583433448,36.40018483420477,1.4358735091400305,1116.862176513672,1047.2997045898437,1123.9773874882599,1216.4586334486744,1116.862176513672,1017.2657195786696,17.835048769561975,0.8864693658378671,3.782399892807007,67.30999755859375,2747.300048828125,12483.7900390625,0.004728219225520247,0.03809379025611892,0.00551934993766956,0.0025562303625175087,,,,1
2018-03-04,1168.5858154296875,1182.9407003956476,1192.4466395581117,1162.645783598365,464676220000,60.47506811278681,36.83918160419216,36.487984188202255,0.3511974159899083,1122.1789001464845,1052.5732373046874,1128.2258091969672,1220.8490558953858,1122.1789001464845,1023.5087443975832,17.585459098548608,0.906754123320247,3.8076999187469482,64.37000274658203,2691.25,11913.7099609375,0.006688881836120597,-0.043678426959567695,-0.020401866498722443,-0.04566562529017126,,,,0
2018-03-11,1169.1387939453125,1170.3237258484119,1177.1957468892795,1159.2908201145242,401557390000,60.5530641332659,35.682445332835414,36.32687641712889,-0.6444310842934726,1126.3917785644533,1057.8795690917966,1132.1222839349048,1225.5505523359473,1126.3917785644533,1027.2330047929593,17.60644487264784,0.7853204819874182,3.823499917984009,65.48999786376953,2786.570068359375,12346.6796875,0.004149486454872786,0.017399333065073908,0.03541851123432416,0.036342140943678825,,,,1
2018-03-18,1172.15673828125,1177.0338506686203,1189.77568348498,1168.287740275674,484922400000,61.00533041384527,34.61028061902266,35.98355725750764,-1.373276638484981,1131.0579040527343,1063.5333178710937,1135.9350891107472,1229.5747504936514,1131.0579040527343,1032.5410576118172,17.420301133640965,0.9414668035146829,3.8935399055480957,66.20999908447266,2752.010009765625,12389.580078125,0.018318291896555428,0.010994063890501948,-0.012402364823396517,0.00347465000395486,,,,1
2018-03-25,1166.021728515625,1171.7457584195433,1185.8906684256708,1150.822826031747,573931310000,59.511603171212045,32.88644388907369,35.36413458382085,-2.47769069474716,1133.7128845214843,1069.1543859863282,1138.800483339783,1233.0305956743455,1133.7128845214843,1034.395173368623,17.52078723084832,1.129162414462965,3.9738800525665283,70.44999694824219,2588.260009765625,11886.3095703125,0.020634216925310644,0.06403863347528538,-0.059501963807880864,-0.0406204653135156,,,,0
2018-04-01,1149.2958984375,1171.2527698850029,1177.8718646546686,1134.2559347575282,656315180000,55.52031963071078,29.82683101591192,34.25667387023907,-4.429842854327148,1136.7032653808594,1074.1276586914064,1139.8000466824228,1233.9952340444315,1136.7032653808594,1039.4112967172873,17.118270286832306,1.281268148367502,3.9449000358581543,70.2699966430664,2640.8701171875,12096.73046875,-0.007292624921997115,-0.002555007991100755,0.020326438311210948,0.017702794731432103,,,,0
2018-04-08,1147.368896484375,1152.1598708031618,1153.8988752003931,1132.81290335938,487686040000,55.062132259847495,26.936070563289377,32.79255320884913,-5.856482645559751,1140.9522399902346,1078.5903540039062,1140.520889520704,1231.7873526928538,1140.9522399902346,1050.1171272876154,15.922684494382805,0.9544416088347445,4.03941011428833,67.11000061035156,2604.469970703125,12241.26953125,0.023957534429542626,-0.04496934941901187,-0.013783391408563772,0.011948605689231062,,,,0
2018-04-15,1096.0341796875,1154.2498800342396,1154.6439209200737,1066.2353675563995,585917330000,44.52134336139755,20.26918886232943,30.28788033954519,-10.01869147721576,1143.484521484375,1081.580078125,1136.28406001278,1225.49774036977,1143.484521484375,1061.4713025989797,14.344438834892589,1.133426001467692,4.114019870758057,72.58000183105469,2656.300048828125,12442.400390625,0.01847045839832262,0.08150798943457893,0.019900432221534592,0.016430555577715555,,,,0
2018-04-22,1109.319091796875,1098.6031931813359,1124.060043421737,1074.385258411346,593910890000,47.33133236914797,15.874625659620733,27.405229403560302,-11.530603743939569,1147.171252441406,1084.9808801269533,1133.7159678017413,1213.9817695576455,1147.171252441406,1080.3607353251666,11.64787157524276,1.134376844629768,4.045820236206055,74.05999755859375,2670.139892578125,12540.5,-0.016577371207357694,0.020391232987070795,0.0052101959475947535,0.007884299355043645,,,,1
2018-04-29,1076.13720703125,1106.2980652618037,1108.5070378764622,1062.7743315095177,379748870000,41.65609203944001,9.603696437908638,23.84492281042997,-14.241226372521332,1147.0177490234375,1087.5044458007812,1128.2322762997896,1214.4965205034537,1147.0177490234375,1079.5389775434214,11.76595070781896,0.7288294236178959,4.0658698081970215,74.63999938964844,2669.909912109375,12580.8701171875,0.004955626009169434,0.00783151296482032,-8.613049428207731e-05,0.0032191792342808334,,,,0
2018-05-06,1025.9864501953125,1079.3962917192193,1081.7023098454931,1015.4805860338869,417796700000,34.85391122469188,0.5805012438097492,19.192038497105926,-18.611537253296177,1143.652264404297,1088.994815673828,1118.4945785755538,1227.210767596495,1143.652264404297,1060.093761212099,14.61257163438955,0.8047696876391419,4.223189830780029,74.87000274658203,2663.419921875,12819.599609375,0.03869283326924089,0.0030815026636441534,-0.0024307899697063595,0.018975594689699227,,,,0
2018-05-13,1018.5195922851562,1025.7464910277129,1028.7685610612439,978.4867895296353,512532890000,33.964625028377924,-7.091215863987372,13.935387624887268,-21.026603488874642,1139.0287872314454,1089.8586511230467,1108.9731513098016,1238.8479777173532,1139.0287872314454,1039.2095967455377,17.527070712326942,0.9851200874518306,4.238140106201172,77.12000274658203,2727.719970703125,13001.240234375,0.0035400434316685825,0.030052089187384334,0.02414191179544045,0.014168978012945477,,,,0
2018-05-20,1024.0975341796875,1017.376612614769,1037.624490855619,1006.5426214295537,453301690000,35.2928243580806,-12.576044833051355,8.633101133299544,-21.2091459663509,1132.5674713134765,1090.567126464844,1100.8897592021717,1244.4868579197641,1132.5674713134765,1020.6480847071888,19.763835610869346,0.8602960996804541,4.461299896240234,78.51000213623047,2712.969970703125,13077.7197265625,0.05265512334350131,0.018023850364943694,-0.0054074465701836605,0.005882476656749347,,,,1
2018-05-27,1031.9954833984375,1021.6595507434164,1037.6924813795395,1008.8826426338887,505121810000,37.21832875806784,-16.099922921471034,3.6864963223454286,-19.78641924381646,1125.8486053466797,1091.4185607910158,1094.328399601816,1245.1159470981258,1125.8486053466797,1006.5812635952336,21.187101211484897,0.9651773875493266,4.756100177764893,76.44000244140625,2721.330078125,12938.009765625,0.0660794585392257,-0.026366063412307073,0.00308153334248229,-0.010683052080840305,,,,1
2018-06-03,991.7067260742188,1044.805527677224,1065.2474365234375,979.9008193236464,545543600000,31.98898957051333,-21.891239125766333,-1.4290507672769235,-20.46218835848941,1118.111944580078,1091.6142785644531,1084.554906884902,1251.0466270751783,1118.111944580078,985.1772620849777,23.7784209603495,1.047440478844525,4.527910232543945,77.58999633789062,2734.6201171875,12724.26953125,-0.047978372341220155,0.015044399002549502,0.0048836556687223975,-0.01652033336246861,,,,0
2018-06-10,958.751953125,992.6387321380269,1005.0977116560379,951.2599689138436,501088080000,28.465825544880612,-28.80799309230838,-6.904839232283215,-21.903153860025164,1108.476300048828,1090.8616833496094,1072.5736731934828,1258.119046320508,1108.476300048828,958.8335537771483,26.999719572730267,0.983650890637714,4.480299949645996,76.45999908447266,2779.030029296875,12766.5498046875,-0.010514846905699371,-0.014563697728467884,0.016239883496158125,0.003322805551521979,,,,0
2018-06-17,945.4030151367188,959.2179347098777,971.8598354298944,927.5040620406852,333406690000,27.160888992671502,-34.96367865385173,-12.51660711659692,-22.44707153725481,1095.3958160400389,1089.6817700195313,1060.4621819499814,1254.22575720725,1095.3958160400389,936.565874872828,28.999552278991985,0.6748664773154962,4.739590167999268,73.44000244140625,2779.659912109375,13010.5498046875,0.05787340608160818,-0.039497733183725625,0.00022665563374979492,0.019112446489685908,,,,0
2018-06-24,958.5159301757812,942.3540015725729,961.8628973497779,922.8810952991732,399985580000,30.52988758532685,-38.342018237085995,-17.681689340694735,-20.66032889639126,1084.262225341797,1088.8353149414063,1050.7530151143433,1248.8828257623304,1084.262225341797,919.6416249212634,30.365458940274227,0.8224537787008176,4.735099792480469,75.55000305175781,2754.8798828125,12579.7197265625,-0.0009474185234658039,0.02873094417494082,-0.00891477018066944,-0.03311390253237245,,,,1
2018-07-01,965.1958618164062,992.5526991455042,993.9356873880796,933.6500586358055,587094130000,32.249019611976316,-40.01904737242387,-22.149160947040563,-17.869886425383307,1075.7271697998046,1087.1042053222657,1042.604714800254,1246.6555532173334,1075.7271697998046,904.7987863822759,31.779132890979948,1.2007411164437478,4.5904998779296875,79.44000244140625,2718.3701171875,12306.0,-0.030537881119298005,0.051489069920797714,-0.01325276134643183,-0.02175880961676213,,,,1
2018-07-08,987.333740234375,960.9388787514886,998.0587198375963,956.5439435393998,505714620000,37.74719765203694,-39.11091696508788,-25.54151215065003,-13.569404814437853,1066.8386688232422,1085.482432861328,1037.3408124606465,1236.6828994944692,1066.8386688232422,896.9944381520152,31.840658880235516,1.0274055170235674,4.604269981384277,77.11000061035156,2759.820068359375,12496.169921875,0.002999695854648543,-0.0293303343334268,0.015248089621717975,0.015453430999106121,,,,1
2018-07-15,898.9722290039062,995.9557313562511,1008.0726716695281,881.6843396746397,744016500000,27.985120819989287,-45.00249184991799,-29.43370809050362,-15.568783759414366,1053.0268432617188,1081.9220532226561,1024.162852131433,1230.520081989316,1053.0268432617188,875.5336045341217,33.711056819371706,1.4683181969793433,4.867599964141846,75.33000183105469,2801.31005859375,12540.73046875,0.057192559042421376,-0.0230838900947683,0.015033585236243097,0.0035659363751925355,,,,0
2018-07-22,940.8179931640625,906.8302113917433,941.6889602104543,891.6512758001485,600903770000,36.37675210423624,-45.7674255520385,-32.7004515828106,-13.066973969227902,1041.6384521484376,1079.0294677734373,1016.2252465154929,1217.1295390237942,1041.6384521484376,866.1473652730809,33.69520134618618,1.1701553673924165,4.801030158996582,73.06999969482422,2801.830078125,12561.419921875,-0.01367610437087341,-0.030001355121417106,0.00018563440689289834,0.0016497805432111878,,,,1
2018-07-29,955.8429565429688,941.7299795888399,966.8028801516738,917.2221287207706,689322810000,39.1198812241618,-44.64659390322254,-35.089680046892994,-9.556913856329544,1030.9736602783205,1076.753819580078,1010.4745522323954,1199.6315835652954,1030.9736602783205,862.3157369913456,32.71818277907201,1.305750667049486,4.869939804077148,74.29000091552734,2818.820068359375,12860.400390625,0.014353095647907432,0.016696335374277282,0.006063890300494146,0.023801486663887594,,,,1
2018-08-05,956.0999145507812,953.3989083232223,974.0908708523127,941.5280357821374,561621790000,39.16818650332767,-43.23915828141048,-36.71957569379649,-6.519582587613989,1020.1708190917971,1074.4354516601563,1005.2960153103369,1178.0885127748795,1020.1708190917971,862.2531254087146,30.95906895742579,1.0561803245399615,5.091599941253662,73.20999908447266,2840.35009765625,12615.759765625,0.0455159911814389,-0.014537647297685696,0.007637958001840861,-0.01902278448331507,,,,1
2018-08-12,949.3909301757812,952.8999650773956,987.4338166919724,885.9762905268149,823097330000,38.31341646078722,-42.17890225114286,-37.81144100526577,-4.367461245877088,1009.3392791748048,1071.4723669433595,999.9717214879983,1154.3230170302963,1009.3392791748048,864.3555413193133,28.728444606658808,1.5124729487933266,5.552000045776367,72.80999755859375,2833.280029296875,12424.349609375,0.09042346410455515,-0.005463755373324997,-0.002489153842411551,-0.015172305101397665,,,,0
2018-08-19,887.3433227539062,938.6900002733491,952.9859844709051,846.5404993103648,870007420000,31.472684685805373,-45.81721276534313,-39.41259535728124,-6.404617408061888,996.2416503906252,1067.2172509765626,989.2452073228467,1135.193024440653,996.2416503906252,857.2902763405974,27.895114402323003,1.567889070927267,5.85099983215332,71.83000183105469,2850.1298828125,12210.5498046875,0.053854427937985117,-0.013459631374804104,0.005947119007437607,-0.01720812850647524,,,,0
2018-08-26,901.855224609375,889.8402733858461,904.7602385711695,889.3812914337348,37728390000,34.42182206605717,-46.98796287471805,-40.927668860768605,-6.060294013949445,983.9659667968753,1063.5641308593752,980.9223518263256,1109.4260089745871,983.9659667968753,858.5059246191632,25.50089056151497,0.07086567037222065,6.093800067901611,75.81999969482422,2874.68994140625,12394.51953125,0.0414972214516256,0.05554779008852129,0.00861717170921139,0.015066457244363951,,,,1
2018-09-02,927.2290649414062,909.2082100764786,942.7920002760237,899.9872504826424,409706220000,39.337654154928074,-45.345617858428454,-41.81125866030058,-3.5343591981278735,975.5257110595705,1060.560487060547,975.8087054563332,1091.6028983770439,975.5257110595705,859.4485237420971,23.797873495593624,0.7825055814653114,6.734099864959717,77.41999816894531,2901.52001953125,12364.0595703125,0.10507397517532802,0.021102591408086235,0.009333207640429997,-0.002457534627356983,,,,1
2018-09-09,932.737060546875,922.9081065804601,946.5559297762555,922.0511165185882,445502280000,40.38238486071936,-43.10273686735593,-42.06955430171165,-1.0331825656442817,966.6966094970704,1058.3907580566408,971.7066440363849,1065.5023497089226,966.6966094970704,867.8908692852184,20.441933744498463,0.8631054388124888,6.583700180053711,76.83000183105469,2871.679931640625,11959.6298828125,-0.02233404432990327,-0.00762072270530334,-0.010284295021147472,-0.03271010505894689,,,,1
2018-09-16,947.5910034179688,935.3239989896306,962.983927488395,912.057177147597,585209150000,43.222240458114406,-39.66936472944997,-41.589516387259316,1.920151657809349,960.2692993164064,1056.7611474609375,969.4099163584405,1044.7912384069227,960.2692993164064,875.7473602258901,17.603799090668737,1.1116454441777337,6.128699779510498,78.08999633789062,2904.97998046875,12124.330078125,-0.06911013383047171,0.01639977192251796,0.011596016833637979,0.013771345512054278,,,,1
2018-09-23,979.8768310546875,944.7689750533854,979.8768310546875,937.8960256728184,759298690000,48.91791460376934,-33.951820653466825,-40.06197724050082,6.110156587033998,957.9638183593751,1055.5312939453124,970.4067653771306,1037.2941841172371,957.9638183593751,878.6334526015131,16.562288520191615,1.3970275610591516,6.221399784088135,78.80000305175781,2929.669921875,12430.8798828125,0.01512555809758398,0.00909215965121879,0.008499177816112091,0.025283855084132334,,,,1
2018-09-30,999.5636596679688,982.8367373036061,1006.3716861539955,977.8147914355686,847560190000,52.074939955656795,-27.514888731298583,-37.552559538660375,10.037670807361792,957.0160217285157,1054.277540283203,973.1836124524485,1033.7092405265876,957.0160217285157,880.3228029304439,16.02757259163797,1.5127938186483074,6.00570011138916,82.72000122070312,2913.97998046875,12246.73046875,-0.03467060150203638,0.04974616773010232,-0.005355532133192842,-0.014813868028530575,,,,1
2018-10-07,948.8300170898438,1000.746683208264,1006.4646092919872,931.6871021440936,662433450000,44.45075294644381,-26.20527664772601,-35.28310296047351,9.077826312747497,953.2526458740236,1051.5565161132813,970.8642224179147,1023.1738165230317,953.2526458740236,883.3314752250155,14.670018688466035,1.1607016160560872,6.185500144958496,84.16000366210938,2885.570068359375,12111.900390625,0.029938230386889364,0.01740815304830834,-0.009749522062538318,-0.01100947542440378,,,,0
2018-10-14,966.56884765625,941.3169988498013,971.683876414962,933.8870752087853,738854530000,47.353111701080685,-23.46552825617971,-32.91958801961475,9.45405976343504,949.9813140869142,1049.311208496094,970.4551391072799,1009.7800335480997,949.9813140869142,890.1825946257286,12.589451723829285,1.268627215085558,5.917479991912842,80.43000030517578,2767.1298828125,11523.8095703125,-0.043330393139527246,-0.04432038016430029,-0.0410456799665293,-0.048554793331003765,,,,1
2018-10-21,964.5408935546875,973.4647900284784,995.5337225933368,963.3488832891765,719007280000,47.0504520433401,-21.213362427529432,-30.578342901197686,9.364980473668254,948.6230224609377,1046.343583984375,969.8918776260807,1005.5986123581314,948.6230224609377,891.647432563744,12.01227221945055,1.2164339510248516,5.6356000900268555,79.77999877929688,2767.780029296875,11553.830078125,-0.047635125470845585,-0.008081580547216305,0.00023495336753542873,0.002605085378175609,,,,0
2018-10-28,905.41015625,972.1528811839588,974.0578393759992,905.41015625,528401850000,39.18587428478505,-23.92407921368988,-29.247490163696128,5.323410950006249,945.9559326171876,1042.6620214843751,963.7507613045492,1005.8541339164397,945.9559326171876,886.0577313179356,12.664057433104936,0.891902317994949,5.6356000900268555,77.62000274658203,2658.68994140625,11200.6201171875,0.0,-0.027074405437010007,-0.03941429114160422,-0.030570811458118685,,,,0
2018-11-04,941.2249755859375,908.8321676051854,945.7009649688429,885.6392971255461,510244140000,45.164577038579885,-22.91819846706062,-27.98163182436903,5.0634333573084085,945.7470306396484,1040.2387329101564,961.6054483789671,1005.682482587072,945.7470306396484,885.8115786922249,12.674732249888573,0.8485887900314697,5.524799823760986,72.83000183105469,2723.06005859375,11518.990234375,-0.01966077516074094,-0.06171090886412356,0.024211216277988834,0.028424329533233372,,,,1
2018-11-11,928.3870849609375,945.2320087791095,962.8158968780529,921.266090166821,634363540000,43.5132261364767,-22.89304444514812,-26.96391434852485,4.070869903376728,944.2405883789063,1037.8987036132812,958.4417947201072,1004.3390391052009,944.2405883789063,884.1421376526117,12.729478369378924,1.0348433646816018,5.457039833068848,70.18000030517578,2781.010009765625,11529.16015625,-0.012264696071107806,-0.036386124663653985,0.021281187313144212,0.0008828831059037867,,,,0
2018-11-18,936.1600341796875,930.0530793383072,943.078027431021,912.9721211371857,568726210000,44.828549886742316,-21.99238315759385,-25.969608110338648,3.9772249527447983,942.7887969970704,1035.91021484375,956.3197222876862,1002.1541791842249,942.7887969970704,883.423414809916,12.593569710680148,0.9291606123432248,5.393899917602539,66.76000213623047,2736.27001953125,11341.0,-0.011570360011611047,-0.048731806128149646,-0.016087676807084006,-0.016320369714700966,,,,1
2018-11-25,930.028076171875,935.6770550179139,946.021970973366,915.4531324877659,555961030000,43.95892692596498,-21.52527044394992,-25.080740577060904,3.5554701331109833,939.9235137939454,1032.926630859375,953.8157559909423,995.657029991651,939.9235137939454,884.1899975962398,11.85915989541332,0.9045924862127249,5.298500061035156,58.79999923706055,2632.56005859375,11192.6904296875,-0.017686619704613604,-0.11923311330827613,-0.03790194688288351,-0.013077292153469755,,,,0
2018-12-02,954.1549072265625,935.2119985716581,955.4408956548734,930.4250738864461,659039220000,48.21551626275737,-18.98934922583271,-23.862462306815267,4.873113080982556,942.6826477050781,1030.1438061523438,953.8480561086203,995.2540755385702,942.6826477050781,890.1112198715861,11.153579194753407,1.0797735696219326,5.170199871063232,58.709999084472656,2760.169921875,11257.240234375,-0.02421443587694483,-0.0015306148597901137,0.04847367598117258,0.005767139285500766,,,,1
2018-12-09,936.9900512695312,963.6648427166227,968.2928087536828,923.7480709479696,599900440000,45.56395717919434,-18.15538978113557,-22.721047801679326,4.565658020543758,942.4912506103516,1026.6638244628907,952.2425318382309,995.1191048058561,942.4912506103516,889.8633964148471,11.167818090920845,0.9829610520050115,5.3379998207092285,61.66999816894531,2633.080078125,10788.08984375,0.03245521523938466,0.05041729059156985,-0.04604421008387305,-0.041675435618083956,,,,0
2018-12-16,905.2811889648438,932.4540476346486,934.5320395627145,893.3702416636473,499335130000,41.07060211807211,-19.824585616221157,-22.14175536458769,2.3171697483665348,939.9631622314453,1021.7029711914063,947.7700229931464,994.7056761558568,939.9631622314453,885.2206483070337,11.647799855146332,0.831117179554057,5.341670036315918,60.279998779296875,2599.949951171875,10865.76953125,0.0006875638310159804,-0.02253931297096079,-0.012582270941306373,0.007200504317731671,,,,0
2018-12-23,918.6030883789062,905.9511993751776,925.8301375350029,895.6652409241261,515046300000,43.587662153430614,-19.843723304511286,-21.682148952572412,1.8384256480611256,938.0883209228516,1016.7475769042968,944.9922196965521,993.071736273211,938.0883209228516,883.1049055724923,11.722438948236555,0.8606034042515429,5.264200210571289,53.81999969482422,2416.6201171875,10633.8203125,-0.014502922347869096,-0.1071665430539348,-0.07051283194960845,-0.02134678248815358,,,,1
2018-12-30,904.3482055664062,921.3840615890937,924.3520633333234,901.0691703150957,246590900000,41.542910019893306,-20.769719571781366,-21.4996630764142,0.7299435046328355,935.836184692383,1011.9057421875,941.1213612079667,992.5335157042582,935.836184692383,879.1388536805077,12.116934980562247,0.4328845963721268,5.293379783630371,52.20000076293945,2485.739990234375,10558.9599609375,0.005543021141271476,-0.030100314772773196,0.028601877703194,-0.007039836047869064,,,,0
2019-01-06,888.3032836914062,906.7461862400702,913.3791468037375,873.9853515625,316739660000,39.307724203123946,-22.538460049593596,-21.707422471050084,-0.831037578543512,935.884182739258,1006.6425109863281,936.0910681111515,992.4100274583218,935.884182739258,879.3583380201942,12.07966664285685,0.5844094613915806,5.4721999168396,57.060001373291016,2531.93994140625,10767.6904296875,0.033781844590525134,0.09310345860764868,0.018585995057157634,0.019768089804506506,,,,0
2019-01-13,916.8651123046875,894.4422875436735,920.2800721454863,892.8032581324914,486388730000,44.98252307118272,-21.38894036306408,-21.643726049452887,0.25478568638880716,936.6346771240237,1000.8395593261719,934.260024701012,991.6362140175289,936.6346771240237,881.6331402305185,11.744501508825135,0.8617565883167616,5.42441987991333,60.47999954223633,2596.260009765625,10887.4599609375,-0.008731412896527457,0.05993687498483258,0.025403473165975354,0.011123047419694165,,,,1
2019-01-20,984.5437622070312,908.2492106658509,986.616749201927,903.8791776936087,696255910000,55.58085676524829,-14.845704259037007,-20.284121691369712,5.438417432332706,939.5004119873049,996.9066796875,939.0489520825377,998.2812165965158,939.5004119873049,880.719607378094,12.513204647749575,1.2030486630660473,5.352700233459473,62.70000076293945,2670.7099609375,11205.5400390625,-0.013221625176811247,0.03670636966775742,0.02867584559783598,0.02921526960982823,,,,1
2019-01-27,1018.0086059570312,986.2698008187266,1023.193576159313,976.3438279991782,740960880000,59.713416643146836,-6.880495225864365,-17.603396398268643,10.722901172404278,943.7639892578127,994.5489123535157,946.5689191182038,1012.0765079221395,943.7639892578127,875.4514705934859,14.47661055981774,1.2484264163174348,5.268899917602539,61.63999938964844,2664.760009765625,11281.7900390625,-0.015655708745485497,-0.016905922813282626,-0.002227853738856145,0.006804669809236552,,,,1
2019-02-03,1029.365478515625,1018.2226279865212,1059.296410826789,1010.765662360605,753018270000,61.038193393938926,0.344424707658618,-14.013832177083192,14.35825688474181,947.8527130126954,991.8341467285157,954.4543057274819,1026.1839485202331,947.8527130126954,869.5214775051578,16.528145023411142,1.2510556013561032,5.180200099945068,61.869998931884766,2706.530029296875,11180.66015625,-0.016834599070887468,0.003731335894123111,0.01567496486669495,-0.008963992634355322,,,,1
2019-02-10,1024.511474609375,1030.7795583034494,1038.5154276649946,1016.1995755351572,643541440000,60.12810034688595,5.613835458408403,-10.088298649984873,15.702134108393276,950.0844451904297,988.8202014160156,961.126417049567,1034.5597616594353,950.0844451904297,865.6091287214241,17.782696453276593,1.0795529556285923,5.271190166473389,62.099998474121094,2707.8798828125,10906.7802734375,0.01756497138581281,0.00371746478433832,0.0004987395303261977,-0.02449585972429369,,,,0
2019-02-17,1027.14453125,1032.8705416533726,1049.7684903707063,1007.4906129721029,701082110000,60.47239430187061,9.888360246328716,-6.0929668707221545,15.98132711705087,951.4634887695314,985.9913757324218,967.4138564972272,1040.1360439064138,951.4634887695314,862.7909336326491,18.63919239855584,1.1907075376449943,5.275899887084961,66.25,2775.60009765625,11299.7998046875,0.0008934833430080946,0.06682772347584409,0.025008574151898166,0.036034422753263406,,,,1
2019-02-24,1031.8515625,1028.6625375559456,1034.6755220757464,1007.1256646739752,564353550000,61.118753909192286,13.500148709840914,-2.174343754609541,15.674492464450456,955.6145660400391,983.2456311035157,973.5507808784437,1051.2664381583832,955.6145660400391,859.9626939216951,20.018923008826622,0.9665399520522473,5.31879997253418,67.12000274658203,2792.669921875,11457.7001953125,0.008131330458759356,0.013132116929540194,0.006149958069667116,0.013973733460259874,,,,1
2019-03-03,1032.6605224609375,1038.7445307978894,1052.6884170427074,1029.5615399223168,726746040000,61.23607230161975,16.240582076031046,1.5086414115185764,14.73194066451247,958.9191497802735,980.4557067871093,979.1802800767764,1060.544634234294,958.9191497802735,857.293665326253,21.195840019944754,1.2459533095436017,5.341780185699463,65.06999969482422,2803.68994140625,11601.6796875,0.00432056352635013,-0.030542356493902356,0.003946051570552722,0.012566177307240523,,,,1
2019-03-10,1015.3776245117188,1035.6355312188216,1048.6604473961954,1008.7306870161061,737747750000,57.260879779822126,16.823874682356063,4.571688065686073,12.25218661666999,961.4609863281252,977.4428247070311,982.6276462134376,1066.1746283139155,961.4609863281252,856.7473443423347,21.782192616197108,1.2627863282589822,5.459799766540527,65.73999786376953,2743.070068359375,11457.83984375,0.02209367977308685,0.010296575566122401,-0.02162146111508667,-0.012398191264061276,,,,0
2019-03-17,1033.0355224609375,1018.8645688163407,1033.7984578571552,1006.5116682972116,603209660000,60.11006870915458,18.49775249029915,7.356900950608689,11.140851539690459,967.842254638672,975.1176171875,987.4283963322471,1073.7223301464849,967.842254638672,861.9621791308592,21.879614162401165,1.0259321186641812,5.470300197601318,67.16000366210938,2822.47998046875,11685.6904296875,0.0019232264020268008,0.02160033228602276,0.028949283150054628,0.019885998499253654,,,,1
2019-03-24,998.3477172851562,1037.8455015037725,1059.2853432267987,996.5186864861471,801928140000,52.68043317483575,16.831276257539344,9.25177601199482,7.579500245544523,970.6983917236328,972.1371936035156,988.4683316610955,1076.6370608492007,970.6983917236328,864.7597225980649,21.827309085669047,1.3308978033472758,5.464280128479004,67.02999877929688,2800.7099609375,11364.169921875,-0.0011005006864073241,-0.00193574859624146,-0.007713081999481397,-0.02751403605521474,,,,0
2019-03-31,937.8369750976562,1000.2697383132628,1003.811711782583,905.234201623062,816316860000,42.753180880400535,10.50675531654474,9.502771872904805,1.0039834436399353,971.1708862304687,968.9732495117187,983.6462977026727,1076.3968772942917,971.1708862304687,865.9448951666457,21.66992288499304,1.334626532429292,5.571700096130371,68.38999938964844,2834.39990234375,11526.0400390625,0.019658576267258088,0.02028943212172063,0.012029071869681385,0.014243901516811652,,,,0
2019-04-07,987.8287353515625,939.0789897518753,992.1357193014886,918.6401336150441,667956480000,50.97305532060686,9.419857900788884,9.486189078481623,-0.06633117769273866,973.7543212890625,966.5434423828126,984.044625097805,1077.892549387922,973.7543212890625,869.6160931902033,21.38901483096895,1.0832793732885393,5.605400085449219,70.33999633789062,2892.739990234375,12009.75,0.006048421260550718,0.028512896119974762,0.02058287111934476,0.04196670836628846,,,,1
2019-04-14,959.762939453125,989.7837687460711,990.7637440339572,950.2799572805997,533710080000,46.90146693669617,6.222084379158332,8.833368138616965,-2.611283759458633,975.2410644531252,964.21595703125,981.7320836078355,1077.584373461138,975.2410644531252,872.8977554451125,20.9883100165399,0.8671256255718203,5.732089996337891,71.55000305175781,2907.409912109375,11999.9296875,0.02260140381728326,0.01720225727699365,0.005071289477977414,-0.0008176949978142556,,,,0
2019-04-21,968.60888671875,957.5979311658027,986.6147828908402,951.9119262695312,402994640000,48.30311582229437,4.351458930362128,7.9369862969659986,-3.5855273666038707,975.9637634277345,963.0684057617187,980.4822553326845,1077.883381029708,975.9637634277345,874.044145825761,20.88594298706669,0.6686586338674261,5.819900035858154,71.97000122070312,2905.030029296875,12222.3896484375,0.015319026668521252,0.005869995122732563,-0.0008185577144068645,0.018538438701789284,,,,1
2019-04-28,947.8259887695312,963.8929212641392,965.3668612600788,938.9120194423355,390568380000,45.27898980625665,1.1783849226169423,6.585266022096188,-5.406881099479246,976.5055603027346,961.6545336914062,977.3721347076223,1077.6652083779998,976.5055603027346,875.3459122274694,20.718703955746825,0.6594937392712306,5.958499908447266,72.1500015258789,2939.8798828125,12315.1796875,0.023814820140407145,0.0025010462987737903,0.01199638322639296,0.007591808290481339,,,,0
2019-05-05,939.4559936523438,950.3929786512526,960.4999005659896,934.752039220128,439959620000,44.082001718621164,-1.9887625278149699,4.8704603121139565,-6.859222839928926,978.2143005371095,959.9617028808593,973.7610736547387,1075.3841646618657,978.2143005371095,881.0444364123532,19.866784624065108,0.7466360830034808,5.964799880981445,70.8499984741211,2945.639892578125,12412.75,0.0010573084888778617,-0.018018059934365005,0.0019592670432897474,0.007922768077759823,,,,0
2019-05-12,885.3292846679688,930.2590308584497,930.7570750853458,883.1503411566091,563312390000,37.22813732851219,-8.765282044396372,2.143311840811891,-10.908593885208262,976.5506103515626,957.0283789062499,965.3389985131415,1079.0131211892062,976.5506103515626,874.0880995139189,20.984577706783,0.9520734043367683,6.1596999168396,70.62000274658203,2881.39990234375,12059.830078125,0.032675033487642446,-0.0032462347564209404,-0.021808500895250327,-0.028432049455197284,,,,0
2019-05-19,867.9564208984375,886.2822851926728,887.4022743678319,854.4614701291827,600964510000,35.32944128641039,-15.36050120231414,-1.3574507678133152,-14.003050434500825,974.7310211181641,954.5533728027344,956.064467311741,1083.6795668978248,974.7310211181641,865.7824753385034,22.354586736078264,0.9861775282964128,6.054800033569336,72.20999908447266,2859.530029296875,12238.9404296875,-0.017030031444143057,0.022514815577058034,-0.007590016585023784,0.014851813864888763,,,,0
2019-05-26,860.7184448242188,868.9454280551387,871.5323730698531,835.3485673834922,538131080000,34.53908061182806,-20.930035657289295,-5.271967745708511,-15.658067911580783,973.3517791748047,952.5927026367189,946.9838937415008,1087.4824054629094,973.3517791748047,859.2211528867001,23.45105412656935,0.8673136047393532,6.117300033569336,68.69000244140625,2826.06005859375,12011.0400390625,0.010322388791286885,-0.048746665111415455,-0.011704710340585178,-0.01862092490230538,,,,0
2019-06-02,905.8921508789062,865.0514629752407,905.8921508789062,853.0924807061118,524205160000,43.095437731104205,-21.45151162013201,-8.50787652059321,-12.943635099538799,972.8031311035156,951.8024853515626,943.0703944212536,1088.1758332857535,972.8031311035156,857.4304289212779,23.71964038630567,0.8423021135448949,5.912499904632568,64.48999786376953,2752.06005859375,11726.83984375,-0.033478843249947654,-0.06114433583285128,-0.02618486460504399,-0.0236615808779439,,,,1
2019-06-09,938.0859985351562,903.3511968226359,938.0859985351562,898.1952184810508,132103690000,48.283528162196156,-19.04744355439459,-10.615789927353488,-8.431653627041102,970.480242919922,951.39388671875,942.5956900511491,1086.7250912510378,970.480242919922,854.2353945888062,23.956149376388204,0.22234417933878847,5.791399955749512,63.290000915527344,2873.340087890625,12045.3798828125,-0.02048202128310772,-0.01860748934706269,0.04406881634656146,0.027163331580099204,,,,1
2019-06-16,907.8651733398438,937.6100035196757,945.8879675894784,900.2362465728033,584573880000,44.20889746981278,-19.357627637509722,-12.364157469384734,-6.993470168124988,964.9730712890627,950.2472729492187,939.2880217929295,1082.1694700884473,964.9730712890627,847.7766724896782,24.290086902182114,0.9970198816958493,5.875899791717529,62.0099983215332,2886.97998046875,12096.400390625,0.014590571643066985,-0.02022440473183984,0.004747051222933507,0.0042356910540697346,,,,0
2019-06-23,940.218017578125,904.7502159845005,959.5428732267634,903.9162360238075,667127150000,49.155677004046794,-16.799195938463413,-13.251165163200472,-3.5480307752629408,960.5156982421876,949.3049584960937,939.376592820091,1074.1265738993654,960.5156982421876,846.9048225850098,23.656224643718755,1.146214133581642,5.764200210571289,65.19999694824219,2950.4599609375,12339.919921875,-0.019009783200130137,0.05144329484042642,0.021988368779212397,0.020131570003150134,,,,1
2019-06-30,964.847900390625,960.3899080009538,966.4978550020976,945.1859905928908,545160740000,52.60123230128212,-12.638505853729498,-13.128633301306278,0.4901274475767803,957.5325195312502,950.6224719238281,941.8024316363324,1067.1304632780425,957.5325195312502,847.9345757844578,22.891743415763017,0.9446431553680703,5.7718000411987305,66.55000305175781,2941.760009765625,12398.7998046875,0.0013184536188566298,0.020705616053744658,-0.002948676235928538,0.004771496345622461,,,,1
2019-07-07,996.3427124023438,986.6237753788092,1005.0026864917949,983.7397575306528,688121310000,56.64696870113465,-6.722270716849607,-11.847360784414944,5.125090067565337,955.9924285888673,951.7329663085937,946.9967440902382,1062.287529572366,955.9924285888673,849.6973276053684,22.237644944615344,1.1937026690504742,5.595369815826416,64.2300033569336,2990.409912109375,12568.5302734375,-0.030567626063440656,-0.03486100057756403,0.0165376856651287,0.013689266011523982,,,,1
2019-07-14,970.9778442382812,981.0547798817539,998.7007203170052,962.7048961706059,636413680000,52.74243663206911,-4.0338449706512165,-10.284657621662198,6.250812651010982,952.9487426757813,952.0356640625,949.2806583900518,1053.4247197448,952.9487426757813,852.4727656067626,21.087383312326462,1.0971466212294527,5.687849998474121,66.72000122070312,3013.77001953125,12323.3203125,0.016527983974558014,0.0387668960552956,0.007811674020768988,-0.019509835724844438,,,,0
2019-07-21,1018.486572265625,978.5988248142071,1028.8134825187683,976.333822152967,487236030000,58.510802879799016,1.908311282490672,-7.846063840831625,9.754375123322298,952.2400451660156,953.2833972167969,955.871697806773,1050.5247535932756,952.2400451660156,853.9553367387556,20.642842931505747,0.8576784493445112,5.622600078582764,62.470001220703125,2976.610107421875,12260.0703125,-0.011471807433188652,-0.06369903960195422,-0.0123300423949253,-0.005132545320261084,,,,1
2019-07-28,1028.366455078125,1018.1175762996314,1041.5333960387643,1008.4626593371563,607483610000,59.61479721090837,7.330238471191706,-4.810803378426959,12.141041849618665,952.889486694336,954.8629077148438,962.7759604040447,1053.0839181500623,952.889486694336,852.6950552386098,21.029601617982006,1.0817519461280405,5.698209762573242,63.459999084472656,3025.860107421875,12419.900390625,0.013447458992946304,0.01584757234551537,0.01654566712556682,0.01303663633658303,,,,1
2019-08-04,996.7886962890625,1031.461559881832,1035.5214380163911,996.2926662166532,507391300000,54.61283161241115,8.97562814901005,-2.0535170729395578,11.029145221949607,951.0771453857424,957.051815185547,966.0152685835702,1046.3583926527133,951.0771453857424,855.7958981187714,20.036491830181937,0.9112910377417789,5.604100227355957,61.88999938964844,2932.050048828125,11872.4404296875,-0.016515631950829834,-0.024739989244789706,-0.031002774504892416,-0.044079255365907954,,,,0
2019-08-11,994.0447387695312,994.0647192706933,1001.7707007648064,977.221819418621,509687710000,54.18736505744989,9.943573557150103,0.34590105307837415,9.597672504071728,950.861996459961,958.8956054687501,968.6847419346141,1045.7122748391018,950.861996459961,856.0117180808201,19.950377390676348,0.9400867805680797,5.484600067138672,58.529998779296875,2918.64990234375,11693.7998046875,-0.021323701463074274,-0.05428987951991393,-0.004570231156091897,-0.015046664252220787,,,,0
2019-08-18,957.3369140625,985.0357864604122,985.3037904087793,957.3039552525323,219670320000,48.719254180430696,7.6603587457912,1.8087925916209393,5.851566154170261,951.8369934082033,959.4977624511719,967.6039964229841,1046.524283403209,951.8369934082033,857.1497034131976,19.895694462549276,0.4287600527173253,5.5690999031066895,58.63999938964844,2888.679931640625,11562.740234375,0.015406745238236041,0.001879388563911455,-0.010268436333887965,-0.011207611939787476,,,,0
2019-08-25,971.48486328125,965.0088465264777,974.0338610595358,943.4879705287636,540449190000,50.78080165904972,6.912829030743069,2.8295998794453654,4.0832291512977035,951.0197998046876,960.2727185058593,967.973602790438,1044.6756883216808,951.0197998046876,857.3639112876946,19.69588615005226,1.0681590378475403,5.768099784851074,59.34000015258789,2847.110107421875,11611.509765625,0.03573286261813591,0.011937257336722018,-0.014390595428528608,0.004217817771691612,,,,1
2019-09-01,967.1798706054688,956.4839634054674,974.4758728021325,952.9099446943004,464664500000,50.12053658023745,5.9049607040108185,3.444672044358456,2.4602886596523623,951.3906463623048,960.6644958496095,967.8980092490124,1045.2508175690398,951.3906463623048,857.5304751555699,19.731152826783518,0.9246853328982569,5.832699775695801,60.43000030517578,2926.4599609375,11939.2802734375,0.011199527271422705,0.018368725139619846,0.02787031429124398,0.028228069771154107,,,,0
2019-09-08,989.8697509765625,967.371910852718,1008.7606494757891,967.371910852718,834017580000,53.54869709249528,6.858046224589543,4.127346880404674,2.7306993441848695,952.4536895751955,960.8643542480469,969.9905560802076,1047.6076349076125,952.4536895751955,857.2997442427787,19.98080250491896,1.591448024055371,5.691199779510498,61.540000915527344,2978.7099609375,12191.73046875,-0.02425977705468696,0.018368370093430064,0.017854336193706688,0.021144506999651425,,,,1
2019-09-15,1030.7125244140625,998.3597207381666,1032.5794578236491,998.3597207381666,764325640000,59.009874953130485,10.784724257383914,5.458822355800523,5.325901901583391,956.5980163574219,961.4873315429687,975.7736006834319,1057.923255027209,956.5980163574219,855.2727776876349,21.184496922880527,1.40824634560149,5.660399913787842,60.220001220703125,3007.389892578125,12468.5302734375,-0.005411840546090452,-0.021449458485320982,0.009628306218709026,0.022703897973876286,,,,1
2019-09-22,1002.3616943359375,1025.5124532013815,1033.2014989442378,999.3256996770756,755629120000,54.24266098737141,11.476673886447884,6.662392661929996,4.814281224517888,959.7433013916016,962.5579650878908,978.3058000789086,1062.7199751737326,959.7433013916016,856.7666276094706,21.45921177731955,1.352880741044346,5.717299938201904,64.27999877929688,2992.070068359375,12468.009765625,0.010052297590398718,0.06741942006467383,-0.005094059887797542,-4.174572311932412e-05,,,,0
2019-09-29,1051.516357421875,1004.4496844785399,1052.4154004724305,995.8257068256336,785220540000,60.240136256823384,15.809181062667335,8.491750342077465,7.31743072058987,968.0526550292968,964.2569152832033,985.2782341115721,1072.5553557257144,968.0526550292968,863.5499543328793,21.590292667139042,1.3784775085043668,5.66519021987915,61.90999984741211,2961.7900390625,12380.9404296875,-0.009114392962763174,-0.03686992807859368,-0.010120093649236717,-0.006983418971771682,,,,1
2019-10-06,1034.6295166015625,1056.997400847985,1058.3343077631255,1020.6145405555641,825083930000,57.45403675519125,17.676335496402203,10.328667372942412,7.3476681234597905,976.386309814453,965.6586877441407,989.978356253476,1073.6088922237539,976.386309814453,879.1637274051523,19.914777876755856,1.4205139200266386,5.694399833679199,58.369998931884766,2952.010009765625,12012.8095703125,0.005155981117377584,-0.05717979202475021,-0.003302067049955615,-0.029733675035886753,,,,0
2019-10-13,990.2727661132812,1032.935530826258,1051.7563532960319,975.101813075293,940690110000,50.806970963966876,15.399335820104739,11.342801062374878,4.05653475772986,982.8640258789062,967.3559399414064,990.0063952877432,1063.483544983335,982.8640258789062,902.2445067744774,16.40501981590717,1.5653051626404482,5.842700004577637,60.5099983215332,2970.27001953125,12511.650390625,0.026043160865052872,0.03666265939366764,0.006185619190049785,0.04152574111765617,,,,0
2019-10-20,984.1477661132812,979.790802705005,987.3007644332549,930.3140631680872,658601400000,49.94764973571155,12.951266719642604,11.664494193828425,1.286772525814179,986.776806640625,968.2143957519531,989.4484306044611,1058.8052205810568,986.776806640625,914.7483927001931,14.598724545552464,1.0837918197560155,5.817200183868408,59.41999816894531,2986.199951171875,12633.599609375,-0.004364389869281338,-0.01801355450046349,0.005363125754856091,0.009746853128295374,,,,0
2019-10-27,1002.1546630859375,985.2587249670012,1012.3826431635592,971.7138142602206,713113230000,52.49166391198716,12.322118701775594,11.79601909541786,0.5260996063577341,989.980239868164,969.689747314453,990.6585479836494,1058.5043546495203,989.980239868164,921.4561250868077,13.8435318245305,1.1199563642564723,5.76609992980957,62.02000045776367,3022.550048828125,12894.509765625,-0.008784338245835688,0.043756350874093464,0.012172693808391921,0.020652083675058552,,,,1
2019-11-03,984.6217651367188,1003.8486647492293,1005.4196402804207,976.7808035189547,443765780000,49.835624788163834,10.290137726565945,11.494842821647477,-1.2047050950815326,993.8180694580077,970.6589819335936,990.0836162839419,1050.5633606375336,993.8180694580077,937.0727782784818,11.419653742152772,0.7047339437434607,5.7108001708984375,61.689998626708984,3066.909912109375,12961.0498046875,-0.009590496103829893,-0.005320893721686204,0.014676303970036386,0.005160338800928033,,,,0
2019-11-10,1031.5264892578125,992.6687446972719,1040.1724393094853,991.4337658978013,791657260000,56.218063581748794,12.322550707482264,11.660384398814434,0.66216630866783,998.3834930419922,972.6889501953125,994.0305565671677,1051.5510154786145,998.3834930419922,945.2159706053699,10.650721452660495,1.2449023767328007,5.7657999992370605,62.5099983215332,3093.080078125,13228.5595703125,0.009630844486363976,0.013292263139542237,0.008533072951472986,0.020639513747432225,,,,1
2019-11-17,1053.7913818359375,1029.2115583352709,1055.1733324798856,1023.6835726465099,829733340000,58.89174116633845,15.550585918620754,12.438424702775698,3.112161215845056,1002.830667114258,974.6816796874999,999.7220637356219,1058.9828698104723,1002.830667114258,946.6784644180437,11.198740632413575,1.2762226785981223,5.7494001388549805,63.29999923706055,3120.4599609375,13241.75,-0.002844333897160878,0.012637992908971274,0.008851979942626542,0.00099711760886656,,,,1
2019-11-24,1065.87841796875,1059.0184822179356,1081.4163104733584,1059.0184822179356,947671960000,60.30881359833269,18.866666691006344,13.724073100421828,5.142593590584516,1006.3074523925782,977.2594470214843,1006.0226689006817,1068.9984178884297,1006.3074523925782,943.6164868967268,12.459604735470968,1.4290993626172268,5.6971001625061035,63.38999938964844,3110.2900390625,13163.8798828125,-0.009096597051130417,0.0014218033755550863,-0.003259109875566102,-0.005880651514150292,,,,1
2019-12-01,1069.0313720703125,1071.9262951193514,1078.4542144371558,1047.1774351765212,921680880000,60.6894884384752,21.501248629712222,15.279508206279909,6.221740423432314,1011.2101287841797,980.5344506835937,1012.0234977739798,1077.500765825202,1011.2101287841797,944.9194917431572,13.111149731208968,1.3606381665034974,5.757999897003174,62.43000030517578,3140.97998046875,13236.3798828125,0.010689602211641835,-0.015144330236883108,0.00986722814297436,0.0055074947998166035,,,,1
2019-12-08,1088.685302734375,1073.4952740095803,1093.1462167256323,1067.0103071605201,1106785280000,63.06735232355889,24.888186228626864,17.2012438107493,7.686942417877564,1014.7200653076172,983.9360949707032,1019.3246220559222,1089.5204220723163,1014.7200653076172,939.9197085429182,14.743052655024208,1.5624480432883032,5.745329856872559,64.38999938964844,3145.909912109375,13166.580078125,-0.0022004238202938398,0.03139514776376129,0.0015695520733274293,-0.005273330420059619,,,,1
2019-12-15,1104.7601318359375,1088.9592226931836,1119.0980684863737,1074.6433348311177,1061974990000,64.93556685606644,28.540466313045044,19.46908831120845,9.071378001836596,1018.5397491455078,987.9443334960939,1027.4613372730664,1103.3998612208352,1018.5397491455078,933.6796370701804,16.663092853571946,1.4525899257673913,5.771999835968018,65.22000122070312,3168.800048828125,13282.7197265625,0.004642027483166444,0.012890228900796163,0.007276157728052013,0.008820790801284506,,,,1
2019-12-22,1111.7620849609375,1106.7341546659395,1119.5511009338388,1101.0521488703553,1089507450000,65.74831459035677,31.635252197554337,21.902321088477628,9.73293110907671,1024.2884185791015,992.4135095214845,1035.4899799100065,1118.0543477984104,1024.2884185791015,930.5224893597925,18.30850130071402,1.4331918588831776,5.940100193023682,66.13999938964844,3221.219970703125,13318.900390625,0.029123416810955538,0.01410607408350173,0.016542514853338908,0.0027238897460244438,,,,1
2019-12-29,1136.830078125,1114.7870244116293,1145.3419946073977,1112.6560543292112,1027757660000,68.55815717014217,35.69915224896067,24.661687320574238,11.037464928386434,1031.427685546875,996.8128088378907,1045.1414178352438,1136.5529715525088,1031.427685546875,926.3023995412411,20.38442199656395,1.3074133692159942,5.932300090789795,68.16000366210938,3240.02001953125,13337.1103515625,-0.0013131263750478794,0.030541340960113184,0.005836313259917292,0.0013672270535425302,,,,1
2020-01-05,1136.833984375,1140.5638798458433,1159.31494140625,1126.1660717541595,1021208390000,68.55859000996152,38.47660318953285,27.424670494365962,11.05193269516689,1040.4025390625,999.8586132812501,1053.8740432199825,1149.4692814007726,1040.4025390625,931.3357967242273,20.966258393900503,1.2360650313331831,5.955699920654297,68.5999984741211,3234.85009765625,13219.1396484375,0.00394447844956991,0.006455322599348889,-0.001595645040411764,-0.008845297070754099,,,,1
2020-01-12,1186.630615234375,1125.3180563474164,1191.3956043934033,1107.4501861396786,1286262360000,73.55625155058821,44.18656974213059,30.77705034391889,13.409519398211696,1051.1598266601563,1003.2310534667968,1066.5175262689722,1173.2663395663365,1051.1598266601563,929.0533137539762,23.232720621401292,1.489647561401756,5.877299785614014,64.9800033569336,3265.35009765625,13483.3095703125,-0.01316388268126012,-0.05276960929602814,0.009428566727743615,0.019983896751270436,,,,1
2020-01-19,1214.7415771484375,1195.9457132232806,1224.8174256696684,1195.7405770139408,1412599600000,75.88641819776991,50.39910950449416,34.70146217603395,15.697647328460214,1063.5379119873048,1006.9385754394531,1080.634102543207,1199.2345694286246,1063.5379119873048,927.841254545985,25.517972779693366,1.550834258439093,5.855100154876709,64.8499984741211,3329.6201171875,13526.1298828125,-0.0037771819623091396,-0.00200069061397834,0.019682428410166652,0.0031758013325067225,,,,1
2020-01-26,1221.4114990234375,1218.7886132785827,1245.3594027496415,1207.6076170634565,1222259300000,76.41740685817564,55.22420867581013,38.80601147598919,16.418197199820945,1075.1149993896486,1010.8765759277343,1094.0414736365624,1223.2834746048347,1075.1149993896486,926.9465241744625,27.563279332778826,1.313866809420797,5.929200172424316,60.689998626708984,3295.469970703125,13576.6796875,0.012655636212454802,-0.06414803308086725,-0.01025646929152424,0.0037371964579264727,,,,1
2020-02-02,1191.3946533203125,1207.1105660119993,1216.7295337482278,1182.552696717811,1170819080000,69.04844339238583,55.98071510806426,42.2409522024042,13.739762905660058,1083.1491058349611,1014.1615783691406,1103.3132050350148,1238.4345487985242,1083.1491058349611,927.8636628713981,28.672957790766777,1.231661841058517,5.97415018081665,58.15999984741211,3225.52001953125,12981.9697265625,0.00758112512399034,-0.041687243970103705,-0.02122609272538767,-0.043803785213040514,,,,0
2020-02-09,1210.14453125,1194.3586322668234,1238.4433988517285,1187.6096447564248,1236039350000,70.93390979998073,57.43117946837447,45.27899765559826,12.152181812776206,1093.538247680664,1017.7274377441406,1113.4876170554896,1253.7893655102052,1093.538247680664,933.2871298511227,29.30873577937037,1.2682248751466587,5.98769998550415,54.470001220703125,3327.7099609375,13513.8095703125,0.0022680723244972167,-0.06344564367933325,0.03168169497862894,0.040967576951115525,,,,1
2020-02-16,1201.5076904296875,1204.587657138658,1215.798630554567,1166.4718908582704,1300259150000,68.85324615712825,57.22411803886757,47.66802173225212,9.556096306615451,1101.0378143310547,1021.1043811035156,1121.8704811863656,1266.9475487901861,1101.0378143310547,935.1280798719233,30.136973008494056,1.2997736520466192,6.039700031280518,57.31999969482422,3380.159912109375,13744.2099609375,0.008684477495909393,0.05232235010558184,0.01576157531382294,0.017049255387699747,,,,0
2020-02-23,1168.2877197265625,1209.8135886429861,1212.4175788651046,1144.5279586425565,1245426360000,61.39387772948613,53.759737568903574,48.88636489958241,4.873372669321164,1107.7207244873048,1024.1625830078126,1126.2911705711463,1273.1343699179854,1107.7207244873048,942.3070790566242,29.865586473926513,1.2193438076486243,6.102399826049805,58.5,3337.75,13579.330078125,0.01038127629593455,0.02058618826689096,-0.01254671767375326,-0.011996315778142641,,,,0
2020-03-01,1059.931396484375,1149.8378802457798,1159.9117783873219,993.3147450071293,1108812150000,44.4704350666025,41.78902352247337,47.466896624160604,-5.677873101687233,1111.2036560058596,1024.7005004882812,1119.9711920866919,1268.9610531333906,1111.2036560058596,953.4462588783285,28.39396653797531,1.0767291231158902,6.206769943237305,50.52000045776367,2954.219970703125,11890.349609375,0.017103126665343416,-0.13641024858523643,-0.11490675733559286,-0.12437877708494516,,,,0
2020-03-08,1095.9991455078125,1083.7871742701936,1131.0599895059436,1064.2473617478245,878801450000,49.464034259659726,34.81123012018861,44.93576332336621,-10.124533203177599,1116.796224975586,1026.6535290527345,1117.6881400315606,1263.1034533357958,1116.796224975586,970.4889966153762,26.20123977647009,0.8443464160427991,6.102530002593994,45.27000045776367,2972.3701171875,11541.8701171875,-0.016794555235108533,-0.10391923896337185,0.006143803326891462,-0.029307758277581697,,,,1
2020-03-15,956.0469360351562,1065.3933946582767,1068.5663424238867,916.4381371258795,926238700000,35.953421642890504,17.783309973910946,39.50527265347516,-21.721962679564214,1114.4908386230468,1027.0177282714844,1102.2937396509506,1269.592790928305,1114.4908386230468,959.3888863177884,27.833688161472324,0.8809046808283651,6.316199779510498,33.849998474121094,2711.02001953125,9232.080078125,0.03501331035253896,-0.25226423388922414,-0.08792649883842296,-0.20012268511173859,,,,0
2020-03-22,857.9534301757812,922.6351450306294,922.6351450306294,819.3596914198539,850880010000,29.807861093677005,-3.5854348813156776,30.887131146516992,-34.47256602783267,1108.157421875,1024.4202221679689,1079.0232339866488,1293.068294557997,1108.157421875,923.2465491920028,33.37267233569185,0.793865586988582,6.541319847106934,26.979999542236328,2304.919921875,8928.9501953125,0.035641695236860116,-0.20295418734322834,-0.14979605267779128,-0.03283440787420733,,,,0
2020-03-29,881.2453002929688,830.4356104561456,922.9880586346455,825.2806084229051,1086439010000,32.747399525110914,-18.42842842086202,21.02401923304119,-39.45244765390321,1100.643362426758,1022.8498693847656,1060.1872403015366,1309.3485111651462,1100.643362426758,891.9382136883696,37.92420976004869,0.9998906514706992,6.399799823760986,24.93000030517578,2541.469970703125,9632.51953125,-0.021634781153307747,-0.07598218205494545,0.10262831544954354,0.07879642293299582,,,,1
2020-04-05,895.521240234375,879.3653019478115,904.0832041972402,868.1463676825973,984342470000,34.55641703447165,-28.708722413261967,11.077470903780561,-39.78619331704253,1092.7298553466796,1021.3881164550781,1044.504764104664,1320.084084325153,1092.7298553466796,865.3756263682062,41.612156539155414,0.8995275632486899,6.632299900054932,34.11000061035156,2488.64990234375,9525.76953125,0.036329273211128665,0.36823105466508554,-0.020783274627778403,-0.011082251082251138,,,,1
2020-04-12,964.7048950195312,909.8861657802512,974.8237987618448,906.3012238548973,1137796930000,42.612671384833945,-30.916994847087153,2.6785777536070183,-33.59557260069417,1087.6711791992188,1021.7256945800781,1036.9047765727466,1321.9381557805234,1087.6711791992188,853.4042026179143,43.07680134611639,1.0308050100105202,6.686100006103516,31.479999542236328,2789.820068359375,10564.740234375,0.008111832525567575,-0.07710351864717035,0.12101749054054989,0.10906947724449756,,,,1
2020-04-19,981.7927856445312,954.62694183905,990.4367821295115,946.020024685187,1125610880000,44.432200209534074,-30.93165582262418,-4.043468961639222,-26.88818686098496,1083.3092498779297,1022.5724304199218,1031.6560155319642,1322.2398016761817,1083.3092498779297,844.3786980796777,44.111236348286575,1.0104308304131016,6.922100067138672,28.079999923706055,2874.56005859375,10625.7802734375,0.03529711802391833,-0.10800507204482435,0.03037471527122837,0.005777713195814327,,,,1
2020-04-26,987.5847778320312,986.610793890316,994.9657200475586,972.7538024139911,897576600000,45.06795970650961,-30.128605576846894,-9.260496284680757,-20.86810929216614,1078.2542236328125,1024.6175402832032,1027.4587547986373,1320.9540805342108,1078.2542236328125,835.5543667314142,45.0171864078034,0.8133681154591678,6.955999851226807,21.440000534057617,2836.739990234375,10336.08984375,0.004897326499087695,-0.23646721537355608,-0.013156819683175058,-0.0272629794925906,,,,1
2020-05-03,1011.0956420898438,1000.8576676246922,1023.2785607707652,993.5896926036398,949802270000,47.68448805699203,-27.28057868478163,-12.864512764700933,-14.416065920080698,1073.5709991455078,1027.4803247070313,1025.9003631120856,1317.7277036302464,1073.5709991455078,829.4142946607692,45.484966467810956,0.8650908770397818,6.989299774169922,26.440000534057617,2830.7099609375,10861.6396484375,0.004787223067183044,0.23320894941478465,-0.002125689812120135,0.05084609486103564,,,,1
2020-05-10,978.4468383789062,1002.5327009156201,1002.5327009156201,976.7128387839759,1101336000000,44.51363485789599,-27.34279177267115,-15.760168566294979,-11.58262320637617,1066.9052368164064,1029.8348925781252,1021.3809798041638,1313.9342173516147,1066.9052368164064,819.876256281198,46.30757672018386,1.0025694853025668,7.0883002281188965,30.969999313354492,2929.800048828125,10904.48046875,0.014164574012814013,0.17133126655809794,0.03500538354618543,0.0039442314143300905,,,,0
2020-05-17,997.6766967773438,984.1927767636893,1008.6436393390404,977.3978050575066,1123248360000,46.75925667328009,-25.545929655641658,-17.717320784164315,-7.828608871477343,1059.9475677490236,1031.6705834960937,1019.1234290397048,1306.522284070206,1059.9475677490236,813.3728514278412,46.52583275318518,1.018091776969613,6.925300121307373,32.5,2863.699951171875,10465.169921875,-0.02299565503234624,0.04940267099023665,-0.022561299936727397,-0.04028715977198305,,,,1
2020-05-24,1030.237548828125,1008.9626433057051,1033.061508380319,1008.9626433057051,812453400000,50.418367183571405,-21.249563107984955,-18.423769248928444,-2.8257938590565104,1054.6177459716798,1033.513614501953,1020.1819166386019,1298.7914137279124,1054.6177459716798,810.4440782154472,46.30562470409815,0.7434261540947198,6.789999961853027,35.130001068115234,2955.449951171875,11073.8701171875,-0.019537082449042398,0.08092310978816109,0.03203897110884624,0.05816438718688688,,,,1
2020-05-31,1055.1993408203125,1037.9744270563558,1062.9093741723448,1037.9744270563558,808938380000,53.0806145904604,-15.650049635566802,-17.869025326256118,2.218975690689316,1048.0461822509767,1036.4602978515625,1023.5169094178124,1284.2031045352321,1048.0461822509767,811.8892599667213,45.06612900913228,0.7567357423593177,6.811049938201904,35.33000183105469,3044.31005859375,11586.849609375,0.0031001438095932254,0.005693161311087325,0.03006652418073963,0.04632341600172074,,,,1
2020-06-07,1100.212158203125,1064.8043632863626,1106.0131526995249,1063.5642576146147,1369505210000,57.51107122311497,-7.493852227657726,-15.79399070653644,8.300138478878715,1042.319711303711,1039.6601806640626,1030.8212188259374,1266.7188020725741,1042.319711303711,817.920620534848,43.05763161442846,1.2837154644464928,6.748899936676025,42.29999923706055,3193.929931640625,12847.6796875,-0.00912487826249686,0.1972826788783042,0.04914738320576606,0.10881560740245155,,,,1
2020-06-14,1098.34912109375,1103.3130732191255,1110.4220440152556,1078.324203506833,1520129320000,57.27002875328722,-1.1668873928340417,-12.868570043795962,11.70168265096192,1036.1665924072267,1042.330205078125,1037.252447613348,1246.1762315818314,1036.1665924072267,826.156953232622,40.5358830739195,1.4052855173646464,6.835100173950195,38.72999954223633,3041.31005859375,11949.2802734375,0.012772487084261819,-0.08439715742823028,-0.04778435229118472,-0.06992697793801528,,,,0
2020-06-21,1136.113037109375,1093.9242030536793,1143.3689803533587,1087.1551962877472,1886059250000,60.851771779678764,6.815940321084099,-8.931667970819952,15.74760829190405,1033.4025115966797,1045.1256115722656,1046.6677418510649,1236.139036830733,1033.4025115966797,830.6659863626264,39.2367006967713,1.6877717829284495,6.853109836578369,42.189998626708984,3097.739990234375,12330.759765625,0.002634879104890464,0.08933640912387353,0.018554481638980658,0.03192489283522004,,,,1
2020-06-28,1146.6778564453125,1147.007960464599,1162.7858389132286,1134.1899798755778,1999305350000,61.81607177241739,13.835395595868704,-4.378255257482221,18.213650853350924,1030.2291778564454,1048.6396118164062,1056.1925146695646,1223.0624191231716,1030.2291778564454,837.3959365897193,37.43501842336599,1.730029595407209,6.8527398109436035,41.02000045776367,3009.050048828125,12089.3896484375,-5.399382814363918e-05,-0.027731647476391008,-0.028630531189139496,-0.01957463463527831,,,,1
2020-07-05,1157.4788818359375,1147.7579907672255,1173.9057971681004,1144.315015743544,2332844040000,62.82427276490723,20.03892075005615,0.5051799440254534,19.533740806030696,1028.0277374267578,1051.4194580078124,1065.8388353520763,1213.4923667383762,1028.0277374267578,842.5631081151394,36.081639154183215,1.932318305391621,6.848100185394287,43.13999938964844,3130.010009765625,12528.1796875,-0.0006770467984070772,0.05168207967397831,0.04019872018566395,0.03629546667140571,,,,1
2020-07-12,1148.0799560546875,1166.7328832575406,1202.0276302409645,1128.287947016756,2841863720000,61.30730395917024,23.921096854119924,5.188363326044348,18.732733528075578,1027.017349243164,1053.8137280273438,1073.6713230380392,1209.460197582999,1027.017349243164,844.5745009033291,35.528678940873164,2.2079601752522295,6.857729911804199,43.2400016784668,3185.0400390625,12633.7099609375,0.0014061894757979587,0.002318087395299262,0.017581422783052192,0.00842343229980913,,,,0
2020-07-19,1187.8546142578125,1162.614858439929,1194.5065573999402,1161.2488988255175,1632089090000,65.14306303044874,29.862989933574454,10.123288647550371,19.739701286024083,1033.413510131836,1057.6350463867188,1084.5459222018271,1229.1967899692443,1033.413510131836,837.6302302944275,37.89059808448443,1.2427739627621983,6.855629920959473,43.13999938964844,3224.72998046875,12919.6103515625,-0.0003062224484974285,-0.0023127262936292192,0.012461363411284676,0.022629963131097997,,,,1
2020-07-26,1192.0096435546875,1188.4386218563625,1205.849597295216,1171.5988013738354,2012198000000,65.52751950664778,34.50945562425295,15.00052204289089,19.50893358136206,1038.2140350341797,1061.5943444824218,1094.780562330671,1244.8653106541656,1038.2140350341797,831.5627594141939,39.80899287557455,1.468829658865699,6.83558988571167,43.34000015258789,3215.6298828125,12838.0595703125,-0.002923150093988469,0.004636086364605774,-0.0028219719825742784,-0.006312170338801049,,,,1
2020-08-02,1126.89404296875,1199.5936072254847,1203.393635880151,1120.9940954558476,12571867100,55.24406100711488,32.56217193773841,18.512852021860393,14.04931991587802,1046.7563903808596,1064.9854870605468,1097.838989058107,1253.2309771183461,1046.7563903808596,840.2818036433731,39.4503608738154,0.009493578834976292,6.969399929046631,43.29999923706055,3271.1201171875,12313.3603515625,0.019575493201349214,-0.0009229560541419435,0.01725641208635187,-0.04087060165722756,,,,0
2020-08-09,1060.5943603515625,1140.394006365222,1143.294015475454,985.394807317874,19983802400,47.13341477769539,25.37657987271359,19.885597592031033,5.490982280682559,1056.8884368896486,1066.7676770019532,1094.2918815622456,1243.2624809383437,1056.8884368896486,870.5143928409534,35.26844225814059,0.015579425599156259,7.223239898681641,44.400001525878906,3351.280029296875,12674.8798828125,0.036422069650081434,0.025404210351044565,0.024505340445369006,0.029359940822663022,,,,0
2020-08-16,1083.7943115234375,1055.5943444388543,1125.894028712742,1038.9944574062572,20134959000,49.904977693204216,21.308359062000818,20.17014988602499,1.1382091759758275,1067.015887451172,1069.0999658203125,1093.292112987121,1234.231292155986,1067.015887451172,899.8004827463579,31.342626978919473,0.016378014521124855,7.332099914550781,44.79999923706055,3372.85009765625,12901.33984375,0.015070801661870581,0.00900895714943828,0.006436367051040115,0.017866832903449037,,,,1
2020-08-23,1109.8941650390625,1085.4942663924523,1141.2940236863765,1077.2943585326934,19294687500,52.896759718662636,19.960215868962223,20.12816308261244,-0.1679472136502156,1077.7345336914063,1071.5004541015626,1094.8732608015916,1224.9508479194649,1077.7345336914063,930.5182194633478,27.319587454216588,0.01633568821540955,7.296199798583984,44.349998474121094,3397.159912109375,12764.7998046875,-0.004896293883768776,-0.010044660058100896,0.007207499221509206,-0.010583399919400382,,,,1
2020-08-30,1100.5941162109375,1111.1940769955213,1118.194077289703,1083.0942860832413,15197729500,51.71165786370601,17.934627240047803,19.68945591409951,-1.7548286740517085,1084.5289947509766,1072.8980859375,1095.4181041739103,1222.0013822970009,1084.5289947509766,947.0566072049523,25.3515375266827,0.013509007082377704,7.35260009765625,45.04999923706055,3508.010009765625,13033.2001953125,0.007730092463094529,0.015783557768280776,0.03263022657871306,0.021026603999417137,,,,0
2020-09-06,1086.2943115234375,1101.7941881172703,1102.3941605118089,1064.3943970757616,13268871100,49.861858479221986,15.002519225342212,18.75206857634805,-3.7495493510058395,1089.754071044922,1074.57673828125,1094.549171540532,1218.4487170627142,1089.754071044922,961.0594250271299,23.61902550992848,0.012407887241839246,7.4220099449157715,42.65999984741211,3426.9599609375,12842.66015625,0.009440177126136318,-0.05305215161207588,-0.023104280946319222,-0.014619589679212397,,,,0
2020-09-13,1102.694091796875,1089.4941796236521,1105.9941038405113,1085.1942370355807,14930261800,51.983253317579454,13.842559301441497,17.770166721366742,-3.927607419925245,1095.509536743164,1075.60029296875,1095.3248782316123,1214.9268532545248,1095.509536743164,976.0922202318035,21.801237233657666,0.01456244745700056,7.442500114440918,39.83000183105469,3340.969970703125,13202.83984375,0.0027607305402739257,-0.06633844412751677,-0.025092207441738235,0.02804556712689421,,,,1
2020-09-20,1111.994140625,1105.2942000362998,1118.6940522492557,1096.6941682556053,14009740800,53.19273263523483,13.517893064715281,16.91971199003645,-3.4018189253211695,1100.5544616699221,1077.1475854492187,1096.9124270309826,1213.294838547106,1100.5544616699221,987.8140847927382,20.487923279347353,0.014318035275689265,7.544600009918213,43.150001525878906,3319.469970703125,13116.25,0.013718494310693607,0.08335424409234338,-0.0064352568830408075,-0.0065584256701402,,,,1
2020-09-27,1124.1939697265625,1111.794180626072,1135.0939361456929,1084.894225439091,17273150300,54.80110546987189,14.082680607408065,16.352305713510773,-2.2696251061027084,1107.8418182373048,1079.8260095214841,1099.5106691924664,1205.1322765870266,1107.8418182373048,1010.551359887583,17.563962065364418,0.018688526620993483,7.615699768066406,41.91999816894531,3298.4599609375,12469.2001953125,0.0094239267893228,-0.02850529115731104,-0.006329326654873957,-0.049331920685218744,,,,1
2020-10-04,1144.993896484375,1124.6939510545508,1155.393857381179,1112.3941010101432,18413315000,57.48350601200499,16.023944997805756,16.286633570369773,-0.26268857256401645,1115.2076782226563,1083.0429321289064,1103.842405125029,1198.709475459327,1115.2076782226563,1031.7058809859857,14.97511160786666,0.02118851930180109,7.751399993896484,39.27000045776367,3348.419921875,12689.0400390625,0.01781848417910159,-0.06321559701652801,0.015146450625188157,0.01763062909461044,,,,1
2020-10-11,1165.6937255859375,1150.7939973709226,1170.4938076056674,1143.293983508949,16325059000,60.026017207631234,19.013537995560455,16.832014455407908,2.181523540152547,1121.980487060547,1086.3137133789062,1109.733007073687,1198.112107811486,1121.980487060547,1045.8488663096077,13.57093490108635,0.019687323259041486,7.940299987792969,42.849998474121094,3477.139892578125,13051.23046875,0.02436979049529442,0.09116368664695695,0.03844200360361194,0.028543564254862153,,,,1
2020-10-18,1192.693603515625,1169.1937741906943,1193.7936953170565,1169.0937991329363,22378527100,63.123670718570416,23.292969632117547,18.124205490749837,5.16876414136771,1128.8552001953126,1090.4751501464843,1117.6340162586337,1204.4253171007133,1128.8552001953126,1053.2850832899119,13.388806091751306,0.028331237472892585,7.9309000968933105,42.93000030517578,3483.81005859375,12908.990234375,-0.0011838206256827855,0.0018670206278537105,0.0019182909579975593,-0.010898607201488164,,,,1
2020-10-25,1190.5936279296875,1195.4937044774406,1222.9934688604326,1179.4937115230132,22695583700,62.71659516881296,26.21283431906477,19.741931256412826,6.470903062651942,1133.374273681641,1093.6564929199217,1124.5825507034958,1212.4601980454286,1133.374273681641,1054.2883493178533,13.955835455287996,0.0314104720621157,7.941199779510498,41.77000045776367,3465.389892578125,12645.75,0.001298677639530732,-0.02702072767682362,-0.0052873623147698945,-0.020392008173809373,,,,0
2020-11-01,1112.3941650390625,1183.5936635536573,1183.5936635536573,1095.6941797616264,19858249600,49.82977174129624,21.96362204184743,20.186269413499748,1.777352628347682,1134.0765258789063,1094.8285485839842,1123.421752068788,1212.0951630398376,1134.0765258789063,1056.057888717975,13.758972235223212,0.030667464889994757,8.297940254211426,37.459999084472656,3269.9599609375,11556.48046875,0.04492274273484109,-0.10318413517014768,-0.05639478895554584,-0.08613720271632763,,,,0
2020-11-08,1191.99365234375,1119.6940430701031,1192.193602450842,1117.694053623112,24360416200,59.05289115803658,24.733986087799394,21.095812748359677,3.6381733394397173,1136.870556640625,1097.3508532714843,1129.952409237832,1219.0858398761798,1136.870556640625,1054.6552734050701,14.463437856724054,0.04393619634657672,8.42039966583252,39.45000076293945,3509.43994140625,12480.01953125,0.014757808307783726,0.05312337765890818,0.07323636476579076,0.07991525317741432,,,,1
2020-11-15,1291.293212890625,1214.3935241474885,1303.7931660320637,1211.1934680341947,34003169900,67.1628545051816,34.54396290716704,23.78544278012115,10.758520127045891,1144.1013244628907,1101.796090087891,1145.3182000619074,1251.5222078152863,1144.1013244628907,1036.6804411104952,18.778211519478013,0.07453816185755914,7.68179988861084,42.779998779296875,3585.14990234375,13076.7197265625,-0.08771552497902191,0.08441059447293409,0.021573231684131056,0.047812440823378655,,,,1
2020-11-22,1323.992919921875,1304.6930533781222,1328.2929457555274,1259.6932373046875,29482499700,69.31792552517332,44.44470242446755,27.917294708990433,16.527407715477118,1152.4270263671874,1106.5022424316408,1162.3348400485709,1286.6751079471428,1152.4270263671874,1018.1789447872319,23.298322324693764,0.08645472588543025,7.539599895477295,44.959999084472656,3557.5400390625,13137.25,-0.01851128579180683,0.050958400359533806,-0.007701174018748924,0.004628857596033598,,,,1
2020-11-29,1328.69287109375,1329.293011409133,1351.6927485365113,1299.293170231492,28268413600,69.62647552234135,52.07012461926024,32.747860691044394,19.322263928215847,1161.4576721191406,1110.9808972167968,1178.1784620528738,1317.0731225294646,1161.4576721191406,1005.8422217088167,26.796577119576877,0.14110439904182379,7.8709001541137695,48.18000030517578,3638.35009765625,13335.6796875,0.043941358060022306,0.07161924569111444,0.02271515083637543,0.01510435498296836,,,,1
2020-12-06,1330.8929443359375,1314.3930244478831,1338.9928478124411,1283.5931396484375,25338576700,69.77967891322821,57.62657093228654,37.72360273929283,19.90296819299371,1168.609588623047,1115.363514404297,1192.7226984607846,1341.5198572011182,1168.609588623047,995.6993200449762,29.59247814863615,0.21115596015258217,7.781199932098389,49.25,3699.1201171875,13298.9599609375,-0.011396437543233051,0.022208378747338386,0.016702631110292687,-0.0027534949416128107,,,,1
2020-12-13,1370.692626953125,1329.9929193896282,1370.9926741779645,1326.0929157383878,26743833300,72.48358833789972,64.49810245831009,43.07850268309628,21.419599775213804,1177.5437377929686,1120.0407653808593,1209.6722154600552,1372.5924097407785,1177.5437377929686,982.4950658451587,33.12805557666728,1.2903123175538291,7.886300086975098,49.970001220703125,3663.4599609375,13114.2998046875,0.013506934122481384,0.014619314125951854,-0.00964017256003924,-0.013885308083669279,,,,1
2020-12-20,1408.2926025390625,1378.1926818084146,1410.292591964201,1378.1926818084146,23841624900,74.77942354468163,72.14618814557366,48.892039775591755,23.254148369981905,1191.6136657714844,1125.4699377441405,1228.588442800913,1410.4283268627385,1191.6136657714844,972.7990046802304,36.725772349981774,1.1198443653184331,7.697700023651123,52.2599983215332,3709.409912109375,13630.509765625,-0.023914898145388053,0.04582743736018369,0.012542774224865827,0.03936237302985779,,,,1
2020-12-27,1425.992431640625,1401.6925354272323,1432.2924470318399,1368.5927349579213,19903672600,75.8029012885827,78.72805146824862,54.859242114123134,23.86880935412549,1209.8835693359374,1130.2571740722656,1247.3888226904096,1443.1761913402459,1209.8835693359374,976.5909473316291,38.56447478369419,0.9350541735358064,7.574100017547607,51.290000915527344,3703.06005859375,13587.23046875,-0.016056744965867176,-0.01856099190891447,-0.001711823084015518,-0.003175178156883507,,,,1
2021-01-03,1476.692138671875,1431.692301350827,1484.3921711767264,1431.692301350827,14013804500,78.49496100148079,87.03201729371199,61.293797150040916,25.73822014367107,1229.5284606933594,1135.4961853027344,1269.2272337362633,1483.3791221976535,1229.5284606933594,975.6777991890652,41.29236038361274,0.6679582870998686,7.433800220489502,51.79999923706055,3756.070068359375,13718.7802734375,-0.01852362613816294,0.009943425861371091,0.014315190390337795,0.009681870414287808,,,,1
2021-01-10,1540.591796875,1482.192086640955,1542.791858437476,1474.792193091769,28839108400,81.31633823685674,97.64356419546425,68.56375055912558,29.07981363633867,1251.0633422851563,1141.8797912597659,1295.0714778447145,1533.6319232705957,1251.0633422851563,968.4947612997169,45.172545855161545,1.3440244002292279,7.326600074768066,55.9900016784668,3824.679931640625,14049.5302734375,-0.014420638508143346,0.08088807921079066,0.018266396002356355,0.02410928620530517,,,,1
2021-01-17,1524.491943359375,1539.9918010576462,1568.091683178965,1516.091963337558,25030214000,78.52112148696303,103.5603882489188,75.56307809708423,27.99731015183457,1272.2582336425783,1148.541737060547,1316.921045988968,1570.4639230081789,1272.2582336425783,974.0525442769775,46.878170088444016,1.1403855656922461,7.366099834442139,55.099998474121094,3768.25,13787.73046875,0.005391280985856506,-0.015895752414095576,-0.014754157903199783,-0.018634061039212613,,,,0
2021-01-24,1542.4918212890625,1525.49186610907,1581.991661046077,1508.8919790333855,24374700700,79.37475057256944,108.4517889433223,82.14082026633184,26.310968676990456,1295.0681091308595,1155.188682861328,1338.4039769699295,1603.0118192038117,1295.0681091308595,987.1243990579072,47.556372966301836,1.0831180372993274,7.365699768066406,55.40999984741211,3841.469970703125,13873.9697265625,-5.431183186821453e-05,0.005626159380687001,0.019430762476779773,0.006254782685806148,,,,1
2021-01-31,1473.4921875,1556.591709788217,1560.0916912026507,1431.2924690707296,26241958900,68.18747976489867,105.54392082108257,86.82144037728199,18.722480443800578,1313.6080139160158,1160.6283728027345,1351.2695208299363,1617.4057785493167,1313.6080139160158,1009.810249282715,46.253945075691945,1.1375036010338675,7.345779895782471,55.880001068115234,3714.239990234375,13432.8701171875,-0.0027044100236472968,0.008482245479108697,-0.03312012886709159,-0.03179332361742793,,,,0
2021-02-07,1527.19189453125,1484.8921302474623,1549.4918257169672,1471.492177071883,21751097600,71.54840055597703,106.34663415434397,90.72647913269438,15.620155021649595,1334.3679016113285,1167.8064562988282,1368.0240326110138,1636.8984916069503,1334.3679016113285,1031.8373116157068,45.34440458741523,0.9272813155494791,7.132900238037109,59.34000015258789,3886.830078125,14056.7197265625,-0.02897985792735025,0.0619183789967197,0.046467134149760225,0.046442019012510105,,,,1
2021-02-14,1538.391845703125,1540.191744220291,1558.091730729886,1518.9919060123027,22265213000,72.20789410771206,106.65705655560328,93.91259461727617,12.744461938327106,1355.0777954101566,1177.375665283203,1384.2495386197863,1653.7123349715316,1355.0777954101566,1056.4432558487815,44.07636824585175,0.9392047816829099,7.023900032043457,62.43000030517578,3934.830078125,14049.8896484375,-0.015281330504581359,0.05207280324641417,0.012349395017328568,-0.0004858941671928019,,,,1
2021-02-21,1560.291748046875,1551.0917353673171,1575.6915980515632,1522.0919066104875,22555131500,73.50131230480731,107.43180071443226,96.6164358367074,10.81536487772486,1375.8426879882816,1186.6615173339842,1401.0154633271281,1670.700798569489,1375.8426879882816,1080.984577407074,42.86218375915355,0.943194897573927,6.965590000152588,62.90999984741211,3906.7099609375,13993.23046875,-0.00830166027774526,0.007688603874578703,-0.0071464629041616545,-0.00403271350204526,,,,1
2021-02-28,1471.3922119140625,1563.0917309431748,1569.7917688455175,1443.1922884021105,21543173600,61.07545832841695,99.72279908794076,97.23770848695408,2.4850906009866804,1391.1276123046878,1196.9684228515625,1407.718010811598,1671.4528923221828,1391.1276123046878,1110.8023322871927,40.30187849597476,0.8911547091665346,7.3231000900268555,66.12999725341797,3811.14990234375,13786.2900390625,0.051325169851575536,0.05118419033247412,-0.02446049477674006,-0.014788610117559609,,,,0
2021-03-07,1541.9918212890625,1491.8921555418235,1553.9916989634905,1491.0921109334734,18818142200,65.99239571238752,98.17841851490084,97.42585049254345,0.7525680223573943,1408.5925231933595,1210.6491906738283,1420.5059927618329,1680.2537824237745,1408.5925231933595,1136.9312639629445,38.57201493793868,0.784205934125975,7.508900165557861,69.36000061035156,3841.93994140625,13920.6904296875,0.02537177878860919,0.048843240451921455,0.008078936764876365,0.009748843977907429,,,,1
2021-03-14,1557.3917236328125,1549.5916937262598,1579.991573893752,1526.5918166500953,15333692400,66.9724450643291,97.07807359746357,97.35629511352747,-0.2782215160638941,1426.9324279785155,1224.172119140625,1433.5427290352595,1685.8532167014378,1426.9324279785155,1168.0116392555933,36.29054658036276,0.648953581257395,7.475100040435791,69.22000122070312,3943.340087890625,14502.3896484375,-0.004501341658144087,-0.0020184456230749603,0.026392954609087305,0.04178666436755596,,,,1
2021-03-21,1528.991943359375,1558.791730436471,1589.4915536188444,1511.2920854524743,8905773100,63.34685528447894,92.84416763067907,96.4538696169578,-3.6097019862787363,1447.7623168945313,1236.841533203125,1442.6331303994612,1663.5809643684597,1447.7623168945313,1231.9436694206029,29.814099311116507,0.3858535017286322,7.320219993591309,64.52999877929688,3913.10009765625,14621.0,-0.02071946141278036,-0.06775501818401453,-0.00766862344113739,0.00817867637250247,,,,0
2021-03-28,1382.192626953125,1491.9920773334386,1491.9920773334386,1256.2933685491862,18278442000,48.67766911860784,76.75846486497107,92.51478866656046,-15.756323801589389,1457.2722656249998,1245.1912878417968,1436.8768919760007,1639.8370416210444,1457.2722656249998,1274.7074896289553,25.055685241871473,0.8025092536007461,7.947999954223633,64.56999969482422,3974.5400390625,14748.9404296875,0.08575971230126034,0.0006198809280029138,0.0157010911739901,0.00875045685572129,,,,0
2021-04-04,1426.5924072265625,1385.6925417775255,1426.5924072265625,1371.3927082938126,11525076900,52.27721883555876,66.82282876134332,87.37639668551704,-20.55356792417372,1464.0372253417968,1254.0872802734375,1435.897417237959,1629.9756584263582,1464.0372253417968,1298.0987922572353,22.6686084496002,0.5322695515397042,8.106969833374023,64.86000061035156,4019.8701171875,15107.169921875,0.020001243088320964,0.00449126400647315,0.01140511296388702,0.024288490003419927,,,,1
2021-04-11,1393.1925048828125,1428.9923794298527,1445.0922767008635,1373.6926091052082,12960097100,49.46659404678283,55.61260508849978,81.02363836611359,-25.41103327761381,1467.4972045898437,1262.1994348144533,1431.8302827279451,1623.743342925337,1467.4972045898437,1311.2510662543505,21.294233181065998,0.6222861615395668,8.12952995300293,62.95000076293945,4128.7998046875,15234.16015625,0.002782805424541346,-0.029448039306790852,0.02709781269654865,0.00840595790156029,,,,0
2021-04-18,1408.092529296875,1393.492582092705,1418.4924971155926,1352.6927635121463,14298647300,50.73898399234616,47.384510368294286,74.29581276654973,-26.911302398255444,1471.4671875,1270.1393725585938,1429.5695443059385,1616.4957668619647,1471.4671875,1326.438608138035,19.712105114401655,0.7103824000039256,8.028800010681152,66.7699966430664,4185.47021484375,15459.75,-0.012390623185362548,0.060683015628744785,0.013725637676089475,0.014808157550939782,,,,1
2021-04-25,1345.19287109375,1409.892526289926,1415.9924694350002,1308.493036991938,9452754000,45.527499550619424,35.38036643890064,66.51272350101992,-31.132357062119283,1472.1821838378905,1277.4742932128906,1421.5336706666824,1614.4066044948702,1472.1821838378905,1329.957763180911,19.321578839679898,0.4889235503369204,8.301719665527344,66.11000061035156,4180.169921875,15279.6201171875,0.03399258350975387,-0.00988461982771982,-0.0012663554383812725,-0.011651539178350268,,,,0
2021-05-02,1397.7926025390625,1343.8928606456805,1406.4925271455108,1343.59281341699,8894151400,50.13956699379049,29.768205282575536,59.16381985733105,-29.395614574755513,1473.5371826171875,1285.476611328125,1419.2726165592899,1612.1612041654973,1473.5371826171875,1334.9131610688776,18.815137233537083,0.4822946277635734,8.184880256652832,67.25,4181.169921875,15135.91015625,-0.014074121216075763,0.01724397790233767,0.00023922472499671166,-0.009405335985797514,,,,1
2021-05-09,1441.2923583984375,1400.1924946444394,1444.792339723281,1400.1924946444394,12304825200,53.63571553387919,28.50204011147207,53.03146390815925,-24.529423796687183,1475.187170410156,1293.6977075195314,1421.3697348296848,1611.3042764766165,1475.187170410156,1339.0700643436958,18.454215003593717,0.6887870550295027,8.276749610900879,68.27999877929688,4232.60009765625,15399.650390625,0.011224275904754277,0.015315966978392215,0.0123004270915128,0.017424801789411637,,,,1
2021-05-16,1441.2923583984375,1448.9923722140934,1462.492301147765,1437.692279951441,5901281800,53.635715533879186,27.185220788112247,47.862215284149855,-20.676994496037608,1475.9521667480467,1301.419567871094,1423.2671275505184,1611.0734750129814,1475.9521667480467,1340.830858483112,18.309713730445118,0.34381010002661166,8.49940013885498,68.70999908447266,4173.85009765625,15416.6396484375,0.026900720502751385,0.006297602707429517,-0.013880356906983082,0.0011032236045334098,,,,0
2021-05-23,1451.7923583984375,1446.9923481734277,1465.5922535430827,1439.3923891510558,8450469100,54.528295047974076,26.681328488749386,43.62603792506977,-16.94470943632038,1474.707177734375,1308.451171875,1425.983816202701,1610.2579424160513,1474.707177734375,1339.1564130526986,18.38341424362306,0.5004364715617968,8.36931037902832,66.44000244140625,4155.85986328125,15437.509765625,-0.015305757783064644,-0.03303735516392092,-0.004310225320526495,0.0013537397035556786,,,,1
2021-05-30,1422.0924072265625,1453.6922527986226,1459.2922882436576,1392.8926374277696,12640747200,51.507738602498186,23.61325347709044,39.6234810354739,-16.010227558383463,1468.7822082519533,1314.9260375976562,1425.6132058240214,1602.5549710735788,1468.7822082519533,1335.0094454303278,18.215466128342193,0.7862980510705169,8.48235034942627,69.62999725341797,4204.10986328125,15519.98046875,0.01350648563365553,0.04801316518350518,0.011610112368395376,0.005342228401930438,,,,0
2021-06-06,1432.8924560546875,1423.0923933740107,1441.1923133878627,1411.4925196138643,10863424500,52.537346160730344,21.80193645450595,36.05917211928031,-14.257235664774363,1464.2022338867191,1320.8616259765624,1426.3064677507514,1596.2045853567952,1464.2022338867191,1332.199882416643,18.030617412688457,0.7068887904086182,8.70680046081543,71.88999938964844,4229.89013671875,15692.900390625,0.02646083952478362,0.032457306123468754,0.006132159785514846,0.011141761564918307,,,,1
2021-06-13,1460.892333984375,1433.992379188475,1464.4922906194201,1432.592362214665,10584107000,55.19351260293949,22.367966810638336,33.32093105755192,-10.95296424691358,1460.1222595214847,1327.1459155273437,1429.6003597730012,1586.8758297152024,1460.1222595214847,1333.368689327767,17.362048878736733,0.7210663001572223,8.425200462341309,72.69000244140625,4247.43994140625,15693.26953125,-0.03234253498072559,0.011128154938794044,0.0041489977565030145,2.35227788243364e-05,,,,1
2021-06-20,1391.0926513671875,1466.5922201134674,1468.9922318360505,1388.692639589387,10605621700,47.98434919121741,16.988466432896985,30.05443813262093,-13.065971699723946,1456.002282714844,1331.8181909179686,1425.9329589724475,1586.2349235785532,1456.002282714844,1325.7696418511346,17.88907097327885,0.7631814050992208,8.71345043182373,73.51000213623047,4166.4501953125,15448.0400390625,0.03421283217780191,0.01128077682326678,-0.019067896712139487,-0.015626411800241824,,,,0
2021-06-27,1391.8927001953125,1388.1925597252443,1419.7925101505791,1378.292710093353,8972229800,48.06807877922803,12.643978961606535,26.572346298418054,-13.928367336811519,1449.237322998047,1336.6944458007813,1422.6910295651014,1577.9469944016867,1449.237322998047,1320.5276515944072,17.762400865770857,0.6767586844523465,8.69729995727539,76.18000030517578,4280.7001953125,15607.9697265625,-0.0018535108077684104,0.036321562935030416,0.027421424628701452,0.010352749416469464,,,,1
2021-07-04,1376.692626953125,1395.192510154414,1397.5925217684307,1351.5927586914008,8490746600,46.53543042420696,7.883545852681664,22.83458620927078,-14.951040356589115,1441.1523620605471,1340.4712060546876,1418.3102293163417,1566.5538015085258,1441.1523620605471,1315.7509226125685,17.40293986246961,0.675534736509308,8.664609909057617,76.16999816894531,4352.33984375,15650.08984375,-0.003758643300605935,-0.00013129609071149684,0.016735497738418426,0.002698628836767858,,,,0
2021-07-11,1378.292724609375,1375.9926424716864,1399.8926085496128,1371.4927119163754,7686973300,46.72799230343792,4.191663932482243,19.10600175391307,-14.914337821430827,1432.052410888672,1344.1968676757815,1414.4990383918687,1547.032668530356,1432.052410888672,1317.0721532469881,16.058107478109964,0.6500326474894,8.681900024414062,75.55000305175781,4369.5498046875,15687.9296875,0.0019954868756839605,-0.008139623632553494,0.00395418592190433,0.002417867509246996,,,,1
2021-07-18,1363.2928466796875,1378.592658797684,1382.4926625127378,1341.4928261941056,5173379500,45.08854893759096,0.054824143832547634,15.295766231896966,-15.240942088064418,1426.647442626953,1348.9248437500003,1409.6222582288037,1543.980228382227,1426.647442626953,1309.314656871679,16.448743010988565,0.4700068883846201,8.560689926147461,73.58999633789062,4327.16015625,15540.3095703125,-0.013961240964046051,-0.02594317186889361,-0.00970114779147857,-0.009409789572496718,,,,0
2021-07-25,1351.5927734375,1357.892788695125,1357.892788695125,1348.3928393169151,498073000,43.797755667247294,-4.120253603276524,11.41256226486227,-15.532815868138794,1417.127490234375,1354.744812011719,1404.095640629632,1525.619018129893,1417.127490234375,1308.635962338857,15.3114703713178,0.04935801548049678,8.556500434875488,74.0999984741211,4411.7900390625,15669.2900390625,-0.0004893871064266531,0.006930318815193015,0.01955783464364358,0.008299736126003543,,,,0
2021-08-01,1392.892578125,1355.4927636851355,1393.3926907213604,1341.8929160267885,7868761000,49.31376013094133,-4.049800141145397,8.320089783660737,-12.369889924806134,1408.9025329589845,1360.92677734375,1403.0286822958576,1495.3161436921166,1408.9025329589845,1322.4889222258523,12.266797555065194,0.8097283277660847,8.45226001739502,76.33000183105469,4395.259765625,15544.3896484375,-0.012182599448671172,0.030094512859030642,-0.003746840464106227,-0.007971030615530839,,,,1
2021-08-08,1434.79248046875,1397.9925627545385,1440.4924015742204,1394.2926791795987,10479306400,54.22252756144935,-0.60600763893558,6.534870299141474,-7.140877938077054,1404.1925598144533,1367.4247436523438,1406.0538059313712,1471.1173070601133,1404.1925598144533,1337.2678125687933,9.532132438374873,1.069703847812209,8.52560043334961,70.69999694824219,4436.52001953125,15761.4501953125,0.008677018431005878,-0.07375874161871099,0.009387443770432657,0.013963915713912867,,,,1
2021-08-15,1447.59228515625,1436.8924333377286,1449.292349366734,1409.7926083443897,9333460800,55.63600236361322,3.120093500419216,5.851914939397023,-2.731821438977807,1407.4625427246096,1374.3647070312502,1410.009851571836,1476.2269182477867,1407.4625427246096,1338.6981672014326,9.771396884219854,0.9983158057641742,8.561189651489258,70.58999633789062,4468.0,15977.4404296875,0.004174394333615883,-0.00155587857283912,0.007095647113089409,0.013703703130010014,,,,1
2021-08-22,1444.59228515625,1451.2923795361532,1467.1921673706527,1432.392398931674,9438391200,55.20575009258773,5.764530649481458,5.834438081413911,-0.06990743193245308,1408.362536621094,1381.530666503906,1413.3034166751136,1478.6357300534212,1408.362536621094,1338.0893431887669,9.97941816897867,1.0209325555542186,8.530799865722656,65.18000030517578,4441.669921875,15808.0400390625,-0.003549715285341759,-0.07663969844705765,-0.005893034495299876,-0.010602473617128294,,,,0
2021-08-29,1458.1922607421875,1454.8923571722578,1472.4921523254939,1444.0923595183915,8539191900,56.83540801386425,8.855588797061273,6.438668224543383,2.41692057251789,1411.6125244140628,1388.6406298828126,1417.5785446815016,1484.880096442602,1411.6125244140628,1338.3449523855236,10.380691692849835,0.946293825474528,8.376409530639648,72.69999694824219,4509.3701171875,15851.75,-0.018097990518258333,0.11537276170385757,0.015242059068612868,0.0027650461935502246,,,,1
2021-09-05,1468.692138671875,1467.1921646765222,1484.9921563364942,1462.992235793975,6842102700,58.10274060543705,12.01403670996001,7.553741921626709,4.460294788333301,1414.6425048828128,1395.77458984375,1422.4465060139182,1492.1846532076152,1414.6425048828128,1337.1003565580104,10.962790677808155,0.7909031065929714,8.279580116271973,72.61000061035156,4535.43017578125,15781.2001953125,-0.011559775583260157,-0.0012379139156594166,0.005779090630512185,-0.004450600387181258,,,,1
2021-09-12,1438.6922607421875,1469.792262286278,1478.6921174811237,1427.792490215712,8699107200,53.28861601675773,11.958539408467232,8.434701418994813,3.523837989472419,1419.3174743652346,1402.0645556640625,1423.9937207499438,1490.2195713910862,1419.3174743652346,1348.415377339383,9.991013047670869,1.0099601151765962,8.440400123596191,72.91999816894531,4458.580078125,15609.8095703125,0.019423691185517677,0.004269350722874821,-0.016944389986780495,-0.01086043031447681,,,,0
2021-09-19,1419.3924560546875,1439.792350378105,1447.992257705757,1412.1924212038914,8035475700,50.39572221502299,10.239193406203867,8.795599816436624,1.443593589767243,1420.3974670410157,1407.5525268554686,1423.5555050646813,1490.5733630440352,1420.3974670410157,1350.2215710379962,9.881163214013684,0.9375864496000434,8.529009819030762,75.33999633789062,4432.990234375,15490.169921875,0.010498281377307128,0.033187030028971165,-0.005739460389093565,-0.00766438872291153,,,,0
2021-09-26,1384.692626953125,1407.692543813447,1417.4924687015725,1375.992721798689,9646390200,45.60231779634299,6.0073639501042635,8.237952643170152,-2.2305886930658883,1417.56748046875,1411.9325048828125,1419.8542785778664,1488.7531982040196,1417.56748046875,1346.3817627334806,10.043362127879842,1.1432810204895227,8.756429672241211,78.08999633789062,4455.47998046875,15531.75,0.026664273817929907,0.03650119635879179,0.00507326768269345,0.00268428805718135,,,,0
2021-10-03,1401.4925537109375,1393.1926190589463,1409.1924900583929,1379.0926762438773,8861160100,48.172564744210604,3.963533160904717,7.383068746717065,-3.4195355858123477,1415.577490234375,1416.1084838867187,1418.1055428762543,1486.1935949427702,1415.577490234375,1344.96138552598,9.977003052895865,1.0321129310739245,8.885000228881836,79.27999877929688,4357.0400390625,15156.4404296875,0.01468298855276684,0.015238858973141589,-0.02209412719567272,-0.024164023391601064,,,,1
2021-10-10,1397.9925537109375,1402.6924605600552,1407.7925309810782,1371.4926768488933,9494228700,47.66725239120131,2.037870483772167,6.314029094128085,-4.276158610355918,1412.8875,1420.2564624023437,1416.190020098605,1481.7726141616638,1412.8875,1344.0023858383363,9.750969438354257,1.0991687990889252,8.87090015411377,82.38999938964844,4391.33984375,15206.1298828125,-0.0015869526623344399,0.039228060774941786,0.007872272088387922,0.003278438189726396,,,,0
2021-10-17,1409.592529296875,1401.592485780141,1432.0924313125843,1397.1925703866204,10796660500,49.555871936702275,1.4312909916347962,5.3374814736294285,-3.9061904819946323,1412.2625061035155,1426.2004296875,1415.5616876412973,1481.0226830643926,1412.2625061035155,1343.5023291426385,9.73759151201839,1.2634412058373699,9.190099716186523,84.86000061035156,4471.3701171875,15587.3603515625,0.03598277024059726,0.029979381466210597,0.01822456841991027,0.02507084127835224,,,,1
2021-10-24,1479.8922119140625,1411.392489686705,1484.8921855186984,1407.8925083713766,12299543600,59.17217532518017,6.547691530030306,5.579523484909604,0.9681680451207022,1414.6124938964842,1431.958400878906,1421.6884042387035,1489.2985774519038,1414.6124938964842,1339.9264103410646,10.559228605382986,1.4273172948096606,9.531149864196777,85.52999877929688,4544.89990234375,15542.98046875,0.03711060364334928,0.007895335424539018,0.016444575874765777,-0.0028471711573698766,,,,1
2021-10-31,1521.991943359375,1474.9921605659993,1524.691880239176,1470.5921595374969,9329957600,63.64216203025104,13.840033018370605,7.2316253916018045,6.6084076267688,1417.6674743652345,1436.572375488281,1431.241122250196,1504.3579911417207,1417.6674743652345,1330.9769575887483,12.230021262962557,1.0906442309569122,9.52511978149414,84.37999725341797,4605.3798828125,15688.76953125,-0.0006326710615776054,-0.013445592684344532,0.013307219469797626,0.009379736582254328,,,,1
2021-11-07,1583.591552734375,1522.2919446481708,1586.591536777975,1491.6920648223559,16742037000,68.99164735859163,24.309613758313844,10.647223064944214,13.66239069336963,1427.2924194335938,1441.7643481445314,1445.7506870582129,1540.3077460923862,1427.2924194335938,1314.2770927748013,15.836324094489537,1.8893306661306586,9.694029808044434,82.73999786376953,4697.52978515625,16054.3603515625,0.01773311311826853,-0.019435878680145402,0.020009185927887918,0.023302708321662147,,,,1
2021-11-14,1638.4913330078125,1589.3915809580249,1643.7912821046032,1589.1915087786972,17901012800,72.82873052241456,36.61471374722396,15.840721201400163,20.773992545823795,1439.6223510742188,1447.9603173828125,1464.1069390534128,1585.427196110712,1439.6223510742188,1293.8175060377257,20.25598517940435,1.92322747219399,9.920900344848633,82.16999816894531,4682.85009765625,16094.0703125,0.02340311937311501,-0.006889046525753062,-0.003124980185625681,0.002473468893678721,,,,1
2021-11-21,1737.2908935546875,1672.391150916778,1759.1906783545812,1672.391150916778,22695625000,78.08456522998931,53.719646332049706,23.41650622753007,30.303140104519635,1457.6522644042968,1456.0882763671875,1490.1244585297247,1651.844440777809,1457.6522644042968,1263.4600880307846,26.6445133885033,2.265475150123424,11.03711986541748,78.88999938964844,4697.9599609375,16159.9697265625,0.11251191744390798,-0.03991723077020215,0.0032266382579302366,0.004094639378536602,,,,1
2021-11-28,1776.390625,1751.0907214951292,1834.4902383156223,1741.190749400024,20603812700,79.75366263875691,69.62782398437912,32.65876977889988,36.96905420547924,1477.5571594238281,1464.202236328125,1517.387902955465,1714.4215290205893,1477.5571594238281,1240.692789827067,32.06161847425601,1.9321115019493253,11.984299659729004,72.72000122070312,4594.6201171875,15257.0400390625,0.08581765948554332,-0.07821014344886545,-0.021996748505574315,-0.0558744665230303,,,,1
2021-12-05,1910.389892578125,1783.0904690502985,1914.089824127252,1776.790575880327,17538961700,84.19600327182168,91.98741672124675,44.52449916736926,47.46291755387749,1504.91201171875,1474.2441821289062,1554.8166638719088,1804.3217989819145,1504.91201171875,1205.5022244555853,39.791002388400194,1.5545743946037425,13.717100143432617,69.87999725341797,4538.43017578125,15169.98046875,0.1445892152986099,-0.03905395929059219,-0.012229507548633944,-0.005706190066330108,,,,1
2021-12-12,2035.4892578125,1917.289848654469,2053.4891409462607,1898.5898748980112,22933818600,87.05225720771007,118.43676305263193,59.3069519444218,59.129811108210134,1539.1068359375001,1486.4341186523438,1600.5950061519652,1911.9873031810455,1539.1068359375001,1166.2263686939548,48.4541369756722,1.8489124916493236,13.773300170898438,75.1500015258789,4712.02001953125,15623.3095703125,0.004097077872011301,0.07541506124205188,0.03824887395565546,0.02988330159662067,,,,1
2021-12-19,2084.489013671875,2047.589033160271,2406.8872168114444,2047.589033160271,30813976200,87.9694072764678,141.71829112380806,75.78921978029905,65.92907134350901,1573.6866577148435,1498.5900561523438,1646.68014972529,2012.0057154235192,1573.6866577148435,1135.3676000061678,55.70601435296662,2.273890955707447,15.660750389099121,73.5199966430664,4620.64013671875,15531.6904296875,0.1370368898362262,-0.021690017960294905,-0.019392931785886303,-0.0058642594395681424,,,,1
2021-12-26,1891.2900390625,2055.3889213581306,2149.3884191625984,1726.2909440042747,20329533400,67.62845108411038,142.9318972947931,89.21775528319786,53.71414201159523,1596.5115356445312,1505.6040209960938,1669.976329662167,2051.599241936509,1596.5115356445312,1141.4238293525539,57.010262203743245,1.4475886698637517,11.413299560546875,76.8499984741211,4725.7900390625,15756.3095703125,-0.27121630337130853,0.04529382457974762,0.022756566023862668,0.014461989288407473,,,,0
2022-01-02,1857.6900634765625,1898.689932964217,1942.4897506879042,1828.5903191062869,12098314900,64.82123509662047,139.57353487723003,99.2889112020043,40.28462367522573,1617.0164245605467,1512.2679833984375,1687.8538281206809,2080.72599061315,1617.0164245605467,1153.3068585079438,57.35372368634096,0.8530774703990889,13.290499687194824,77.77999877929688,4766.18017578125,15884.8603515625,0.16447479685340016,0.012101500632937023,0.008546748032581375,0.008158685933171261,,,,0
2022-01-09,2033.289306640625,1871.2900897604172,2036.0892186060616,1864.790124353448,14196274000,71.48336412171297,149.35967449049213,109.30306385970188,40.056610630790246,1646.4512756347658,1522.0839331054685,1720.7524451225802,2137.979716142322,1646.4512756347658,1154.9228351272095,59.707620599711284,0.9844946319162141,13.782099723815918,81.75,4677.02978515625,15947.740234375,0.036988830231472924,0.05104141531254225,-0.018704788181950538,0.003958478791808551,,,,1
2022-01-16,2072.888916015625,2049.4891129000007,2086.9889271901593,2017.9892844221574,16870260700,72.73724184936191,158.48371653660365,119.13919439508224,39.34452214152141,1677.1861083984377,1534.071867675781,1754.2892518742988,2195.3033462443373,1677.1861083984377,1159.0688705525383,61.78410794740662,1.1370848924819927,13.5826997756958,86.05999755859375,4662.85009765625,15883.240234375,-0.014468038406045491,0.052721682673929626,-0.003031771904682512,-0.004044460158748486,,,,1
2022-01-23,2011.1893310546875,2088.4889994506893,2102.9889230762747,1959.38960013157,21517567300,67.73948832749717,158.90419607400554,127.09219473086691,31.812001343138633,1704.3109680175785,1543.7518164062499,1778.7559260819548,2233.160613324767,1704.3109680175785,1175.46132271039,62.06022905812032,1.3819724083647493,13.354999542236328,87.88999938964844,4397.93994140625,15603.8798828125,-0.016763989281932568,0.021264256134898574,-0.056812925721793084,-0.017588372866003676,,,,0
2022-01-30,1983.189453125,2004.8893908394411,2019.3893347425026,1880.189921399179,14392516900,65.53871896240886,155.18914908385796,132.71158560146512,22.47756348239284,1731.5358276367192,1552.6477685546874,1798.2257858003402,2258.869797925564,1731.5358276367192,1204.2018573478747,60.9093917517808,0.9077670938826883,13.617600440979004,90.02999877929688,4431.85009765625,15318.9501953125,0.019663115518063323,0.024348610814764582,0.007710463694771796,-0.018260182059838037,,,,0
2022-02-06,1943.789794921875,2004.2894228786859,2034.889178290543,1936.9897819652704,12281194300,62.46347373956594,147.36696974393362,135.64266242995882,11.724307313974805,1757.7556945800784,1560.3177294921875,1812.0890247642958,2271.7194319458004,1757.7556945800784,1243.7919572143564,58.47954171907901,0.7643670581268412,13.566200256347656,93.2699966430664,4500.52978515625,15099.5595703125,-0.003774540518656333,0.03598798075863785,0.015496843527338822,-0.014321518263512134,,,,0
2022-02-13,2051.089111328125,1943.1896202690652,2054.888951756193,1908.589828631766,12656371900,67.00423979468609,148.11857561834972,138.13784506763702,9.980730550712707,1791.0755187988284,1571.9116674804686,1834.8509377703747,2289.3711746493113,1791.0755187988284,1292.7798629483457,55.642059826116224,0.7804076802377711,13.496100425720215,94.44000244140625,4418.64013671875,15425.1201171875,-0.005167241327920236,0.01254428905811289,-0.018195557489162795,0.021560929996599976,,,,1
2022-02-20,2032.3892822265625,2024.9892573370087,2059.0892181118033,1971.0895188635868,12047957600,65.51675413706775,145.52775538515107,139.61582713113984,5.9119282540112295,1822.6203552246095,1581.7196166992187,1853.6641134328686,2296.3455864155544,1822.6203552246095,1348.8951240336646,51.982875076863245,0.7356641252359447,13.522600173950195,93.54000091552734,4348.8701171875,15042.509765625,0.0019635114880649507,-0.009529876139481197,-0.015789930243801376,-0.024804367723281096,,,,0
2022-02-27,1952.3896484375,2050.08916943081,2060.6889664430532,1826.790412961218,12951101900,59.43755355457143,135.4577373459374,138.78420917409935,-3.3264718281619423,1850.340209960938,1589.6195751953126,1863.0665453380716,2282.504303400703,1850.340209960938,1418.176116521173,46.71185235161574,0.782552199481182,14.053000450134277,97.93000030517578,4384.64990234375,14567.23046875,0.03922324622196838,0.04693178690058919,0.008227374971453427,-0.03159574461178705,,,,0
2022-03-06,1990.7894287109375,1920.1897138117947,2046.9891319837484,1912.1897564630199,14024648100,61.29406277909569,129.08767448977983,136.84490223723543,-7.757227747455602,1879.4000549316409,1598.8555249023436,1875.2306294688206,2262.10938275677,1879.4000549316409,1496.6907271065113,40.72675498980441,0.8392352253693135,14.113499641418457,118.11000061035156,4328.8701171875,13094.5400390625,0.004305072891647166,0.20606555950464167,-0.012721605236129307,-0.10109611657801076,,,,1
2022-03-13,2053.888916015625,1982.9894559195575,2068.28904464352,1963.7896068383682,15530722100,64.19413562938789,127.6593772280387,135.00779723539608,-7.34842000735739,1908.099890136719,1612.2894506835937,1892.24570437804,2248.4037097526225,1908.099890136719,1567.7960705208154,35.669392506649125,0.9204600025788218,14.838000297546387,112.66999816894531,4204.31005859375,13628.1103515625,0.05133387710598436,-0.0460587792167827,-0.028774265621690165,0.040747541411023214,,,,1
2022-03-20,2144.28857421875,2066.3890322707957,2148.688453017679,2066.1890821507423,12913281400,67.90438165139064,132.29690193970964,134.4656181762588,-2.168716236549159,1939.2147216796877,1626.6433740234377,1916.2497872200124,2242.67715112374,1939.2147216796877,1635.7522922356357,31.29745520714718,0.7572906227992756,14.703310012817383,107.93000030517578,4463.1201171875,14413.08984375,-0.009077387924791736,-0.04206974297329835,0.06155827115194179,0.05760002465033609,,,,1
2022-03-27,2175.488525390625,2160.388504759854,2203.68836828745,2146.2885576214658,12829797700,69.09467411160458,136.91151823818018,134.95479818864308,1.9567200495370969,1968.8095703125,1642.2892944335938,1940.9391908553089,2239.972849776816,1968.8095703125,1697.646290848184,27.545912367875733,0.7611260589938379,14.836000442504883,120.6500015258789,4543.06005859375,14305.759765625,0.00902452778128393,0.11785417571330381,0.01791122338348039,-0.00744670846352502,,,,1
2022-04-03,2251.68798828125,2180.188435893256,2255.0881167012376,2170.188488710791,17177706200,71.8413213569822,145.0453027682779,136.97289910457005,8.07240366370786,1999.469403076172,1659.1612036132813,1970.5343144196843,2251.3569277547163,1999.469403076172,1747.5818783976279,25.195436778479003,1.0212562670130059,14.666199684143066,104.38999938964844,4545.85986328125,14446.48046875,-0.011445184234110672,-0.1347700118573374,0.000616281680495101,0.00983664659762673,,,,1
2022-04-10,2393.38720703125,2264.488040657855,2394.987296200101,2264.488040657855,21552264200,76.09578048685142,161.06862943410033,141.79204517047611,19.276584263624216,2032.27421875,1680.1250903320315,2010.8060184779285,2309.9659603633654,2032.27421875,1754.582477136635,27.328176389913203,1.2857041664063686,14.753700256347656,102.77999877929688,4488.27978515625,14283.669921875,0.005966138065009119,-0.015422939168167282,-0.012666487717779784,-0.011269910842795605,,,,1
2022-04-17,2494.38671875,2402.187259508641,2497.786912684437,2400.887217549129,26308178300,78.57999017911635,179.84391901669233,149.40241993971938,30.441499076972946,2068.1740234375,1702.05697265625,2056.861323265745,2388.890645538061,2068.1740234375,1747.4574013369393,31.014471554719528,1.5431625496799524,14.622699737548828,111.69999694824219,4392.58984375,14163.849609375,-0.008879163635066134,0.08678729592223045,-0.021319959090500107,-0.008388622332731077,,,,1
2022-04-24,2472.48681640625,2502.6865640908445,2562.286347543194,2465.4868537308835,23433072500,76.71824628719276,190.7573996250144,157.6734158767784,33.083983748235994,2096.2788696289067,1722.6808618164066,2096.4447035648404,2455.0358832932234,2096.2788696289067,1737.5218559645898,34.227985490100906,1.3511601167694642,14.70398998260498,106.6500015258789,4271.77978515625,14142.08984375,0.005559181718503892,-0.045210345213377856,-0.027503150280612898,-0.0015362889486342235,,,,0
2022-05-01,2430.587158203125,2471.286925242128,2510.286617116114,2398.8872400062796,17991292500,73.14748865545799,193.79155101846482,164.89704290511568,28.894508113349133,2116.0337646484377,1742.4667578125002,2128.2677944827724,2503.0922704703917,2116.0337646484377,1728.975258826484,36.58339600136396,1.0523807491272066,14.78888988494873,109.33999633789062,4131.93017578125,14097.8798828125,0.005773936356335163,0.025222642039615772,-0.032738019375660454,-0.003126126437178467,,,,0
2022-05-08,2458.68701171875,2460.7868946345957,2491.586778821224,2433.2872430476127,6044706100,74.0207934574525,196.20186819100718,171.158007962294,25.043860228713186,2134.7436645507814,1762.6046508789063,2159.7362913623892,2550.494812851851,2134.7436645507814,1718.992516249712,38.950919982100686,0.3811929885003839,14.865079879760742,112.38999938964844,4123.33984375,13674.2900390625,0.005151840023472909,0.027894669415686302,-0.0020790119062517043,-0.030046350747137685,,,,1
2022-05-15,2419.18701171875,2461.886739068085,2500.886715058879,2361.787508556405,15276590700,70.54750905160442,192.70337744936978,175.46708185970917,17.236295589660614,2161.138513183594,1782.54654296875,2184.445883777281,2578.835815201674,2161.138513183594,1743.4412111655145,38.6553013117855,0.9789742542331725,15.406800270080566,111.55000305175781,4023.889892578125,14027.9296875,0.0364424809487498,-0.007473942009541434,-0.02411878596973216,0.025861646010672645,,,,0
2022-05-22,2372.38720703125,2419.0872520685466,2424.4871257384443,2372.38720703125,11632057200,66.56233938641606,184.03302703627014,177.18027089502138,6.852756141248761,2186.8733703613284,1801.3364379882812,2202.345057420516,2588.9827592702063,2186.8733703613284,1784.7639814524507,36.77482147422545,0.7465358417129173,15.902649879455566,112.55000305175781,3901.360107421875,13981.91015625,0.0321838149831748,0.00896458962476232,-0.03045058101173459,-0.0032805647216073153,,,,0
2022-05-29,2438.787109375,2392.287292728348,2469.9868950104237,2346.087587901486,15645324000,69.21911185431316,180.43963328663358,177.83214337334385,2.607489913289726,2207.148260498047,1820.8943334960939,2224.8633480828476,2617.4595305191187,2207.148260498047,1796.8369904769752,37.18021823585918,0.9994565815723808,16.360700607299805,119.43000030517578,4158.240234375,14462.1904296875,0.028803421525112505,0.06112836132269228,0.06584373651241293,0.03435011869410509,,,,1
2022-06-05,2601.2861328125,2466.8867950007384,2623.185917999683,2466.686844891261,17951694800,74.54872836510813,188.5308892466146,179.971892547998,8.558996698616596,2233.5681213378907,1845.0982031250003,2260.7131371047194,2674.3919354884624,2233.5681213378907,1792.744307187319,39.472609761865826,1.1428448225796943,16.48349952697754,119.72000122070312,4108.5400390625,14460.08984375,0.007505725006846209,0.002428208279212196,-0.011952218369117418,-0.0001452467347676789,,,,1
2022-06-12,2543.086669921875,2619.786040000412,2684.785857841158,2511.3865505222243,18598570900,69.88179328228367,188.07899999040637,181.5933140364797,6.485685953926662,2260.1629882812504,1868.1220825195314,2287.605854515877,2708.610704749311,2260.1629882812504,1811.7152718131897,39.682776754882134,1.1951309414310052,17.239599227905273,122.01000213623047,3900.860107421875,13761.830078125,0.04587009570936518,0.01912797270445843,-0.05054835286161996,-0.04828875706652713,,,,0
2022-06-19,2533.28662109375,2540.286459539666,2552.186298225107,2469.1868535093968,13205213000,69.09737623560211,184.79983499722584,182.23461822862896,2.5652167685968834,2287.6678466796875,1891.2539624023439,2311.004022761389,2732.0484962984615,2287.6678466796875,1843.2871970609137,38.850102322655474,0.8518070416255106,17.296600341796875,113.12000274658203,3674.840087890625,13126.259765625,0.003306405974875304,-0.07286287381359358,-0.05794107281653571,-0.04618356053605588,,,,0
2022-06-26,2554.086669921875,2548.986520441249,2588.686283203965,2511.2867686333234,12902792900,69.87040746399329,181.78397076381816,182.1444887356668,-0.3605179718486511,2318.182690429687,1914.7698413085939,2334.1547510623877,2746.6698773545895,2318.182690429687,1889.6955035047852,36.96750809967267,0.8306340501488277,17.34589958190918,113.12000274658203,3911.739990234375,13118.1298828125,0.0028502271624541997,0.0,0.06446536357442745,-0.0006193601953383698,,,,1
2022-07-03,2443.787109375,2539.1864708801695,2561.086538703594,2367.787551961584,12658186900,61.136715009206654,168.5506766254848,179.4257263136304,-10.875049688145594,2337.817590332031,1936.3797265625,2344.5959280445413,2750.468311410735,2337.817590332031,1925.1668692533271,35.302217143476696,0.8148824605574596,16.6919002532959,111.62999725341797,3825.330078125,12813.0302734375,-0.03770339644392773,-0.013171901140261233,-0.022089891538061512,-0.02325785855914908,,,,0
2022-07-10,2433.987060546875,2458.686977786911,2475.4869379692045,2359.087467659058,9411940500,60.41414095334665,155.48013542397211,174.63660813569876,-19.15647271172665,2357.8974792480467,1958.0276123046874,2353.1093692352397,2746.3440509217,2357.8974792480467,1969.4509075743936,32.948554811427336,0.6110873080574569,17.258899688720703,107.0199966430664,3899.3798828125,13015.23046875,0.03396853724385562,-0.041297148828966845,0.01935775558583841,0.015780825534430942,,,,0
2022-07-17,2382.38720703125,2435.4871602373905,2440.9871312418272,2374.987344120037,4167918800,56.61965953318744,139.35160188964346,167.5796068864877,-28.22800499684425,2379.3973571777346,1977.8175048828125,2355.8977347396217,2717.7056131755066,2379.3973571777346,2041.0891011799627,28.436465643472705,0.2785521007978004,17.464099884033203,101.16000366210938,3863.159912109375,12864.7197265625,0.011889529403001697,-0.05475605648261517,-0.009288648911272679,-0.011564201075722869,,,,0
2022-07-24,2516.586669921875,2401.887223654655,2542.686384177432,2401.887223654655,13590827200,63.109262860734766,135.832604258414,161.23020636087298,-25.39760210245899,2405.687219238281,1999.4533886718752,2371.201442852217,2695.0170837556934,2405.687219238281,2116.357354720869,24.053822309371,0.9096265287110779,17.72047996520996,103.19999694824219,3961.6298828125,13253.6796875,0.01468040625507161,0.020166006448029794,0.02548948864230627,0.03023462377764763,,,,1
2022-07-31,2592.38623046875,2520.7867670414003,2593.586419451625,2520.7867670414003,15081532900,66.18620743362365,137.57429351679275,156.49902379205696,-18.92473027526421,2432.6120849609374,2022.3492675781254,2392.2666607204583,2681.494393500254,2432.6120849609374,2183.729776421621,20.462145204159253,1.0109182461553359,17.945199966430664,110.01000213623047,4130.2900390625,13484.0498046875,0.012681372155939785,0.06598842431559082,0.042573425897691974,0.017381596856061776,,,,1
2022-08-07,2750.4853515625,2600.286187195662,2762.985284990797,2600.286187195662,19446343300,71.5215896259617,149.98296235614316,155.1958115048742,-5.212849148731038,2462.921923828125,2048.4671289062503,2426.3827265149384,2711.6092806157094,2462.921923828125,2214.2345670405402,20.1944977939901,1.275563132503233,17.941699981689453,94.91999816894531,4145.18994140625,13573.9296875,-0.00019503737755821593,-0.13716938164039405,0.0036074711952025496,0.0066656445292314626,,,,1
2022-08-14,2864.284912109375,2759.3851999799035,2896.684643232163,2759.3851999799035,22897106500,74.6252184441359,167.07367397069902,157.57138399803915,9.502289972659867,2497.3617431640623,2076.588981933594,2468.0876965715515,2768.2347658461244,2497.3617431640623,2226.488720482,21.692734216299506,1.4539076861251126,17.949100494384766,98.1500015258789,4280.14990234375,13795.849609375,0.000412475557102443,0.034028691732427285,0.03255820911591689,0.016348981244492578,,,,1
2022-08-21,3020.183837890625,2875.384669206287,3051.783766954971,2773.0854569869334,27424100700,78.13995169662928,190.9962406943323,164.25635533729778,26.739885357034524,2535.7865356445313,2107.6188159179687,2520.6682814590827,2870.4429907028834,2535.7865356445313,2201.1300805861792,26.394686646862493,1.6864968221718861,18.07670021057129,96.72000122070312,4228.47998046875,13544.51953125,0.007108975529243944,-0.014569539306616641,-0.01207198884476135,-0.018217803559862578,,,,1
2022-08-28,3146.08349609375,3017.7839301575837,3188.083274465193,3010.6838704243683,31049926300,80.4901770065256,217.60567464279166,174.92621919839655,42.6794554443951,2573.4213500976566,2141.7666406250005,2580.231635233813,2997.8920929487535,2573.4213500976566,2148.9506072465597,32.98882577740245,1.8552921674433778,18.165800094604492,100.98999786376953,4057.659912109375,12971.4697265625,0.004928990523452859,0.044148020979888125,-0.04039751143398784,-0.04230861075325376,,,,1
2022-09-04,3222.682861328125,3145.1832108544513,3228.8827796219166,3110.583541496444,23614505700,81.77408257652725,242.08417567930883,188.357810494579,53.726365184729815,2609.8361572265626,2177.832448730469,2641.4174662904143,3121.7174095430014,2609.8361572265626,2097.954904910124,39.22707951601131,1.4224590267611599,18.20709991455078,93.0199966430664,3924.260009765625,13050.26953125,0.0022734930325780667,-0.07891871857898503,-0.0328760677911033,0.006074855536696511,,,,1
2022-09-11,3521.381103515625,3247.8826664765315,3545.880972723525,3247.8826664765315,37249386600,85.72037124154573,282.33147443593225,207.15254328284968,75.17893115308257,2662.280871582031,2220.566218261719,2725.2235269785297,3311.4336578555635,2662.280871582031,2013.1280853084986,48.76666419405858,2.154139759144559,18.23870086669922,92.83999633789062,4067.360107421875,13088.2099609375,0.001735638970332909,-0.001935071077958317,0.03646549853988823,0.002907252574105623,,,,1
2022-09-18,3377.2822265625,3557.6811476672715,3715.2804619939784,3277.3824927166715,31192741400,77.05274493289285,299.15173855456624,225.55238233719302,73.59935621737321,2709.615625,2260.0820117187504,2787.3243555103363,3422.5606288335903,2709.615625,1996.6706211664093,52.62333131353939,1.7375564840886022,18.27322006225586,91.3499984741211,3873.330078125,12741.259765625,0.0018926345581808945,-0.016049094383273066,-0.04770416785639919,-0.02650860555782586,,,,0
2022-09-25,3281.582763671875,3382.981930007374,3393.6818240264147,3149.6832930941514,22440559300,71.85620799932333,301.2867263536218,240.6992511404788,60.58747521314302,2750.7604125976563,2297.753815917969,2834.396584859054,3496.937140029137,2750.7604125976563,2004.5836851661757,54.25239682919788,1.1954357293999816,18.33799934387207,86.1500015258789,3693.22998046875,12284.1904296875,0.003545039210139933,-0.056923886536411006,-0.04649748253405572,-0.0358731667311768,,,,0
2022-10-02,3179.983154296875,3282.582644573723,3319.0824796909415,3048.68386766609,22004037500,66.71223571203639,291.4211584813311,250.84363260864927,40.577525872681804,2788.800219726563,2333.161628417969,2867.30959147218,3541.347377746014,2788.800219726563,2036.2530617071113,53.96924115942857,1.151547156336702,18.497499465942383,87.95999908447266,3585.6201171875,12114.3603515625,0.008697792985995045,0.021009837800757714,-0.029137059931369835,-0.013825093244612008,,,,0
2022-10-09,3567.5810546875,3195.78302792063,3589.1807929084384,3195.78302792063,22392845900,74.277465780084,311.29017674951365,262.93294143682215,48.3572353126915,2848.559912109375,2374.9154052734375,2934.002111778401,3650.1018070044142,2848.559912109375,2047.018017214336,56.27699045315096,1.1398009424101212,18.575300216674805,97.91999816894531,3639.659912109375,12273.0,0.004206014487291521,0.1132332786282495,0.015071254944950097,0.013095173317759112,,,,1
2022-10-16,3626.980712890625,3574.0810966857116,3640.5807382263424,3510.881384051173,17811592600,75.20738879410034,328.04803927498233,275.9559610044542,52.092078270528134,2907.9695922851565,2417.0151806640624,3000.0000737890887,3756.3940994001196,2907.9695922851565,2059.5450851701935,58.35167667267452,0.9016431893323436,18.552900314331055,91.62999725341797,3583.070068359375,12437.8095703125,-0.0012058971904874705,-0.0642361216620424,-0.01554811304257353,0.013428629537399095,,,,1
2022-10-23,3934.579345703125,3641.3804935838634,3952.179106393221,3641.3804935838634,29406637800,79.36722334296441,361.9767622269883,293.160121248961,68.8166409780273,2974.6342529296876,2464.0349365234374,3089.007623495187,3924.997506164419,2974.6342529296876,2024.2709996949561,63.897822214527935,1.4466546143607542,18.5856990814209,93.5,3752.75,12730.900390625,0.00176785120030587,0.020408193851738643,0.04735601827577951,0.023564504558107435,,,,1
2022-10-30,3878.9794921875,3946.0792673136734,4015.5788945785457,3877.5795972448673,19540724900,76.85700681644968,379.99868776674884,310.5278345525186,69.47085321423026,3041.4288940429688,2508.8446997070314,3164.243039561122,4050.0789038616285,3041.4288940429688,2032.7788842243087,66.32737735833517,0.9590800587379013,18.60890007019043,95.7699966430664,3901.06005859375,13243.330078125,0.001248324782828547,0.02427803896327707,0.039520367355605934,0.04025085985884802,,,,0
2022-11-06,4216.9775390625,3884.579599684943,4233.577548301924,3880.8794238973605,21295852300,80.8269661905104,416.75076778061566,331.772421198138,84.97834658247768,3125.6134399414063,2558.438432617188,3264.503468085062,4232.005945990335,3125.6134399414063,2019.2209338924774,70.79522322950271,1.0248748663192193,18.60919952392578,98.56999969482422,3770.550048828125,13459.849609375,1.609196321239459e-05,0.029236745848424617,-0.03345501166487319,0.016349326791124996,,,,1
2022-11-13,4455.4765625,4230.077686711794,4552.375955116118,4230.077686711794,29604179900,83.0380239080678,459.8213990881395,357.3822167761383,102.43918231200121,3220.682934570312,2612.020151367188,3377.929477076961,4441.176768406975,3220.682934570312,2000.1891007336496,75.79099580005659,1.3696731306550043,18.482650756835938,95.98999786376953,3992.929931640625,14224.8603515625,-0.00680033372349742,-0.026174311038271836,0.05897810132015491,0.056836499989915135,,,,1
2022-11-20,4526.67626953125,4451.876120242789,4783.9744815652775,4446.576493561328,31180076800,83.64441337902096,494.0058145015064,384.7069363212119,109.29887818029448,3324.827392578125,2664.3458789062506,3487.3339335011788,4619.411641845241,3324.827392578125,2030.2431433110085,77.87377186298231,1.3833132468470497,18.599199295043945,87.62000274658203,3965.340087890625,14431.8603515625,0.0063058345765096835,-0.08719653404999883,-0.006909673904210933,0.014551988201224164,,,,1
2022-11-27,4874.27392578125,4503.076042567541,4939.673882267932,4463.476156450862,31137991000,86.23217294778951,542.887368221363,416.34302270124215,126.54434552012083,3446.841735839844,2721.121572265625,3619.4234565754714,4843.845511631731,3446.841735839844,2049.837960047958,81.05993154637824,1.3179296263274336,18.626800537109375,83.62999725341797,4026.1201171875,14541.3798828125,0.0014840016297252845,-0.04553760977050081,0.015327822569994876,0.007588732746997673,,,,1
2022-12-04,4962.9736328125,4906.374111748597,5091.6730976964345,4817.274208990332,27494540500,86.80585223584606,582.0738912895972,449.4891964189132,132.58469487068402,3575.8710571289066,2778.6912646484375,3747.380616217093,5034.263396988122,3575.8710571289066,2117.4787172696915,81.56850829124522,1.1089738843440027,18.632600784301758,85.56999969482422,4071.699951171875,14529.3896484375,0.00031139256475243293,0.023197447149586825,0.011321031826595274,-0.0008245595996823063,,,,1
2022-12-11,5005.2734375,4993.673637195078,5032.573559085462,4711.37479353203,25508264100,87.08228550532726,609.5166058475911,481.4946783046488,128.0219275429423,3700.305395507813,2840.970932617188,3867.179932529751,5202.18097317267,3700.305395507813,2198.4298178429563,81.17576346472052,1.0047114286392091,18.638530731201172,76.0999984741211,3934.3798828125,14370.7197265625,0.00031825653155248546,-0.11066964186603734,-0.03372548812685794,-0.010920618533488358,,,,1
2022-12-18,5214.27197265625,5057.473371262815,5302.071993366606,5041.673471297491,34603146900,88.37791970155489,640.7434977690532,513.3444421975297,127.39905557152349,3831.3996826171883,2908.102570800781,3995.4744125417983,5382.978801446679,3831.3996826171883,2279.820563787697,80.99280927901648,1.3124788126014424,18.64459991455078,79.04000091552734,3852.360107421875,13893.0703125,0.0003256256320380846,0.038633409991539525,-0.02084693848424035,-0.033237682116896594,,,,1
2022-12-25,5454.77099609375,5270.571937159991,5515.671024442975,5267.672050310242,28956779300,89.66277823202181,677.0921984630013,546.0939934506241,130.99820501237718,3966.61396484375,2976.532204589844,4134.455039546746,5591.190992057774,3966.61396484375,2342.0369376297267,81.91253505446767,1.0788565499863567,18.66963005065918,83.91999816894531,3844.820068359375,13940.9296875,0.0013424871664242666,0.06174085522384276,-0.001957251879951105,0.0034448378884932573,,,,1
2023-01-01,5509.1708984375,5516.870537338761,5562.970417027908,5258.472141132789,19835797000,89.93386217819577,702.193968157043,577.313988391908,124.87997976513498,4098.858264160156,3045.2578442382815,4265.380359441104,5775.384837403778,4098.858264160156,2422.331690916534,81.80456435407568,0.7432705061139866,18.70298957824707,85.91000366210938,3839.5,13923.58984375,0.0017868338846227516,0.02371312603174558,-0.001383697615177426,-0.0012438082781198734,,,,1
2023-01-08,5341.9716796875,5568.370124632084,5704.7696055706965,4961.27350263567,25128422600,82.75105341603732,700.5205569554282,601.9553021046121,98.56525485081613,4214.94765625,3111.873491210937,4367.912866131237,5898.507726497279,4214.94765625,2531.3875860027215,79.88521839652579,0.945658736238478,18.766599655151367,78.56999969482422,3895.080078125,14610.01953125,0.003401064660714992,-0.08543829186824337,0.014475863556452584,0.04929976358130972,,,,0
2023-01-15,4984.87353515625,5401.571534515142,5416.67155232353,4601.2753969924215,21109334600,69.90880738643156,662.7398778809538,614.1122172598805,48.627660621073346,4306.887158203125,3171.907172851563,4426.671025086,5944.892154588899,4306.887158203125,2668.882161817351,76.06444915864317,0.8095506956957914,18.77869987487793,85.27999877929688,3999.090087890625,15086.51953125,0.0006447742238291365,0.08540154143483702,0.0267029194983055,0.032614603901164774,,,,0
2023-01-22,5490.2705078125,5013.173402766987,5507.670805587002,4981.373279751713,22745411100,75.66492725669393,665.9036071612118,624.4704952401468,41.433111921065006,4420.266540527344,3242.836787109375,4527.966213917095,6056.2009271233,4420.266540527344,2784.332153931388,74.01971675675408,0.8737509374360363,18.792699813842773,87.62999725341797,3972.610107421875,15033.5595703125,0.0007455222703449671,0.02755626768010222,-0.006621501363255677,-0.0035104160921808347,,,,1
2023-01-29,5191.7724609375,5513.970607174005,5568.970313992027,5020.473558437913,19600748600,67.45737920123752,636.9818573347902,626.9727676590755,10.009089675714677,4503.786108398437,3305.650454101563,4591.185856490467,6116.893749857346,4503.786108398437,2890.6784669395283,71.63340365790754,0.7793698049721096,18.81049919128418,86.66000366210938,4070.56005859375,15150.0302734375,0.0009471431788792284,-0.011069195728757864,0.024656321290850824,0.007747380291424744,,,,0
2023-02-05,4997.57373046875,5201.072689931726,5232.572523939281,4479.676260633173,19047781200,62.69278462840813,591.5716776062154,619.8925496485035,-28.3208720422881,4584.80068359375,3364.9541430664062,4629.8894635360175,6120.591256005662,4584.80068359375,3049.010111181839,66.99486753732106,0.7761224791684065,18.80525016784668,79.94000244140625,4136.47998046875,15476.4296875,-0.00027904753532181914,-0.07754443730356464,0.01619431255800552,0.02154447272853144,,,,0
2023-02-12,4505.27587890625,4879.473903962048,4991.673499217051,4185.977769887764,3064514900,52.55825371396173,509.9807203995688,597.9101837987166,-87.92946339914783,4645.9853393554695,3416.0118676757816,4618.021503095088,6055.477688933161,4645.9853393554695,3236.492989777779,60.675712324706886,0.12999866303950314,18.829700469970703,86.38999938964844,4090.4599609375,15307.98046875,0.001300184890165923,0.080685473495824,-0.011125406081630485,-0.010884242822881363,,,,0
2023-02-19,5026.77294921875,4769.174793757955,5320.371893722765,4769.174793757955,6947845800,59.94497502613302,481.8453410700067,574.6972152529747,-92.851874182968,4738.324829101563,3476.7315380859377,4656.950212249722,5974.786794942053,4738.324829101563,3501.8628632610735,52.189835456043916,0.30445467579075297,18.854820251464844,83.0,4079.090087890625,15482.0,0.001334051039962203,-0.03924064606550559,-0.0027796074660193515,0.011367896085655804,,,,1
2023-02-26,5058.77294921875,5051.573270626634,5264.771848154236,5014.373272869507,15921018700,60.35290461894046,456.8635442611476,551.1304810546093,-94.2669367934617,4812.884423828125,3536.82921875,4695.219044342011,5925.760712942784,4812.884423828125,3700.0081347134665,46.245710102861224,0.7076941514362883,18.86302947998047,83.16000366210938,3970.0400390625,15209.740234375,0.0004353915023393995,0.0019277549651732784,-0.026733915279747333,-0.017585568119429018,,,,1
2023-03-05,5212.3720703125,5076.373195180084,5352.071785834313,4980.073897130102,18206134100,62.33571579863223,444.3374106176843,529.7718669672244,-85.43445634954003,4892.15399169922,3598.1908886718747,4744.471713482058,5866.605983000624,4892.15399169922,3917.7020003978146,39.83733925607452,0.8085592249995683,18.885700225830078,85.83000183105469,4045.639892578125,15578.3896484375,0.0012018613380035958,0.03210675867444501,0.01904259220858573,0.024237719276055003,,,,1
2023-03-12,5384.57177734375,5244.1721779472855,5503.070988080877,5221.872004118811,21199104300,64.48041424180474,443.1965428184021,512.4568021374599,-69.26025931905781,4964.653613281251,3662.372553710937,4805.433624326029,5850.8989655864625,4964.653613281251,4078.4082609760385,35.702202866051415,0.9589585002507124,18.951900482177734,82.77999877929688,3861.590087890625,15427.9697265625,0.0035053111907978884,-0.035535395394274305,-0.04549337300760414,-0.00965567849242277,,,,1
2023-03-19,5136.37255859375,5414.871094173521,5429.27091990739,5065.272761519565,15317555300,59.24400463614889,417.4526597953927,493.45597366904656,-76.00331387365384,5027.523266601564,3720.0662451171875,4836.951618065812,5753.368494280667,5027.523266601564,4301.6780389224605,28.87486299669579,0.6995842853854762,19.00200080871582,72.97000122070312,3916.639892578125,14768.2001953125,0.0026435515839269286,-0.11850685797602611,0.014255734926430508,-0.042764507770200466,,,,0
2023-03-26,5031.97314453125,5119.572966824032,5137.0728740844515,4890.3741088822735,12313619500,57.14195381244071,384.1974972191556,471.6042783790684,-87.40678115991278,5068.2730468750015,3772.8379638671877,4855.525096776806,5685.971352083279,5068.2730468750015,4450.574741666724,24.37509974286561,0.5741655526112671,19.057199478149414,74.98999786376953,3970.989990234375,14957.23046875,0.0029048872268375714,0.02768256282409509,0.01387671553855152,0.012799817915354339,,,,0
2023-04-02,4812.87451171875,5064.773084024144,5073.9732307986305,4752.874550224082,11859926200,52.8998658883476,336.2866099938228,444.54074470201925,-108.25413470819643,5086.142944335938,3819.2077197265626,4851.463136295087,5647.286588205811,5086.142944335938,4524.9993004660655,22.0655868311675,0.5768755059586266,19.17569923400879,79.7699966430664,4109.31005859375,15628.83984375,0.006218109643824965,0.06374181778189203,0.03483264090303373,0.044901987463734416,,,,0
2023-04-09,4924.57373046875,4806.374200438084,5028.773352962612,4680.474971335737,10428382900,54.74442190321106,303.8277430367225,416.39814436895995,-112.57040133223745,5106.037817382813,3868.249458007813,4858.4260500259115,5608.84591705285,5106.037817382813,4603.229717712776,19.6946484790338,0.5342049141253767,19.250699996948242,85.12000274658203,4105.02001953125,15597.8896484375,0.003911240055665788,0.06706789931876789,-0.001043980376591036,-0.001980325834926022,,,,1
2023-04-16,5092.873046875,4955.973863341078,5198.372280699275,4955.973863341078,13086487500,57.44839607650089,288.36016888864833,390.79054927289764,-102.4303803842493,5116.9677734375,3921.49517578125,4880.7543354401105,5607.927190806475,5116.9677734375,4626.008356068525,19.18946685252058,0.7028664114400791,19.335100173950195,86.30999755859375,4137.64013671875,15807.5,0.0043842653521863895,0.013980201757682664,0.00794639661494867,0.013438378927337569,,,,1
2023-04-23,5012.2734375,5111.972865328122,5138.072824444156,4975.473599269025,6994285200,55.731030459273214,266.525944875043,365.93762839332675,-99.41168351828372,5119.432763671875,3972.5669042968752,4893.279964207719,5607.62397841722,5119.432763671875,4631.24154892653,19.07208229042912,0.39754423871822064,19.404260635375977,81.66000366210938,4133.52001953125,15881.66015625,0.003576938355817738,-0.0538754956322135,-0.0009957649895496745,0.004691453819389624,,,,0
2023-04-30,4617.87548828125,5022.47314613422,5076.372760290664,4578.075894008644,9294986900,48.14639028275149,214.92008173724662,335.7341190621107,-120.8140373248641,5100.0628662109375,4016.540673828125,4867.0509665004365,5635.756049297626,5100.0628662109375,4564.369683124249,21.007316856259813,0.5538313402130818,19.43549919128418,79.54000091552734,4169.47998046875,15922.3798828125,0.0016098812778906346,-0.025961335433612343,0.008699597623232913,0.002563946474227752,,,,0
2023-05-07,4400.7763671875,4628.3753277401365,4660.275060710567,4311.3769077804545,6971064600,44.55209203116336,154.72045757636897,299.53138676496235,-144.81092918859338,5059.3880859375,4057.10845703125,4822.643861803966,5675.993951375901,5059.3880859375,4442.7822204991,24.37472101229981,0.45262362095610714,19.487199783325195,75.30000305175781,4136.25,15961.01953125,0.0026601113525399622,-0.05330648497568502,-0.007969814131357,0.0024267508200335186,,,,0
2023-05-14,4795.57470703125,4433.276078858168,4982.873520047425,4374.076688647843,15500998000,51.62464886294228,137.28619843414253,267.08234909879843,-129.7961506646559,5026.428271484375,4104.244208984375,4820.065847063707,5624.232346766317,5026.428271484375,4428.624196202432,23.786436132924365,1.05243698176311,19.565799713134766,74.16999816894531,4124.080078125,15913.8203125,0.004033413249902917,-0.015006704342837573,-0.0029422597461469246,-0.002957155628911301,,,,1
2023-05-21,4501.67626953125,4489.576233534422,4699.975020288559,4405.97656309676,11964283100,46.83535245190379,98.61747391035715,233.3893740611102,-134.77190015075305,4976.053540039063,4142.2520117187505,4789.743030155854,5572.371731739299,4976.053540039063,4379.735348338826,23.967515096132004,0.8346148307474222,19.806859970092773,75.58000183105469,4191.97998046875,16275.3798828125,0.012320490881657209,0.019010431399737238,0.016464254102122267,0.02271984747926936,,,,0
2023-05-28,4580.67578125,4532.575816165568,4605.275259514826,4404.076786658951,10563123200,48.225753872828534,73.49957416232974,201.4114140813541,-127.91183991902437,4937.988745117187,4183.003793945313,4769.831863593392,5533.149404063457,4937.988745117187,4342.828086170917,24.105387422552568,0.7763103514008443,19.97439956665039,76.94999694824219,4205.4501953125,15983.9697265625,0.008458665170077095,0.018126423445316675,0.0032133299554173433,-0.0179049680159995,,,,1
2023-06-04,5114.97265625,4696.175190184025,5146.672682099701,4622.275193044969,17954630000,56.50994533823593,95.6046789276943,180.25006705062214,-84.64538812292784,4944.493701171875,4234.637514648437,4802.702415274974,5544.635058115973,4944.493701171875,4344.3523442277765,24.27513890054552,1.335006550743722,20.890199661254883,76.12999725341797,4282.3701171875,16051.23046875,0.045848692049473616,-0.01065626676211262,0.018290532119661584,0.00420801236101731,,,,1
2023-06-11,5626.47021484375,5233.172610325525,5639.170342924881,5204.472566296081,19533966600,62.668239492194,152.63720523934535,174.7274946883668,-22.09028944902144,4951.303686523437,4296.085185546875,4881.156491424381,5579.935945189365,4951.303686523437,4322.671427857509,25.392595504773926,1.4699878120313241,23.498699188232422,74.79000091552734,4298.85986328125,15949.83984375,0.12486714197449866,-0.017601423699387664,0.003850612077542559,-0.006316688630033429,,,,1
2023-06-18,5475.47119140625,5673.769567612225,5730.169657665665,5321.9718846611295,15926312300,59.968576979313454,183.53584700144438,176.4891651509823,7.046681850462079,4965.488623046876,4356.7188671875,4937.757891422654,5628.813588614744,4965.488623046876,4302.163657479007,26.71740954109145,1.2153036342765102,23.650800704956055,76.61000061035156,4409.58984375,16357.6298828125,0.006472763258308367,0.02433479973987218,0.025757987929439397,0.02556703033117258,,,,0
2023-06-25,5582.77001953125,5485.471026016154,5593.970155088864,5152.772458203041,14904869200,61.24614039478251,214.2120586369756,184.033743848181,30.17831478879461,4994.7484375,4419.694526367187,4999.187617909187,5713.3558891924295,4994.7484375,4276.140985807571,28.774520306056115,1.1556262530215846,24.885099411010742,73.8499984741211,4348.330078125,15829.9404296875,0.05218845321359611,-0.03602665597495813,-0.013892395391790768,-0.032259530072841436,,,,1
2023-07-02,5759.0693359375,5644.2699991161,5766.56929587692,5632.070356507233,4044776000,63.31761374646369,249.86872765292446,197.2007406091297,52.66798704379477,5057.4381103515625,4487.228168945313,5071.557305340454,5814.007560220992,5057.4381103515625,4300.868660482133,29.919078923413146,0.3124182881003363,26.03860092163086,74.9000015258789,4450.3798828125,16147.900390625,0.04635310036614659,0.01421805109617913,0.02346873463007748,0.020085985942259077,,,,1
2023-07-09,6187.0673828125,5867.169238443184,6223.266898434569,5867.169238443184,20317533500,67.81530490403264,309.09965181609914,219.5805228505236,89.51912896557553,5115.45283203125,4560.637783203126,5177.796360337791,6024.668238356552,5115.45283203125,4206.237425705948,35.54779747482374,1.4922736245696009,26.12980079650879,78.47000122070312,4398.9501953125,15603.400390625,0.003502487524288167,0.04766354635641412,-0.011556246624838229,-0.033719554049028044,,,,1
2023-07-16,6437.666015625,6264.266633863838,6445.965776246339,6228.167215644085,24041238000,70.12503409325397,371.9739175037312,250.05920178116514,121.91471572256603,5184.397485351562,4637.543378906251,5297.783946555621,6267.926116702405,5184.397485351562,4100.868854000719,41.79959713399049,1.7146392630907867,26.057199478149414,79.87000274658203,4505.419921875,16105.0703125,-0.002778487250047257,0.017841232370333415,0.024203439874348476,0.032151320181235565,,,,1
2023-07-23,6687.76416015625,6501.765174144452,6724.364062741869,6299.566863083819,24061614600,72.26431134450145,436.9462122073164,287.43660386639544,149.50960834092098,5258.16708984375,4716.288955078126,5430.163014517585,6533.615625322999,5258.16708984375,3982.7185543645,48.51304698714512,1.6809919716400725,26.850500106811523,81.06999969482422,4536.33984375,16177.2197265625,0.030444585164546956,0.015024375948122115,0.006862827974119634,0.004479919221867634,,,,1
2023-07-30,7067.26220703125,6729.964169662617,7096.962244340302,6538.265003460777,26390016600,75.16982663441682,513.1443361593319,332.57815032498274,180.5661858343492,5342.301611328126,4800.348500976563,5586.07722332841,6853.134580292307,5342.301611328126,3831.468642363944,56.56112585483844,1.8108242049632792,26.9552001953125,84.98999786376953,4582.22998046875,16469.75,0.003899372007392099,0.0483532525435002,0.010116115260186298,0.018082852207117694,,,,1
2023-08-06,7400.56103515625,7143.062401707259,7427.060895281614,7113.262012026305,27099883300,77.4082536559919,593.583863024478,384.7792928648818,208.80457015959615,5455.511035156251,4887.956044921875,5758.885205407251,7219.485306580124,5455.511035156251,3691.536763732377,64.66760895749346,1.7872847368010674,26.963289260864258,86.23999786376953,4478.02978515625,15951.8603515625,0.0003000929502710026,0.014707613029989908,-0.022740062318268972,-0.03144490040452952,,,,1
2023-08-13,7714.35888671875,7434.4606377050695,7766.058821659995,7359.460730421881,26696658600,79.30028535821278,674.8741031372065,442.79825491934673,232.07584821785974,5589.630322265626,4979.3215527343755,5945.120794103585,7607.621739068845,5589.630322265626,3571.6389054624065,72.20482573828868,1.6809643489571178,27.05120086669922,86.80999755859375,4464.0498046875,15832.169921875,0.0032604184520825807,0.006609458591645856,-0.003121904306016665,-0.0075032270249141275,,,,1
2023-08-20,7513.259765625,7794.958679039353,7868.658483670279,7423.960436824335,25361034100,74.96722318530463,714.8300695982498,497.20461785512737,217.62545174312243,5724.649584960938,5065.133090820312,6094.46736281991,7880.462831049387,5724.649584960938,3568.8363388724893,75.3168631230084,1.5317587369551788,27.125,84.80000305175781,4369.7099609375,15574.259765625,0.0027281278071329407,-0.023153951887618263,-0.021133241759744292,-0.016290259485760683,,,,0
2023-08-27,7716.6591796875,7446.360263179013,7902.958289283321,7407.860528046869,29395205600,76.37341734145657,754.2139843906834,548.6064911622386,205.6074932284448,5864.253857421875,5149.038652343749,6248.961821569204,8159.051858705546,5864.253857421875,3569.4558561382046,78.2639379903155,1.6792320190988932,25.905399322509766,84.4800033569336,4405.7099609375,15631.8203125,-0.04496223695816537,-0.003773581171086837,0.008238533065539233,0.0036958768982424672,,,,1
2023-09-03,8056.05712890625,7837.058658547663,8060.856907993074,7837.058658547663,18834157200,78.53970510512391,803.5497770074389,599.5951483312788,203.95462867616016,6012.413061523438,5242.614150390625,6421.066136553684,8474.073395423613,6012.413061523438,3550.7527276232636,81.88593527126808,1.0585428414546216,26.68790054321289,88.55000305175781,4515.77001953125,15840.33984375,0.030206105335855327,0.048177077806545565,0.02498123107730188,0.01333942733996607,,,,1
2023-09-10,8325.255859375,8141.2568359375,8398.356059449148,8090.15702847472,26703486100,80.09836869321887,854.5204559667072,650.5802098583645,203.94024610834276,6178.062182617188,5343.487612304688,6602.417538727143,8797.185580014137,6178.062182617188,3558.93878522024,84.78786130596761,1.4220629275887362,26.85810089111328,90.6500015258789,4457.490234375,15740.2998046875,0.006377434883827027,0.023715396970609204,-0.012905835528422172,-0.006315523533541589,,,,1
2023-09-17,7961.95751953125,8385.554876880766,8403.754975105381,7797.05883150203,23344822200,72.45061535634916,855.7355595972122,691.611279806134,164.12427979107815,6345.266284179687,5439.127099609374,6731.897536898963,8971.972880563393,6345.266284179687,3718.559687795981,82.79263560404809,1.198369744376634,26.944400787353516,93.93000030517578,4450.31982421875,15893.5302734375,0.00321317939008825,0.03618310782223766,-0.0016086204970128248,0.009734914242508053,,,,0
2023-09-24,8039.15771484375,7952.357939731311,8093.957229959983,7644.659434145977,19519084300,73.03969587044624,853.0940118158733,723.9078262080818,129.18618560779146,6527.185351562499,5528.5586328125,6856.398506227038,9090.052866942431,6527.185351562499,3964.317836182566,78.52902521808807,0.9707179379640986,27.104780197143555,93.2699966430664,4320.06005859375,15557.2900390625,0.00595223516216814,-0.007026548067337823,-0.029269753808731536,-0.0211557928660413,,,,1
2023-10-01,8334.8564453125,8105.357012166982,8389.655464108151,8096.957154271785,24071813600,75.22490879573705,864.8910567332314,752.1044723131117,112.78658442011965,6704.149438476563,5622.716147460938,6997.204024235177,9252.3066933686,6704.149438476563,4155.992183584525,76.01731668651693,1.1721520724896572,27.458900451660156,95.30999755859375,4288.0498046875,15386.580078125,0.013064863538495786,0.021871995164041813,-0.007409677984122731,-0.01097298825880777,,,,1
2023-10-08,8464.85546875,8374.555282437705,8562.655013830403,8179.856611057118,25436866400,76.14050814838993,874.647739871667,776.6131258248229,98.03461404684413,6902.3083984375,5713.321669921876,7136.980352284208,9343.451738252767,6902.3083984375,4461.165058622233,70.73411383263829,1.1992834019379894,27.582599639892578,84.58000183105469,4308.5,15229.76953125,0.004504884980743862,-0.11257996015520388,0.004769113290182592,-0.010191384055378006,,,,1
2023-10-15,8113.2568359375,8300.655674497373,8518.855451994245,8054.55724149087,20926088000,68.74107723210071,844.2766150421312,790.1458236682846,54.13079137384659,7078.937451171875,5798.007216796876,7229.959065013093,9315.40884908229,7078.937451171875,4842.46605326146,63.186641027324825,0.9630841622285097,27.842300415039062,90.88999938964844,4327.77978515625,15186.66015625,0.009415384283462558,0.07460389479770568,0.0044748253815132255,-0.0028305993016862763,,,,0
2023-10-22,7510.66015625,8228.456452409624,8252.256131141708,7446.960300519168,16052158100,58.28633076277586,762.789797892443,784.6746185131163,-21.884820620673395,7198.721826171875,5863.880869140626,7256.6925022737505,9240.43582946697,7198.721826171875,5157.007822876781,56.72434781052885,0.7420191060396855,28.02429962158203,92.16000366210938,4224.16015625,14798.4697265625,0.006536787687437595,0.013972981416980668,-0.023942906998561386,-0.025561277179679487,,,,0
2023-10-29,7706.35888671875,7649.359421217379,8084.356839134043,7384.4609409736095,17679295400,60.393086241163495,705.8653834918478,768.9127715088626,-63.047388017014896,7302.716259765625,5928.898515625001,7299.517872220893,9215.017422459445,7302.716259765625,5390.415097071806,52.37232543812932,0.8207526324395931,28.16670036315918,90.4800033569336,4117.3701171875,14687.41015625,0.005081330969908704,-0.018229169253673683,-0.025280774192355193,-0.007504800993926697,,,,1
2023-11-05,7705.958984375,7688.359017004742,7786.358495860774,7296.961192647335,12543836800,60.386374652675656,653.19053232445,745.7683236719802,-92.57779134753014,7414.240649414062,5992.484169921875,7338.226549568903,9127.672485194813,7414.240649414062,5700.808813633312,46.220022165483954,0.586949911915846,28.35890007019043,84.88999938964844,4358.33984375,15189.25,0.006823650074491372,-0.06178165075031228,0.058525155549315144,0.03416802815549147,,,,0
2023-11-12,7771.2587890625,7792.758697464252,7942.757868366906,7738.659235510498,11829321200,61.14568611728447,609.6863965150997,718.5519382406042,-108.8655417255045,7523.665087890625,6050.4238671875,7379.4677152349595,9008.960326630768,7523.665087890625,6038.369849150483,39.48328963049491,0.5575280854935457,28.525800704956055,81.43000030517578,4415.240234375,15234.3896484375,0.0058853000064365,-0.04075861832194305,0.013055519455784648,0.002971815490396157,,,,1
2023-11-19,7853.3583984375,7784.258622906328,7863.958440074005,7519.960270936225,11942901400,62.1285672419907,575.2032230930718,689.8821952110977,-114.67897211802597,7628.379541015625,6108.231562500001,7424.600161254249,8864.21136588055,7628.379541015625,6392.5477161507015,32.400900301832344,0.5525961307101218,28.701900482177734,80.61000061035156,4514.02001953125,15919.16015625,0.006173350891815144,-0.01006999498650496,0.022372459914456355,0.04494899524135065,,,,1
2023-11-26,7959.9580078125,7918.257960992976,8062.057236235903,7851.258385937058,13201984400,63.422394303241255,550.1351418368613,661.9327845362504,-111.79764269938914,7717.024072265624,6167.3252539062505,7475.586622831224,8756.253331786062,7717.024072265624,6677.794812745186,26.933420183444692,0.6210777351919365,28.840700149536133,80.58000183105469,4559.33984375,16029.490234375,0.004835905115223582,-0.0003721471166076018,0.010039792473817144,0.006930646908636318,,,,1
2023-12-03,8026.25732421875,8028.757251465267,8149.356636818692,7911.9582011695875,13093946200,64.24065588284523,529.514395245892,635.4491066781787,-105.93471143228669,7796.453637695313,6223.5649609375005,7528.031451534798,8650.259353977464,7796.453637695313,6942.647921413161,21.902412454659128,0.6322765097653691,28.88640022277832,78.87999725341797,4594.6298828125,16397.51953125,0.001584568786653584,-0.021097102742700047,0.007740164206200939,0.022959513465111048,,,,1
2023-12-10,7913.7578125,8050.7570293393255,8120.456694747859,7747.458751010215,12201842800,61.717681956060915,498.34986754895453,608.0292588523339,-109.67939130337936,7857.753320312501,6272.744697265625,7564.767295436246,8533.979667583693,7857.753320312501,7181.526973041309,17.211697025996706,0.6065673735048012,28.91069984436035,75.83999633789062,4604.3701171875,16759.220703125,0.0008412132143371664,-0.038539566701057626,0.0021199170822086,0.022058285778265407,,,,0
2023-12-17,7993.857421875,7920.257770624721,7998.357397961502,7529.259765625,12490077200,62.83681111838242,474.64372645392905,581.352152372653,-106.70842591872395,7904.083081054689,6322.438427734375,7605.633021763746,8470.290972429111,7904.083081054689,7337.875189680266,14.32697216281968,0.6431148597978791,28.976600646972656,76.55000305175781,4719.18994140625,16751.439453125,0.002279460648378695,0.009361903324782483,0.024937140433203497,-0.0004642966482653055,,,,1
2023-12-24,7557.56005859375,7957.457605856166,8010.4573234949185,7553.859882884345,10741748600,53.638728000696794,415.85714560258293,548.253151018639,-132.39600541605603,7911.933032226563,6366.7501953125,7601.054644318984,8452.52147514514,7911.933032226563,7371.344589307985,13.665142025764746,0.5774104123835627,29.10354995727539,79.06999969482422,4754.6298828125,16706.1796875,0.004381097418892699,0.032919615187507745,0.007509751005209564,-0.0027018433700368716,,,,0
2023-12-31,7470.16064453125,7303.261209330164,7510.360138726193,7202.861837564401,8463453600,51.99674019973867,358.08813731118425,510.22014827714804,-152.1320109659638,7899.723120117188,6416.4559375,7588.588549101105,8469.351996051037,7899.723120117188,7330.0942441833395,14.421489646472534,0.4783867334667892,29.519800186157227,77.04000091552734,4769.830078125,16751.640625,0.014302386804802225,-0.025673438562435646,0.0031969250366779,0.002721204868520344,,,,0
2024-01-07,7628.65966796875,7542.259713218817,7634.059518218556,7386.960813937526,9313420900,54.70473022039861,321.39053852734196,472.45422632718686,-151.0636877998449,7905.493115234375,6459.223720703125,7592.404846136119,8460.797039844676,7905.493115234375,7350.189190624074,14.048558806286117,0.5514399300313385,29.840900421142578,78.76000213623047,4697.240234375,16594.2109375,0.010877452860806436,0.022326079961876744,-0.015218538723822839,-0.009397866813418476,,,,1
2024-01-14,7986.45751953125,7667.859199968396,8081.6572084706295,7667.859199968396,14548769300,60.16746479022274,317.5185670859855,441.4670944789466,-123.94852739296107,7918.9830322265625,6515.117421875,7629.933672173751,8468.045209437278,7918.9830322265625,7369.920855015847,13.866987086000526,0.9010225447983626,30.06089973449707,78.29000091552734,4783.830078125,16704.560546875,0.007372408682367437,-0.005967511528125247,0.018434195278394405,0.006649885902415997,,,,1
2024-01-21,7996.65771484375,7996.6579646346345,8116.856887697169,7937.057933798105,11812007500,60.31440666234598,311.68021681257414,415.50971894567215,-103.829502133098,7916.0130615234375,6575.0991015625,7664.859771475656,8462.590293977339,7916.0130615234375,7369.435829069535,13.80940703876789,0.7477920049639379,30.153600692749023,78.55999755859375,4839.81005859375,16555.130859375,0.0030837719120420104,0.0034486733926306634,0.011701916571980497,-0.008945442598186415,,,,1
2024-01-28,8346.255859375,7996.057691434583,8347.55565721871,7915.458190569166,13613242500,65.07045117583117,331.4422705289189,398.69622926232154,-67.25395873340261,7917.063061523438,6651.918701171876,7729.75463698988,8467.020731652476,7917.063061523438,7367.105391394401,13.892971821881941,0.8990781447670619,30.297300338745117,83.55000305175781,4890.97021484375,16961.390625,0.0047655882778421255,0.06351840183602708,0.010570695054273438,0.024539809988571637,,,,1
2024-02-04,8665.654296875,8400.055067167894,8762.853977360424,8399.355852125558,14226128000,68.75467821944079,368.6273187906818,392.6824471679936,-24.055128377311803,7952.247900390626,6724.696328125,7818.88793793132,8596.292309205734,7952.247900390626,7308.203491575518,16.197795060777008,0.9687259910129062,30.44300079345703,77.33000183105469,4958.60986328125,16918.2109375,0.004809024338237489,-0.07444645114913928,0.013829495062599007,-0.0025457634019910858,,,,1
2024-02-11,9045.9521484375,8716.553055362945,9045.9521484375,8694.853952505122,15559176900,72.47708331219201,423.89717303732687,398.92539234186023,24.971780695466634,8002.587622070313,6804.439912109374,7935.751196074766,8811.514346651162,8002.587622070313,7193.660897489464,20.216628990100954,1.073979642207726,30.668399810791016,82.19000244140625,5026.60986328125,16926.5,0.007403968447894593,0.06284754293643191,0.013713520900997533,0.0004899491164060965,,,,1
2024-02-18,9250.3515625,9134.15158219717,9306.250681498128,8917.653158142866,19978829700,74.25255300296048,478.67439474509865,414.8751928225079,63.799201922590726,8048.362377929688,6885.199501953125,8060.951230972407,9023.077162871889,8048.362377929688,7073.647592987487,24.221443796195732,1.3988078670183732,30.815000534057617,83.47000122070312,5005.56982421875,17117.439453125,0.00478018821233106,0.015573655448050339,-0.004185731464101616,0.011280504128142299,,,,1
2024-02-25,9374.150390625,9322.050113852225,9416.650164824487,9173.251099214653,18536486700,75.29217370093075,526.011732574605,437.1025007729274,88.90923180167766,8093.827124023437,6964.99107421875,8186.017817605987,9222.937983257048,8093.827124023437,6964.716264789826,27.90054301709204,1.3299496431262519,31.07349967956543,81.62000274658203,5088.7998046875,17419.330078125,0.008388743826958978,-0.022163633006659578,0.016627473672638393,0.017636435976695397,,,,1
2024-03-03,9097.15234375,9411.04939383256,9450.449574225804,9062.3525390625,15754901600,68.61623296509399,535.0082444273567,456.6836495038133,78.32459492354337,8143.021899414062,7044.206669921875,8272.792534381608,9358.155878893484,8143.021899414062,6927.887919934641,29.844792129733978,1.1517434305423726,31.279409408569336,83.55000305175781,5137.080078125,17735.0703125,0.006626538083166711,0.023646168098868436,0.009487556062438784,0.018125854034507505,,,,0
2024-03-10,9155.2509765625,9139.051516681622,9174.151266385707,8736.453168417562,15123210000,69.23244407621685,540.5944823206537,473.4658160671814,67.12866625347232,8225.251440429687,7126.6722265625,8356.836195541693,9482.073470748559,8225.251440429687,6968.429410110815,30.560087783850545,1.109331078258316,31.93320083618164,82.08000183105469,5123.68994140625,17814.509765625,0.020901655113513495,-0.017594268904963184,-0.002606565697850116,0.004479229668968854,,,,1
2024-03-17,8828.6533203125,9337.150268902808,9368.449906228909,8795.853689771908,11933035300,61.87735359854997,512.7571692618912,481.32408670612335,31.433082555767896,8281.366162109376,7206.987802734376,8401.77115980558,9540.854344044797,8281.366162109376,7021.877980173956,30.417401121522495,0.8941673510346159,32.19306945800781,85.33999633789062,5117.08984375,17936.650390625,0.00813788204819521,0.03971728111734185,-0.0012881532121825634,0.006856243961070652,,,,0
2024-03-24,9111.4521484375,8844.453436098614,9223.151757125528,8695.353795648902,13813575800,65.31361807685626,507.66337273566023,486.59194391203073,21.071428823629503,8351.6408203125,7290.72537109375,8469.359825389573,9632.607030875115,8351.6408203125,7070.674609749883,30.67579744203332,1.0301794129321085,32.15650177001953,85.43000030517578,5234.18017578125,18205.939453125,-0.0011358869658569803,0.0010546516422240693,0.022882211492585736,0.015013341768692179,,,,1
2024-03-31,9142.3515625,9113.251508497684,9335.950523604208,8748.953432118058,15153845600,65.67764868077568,500.3520794538763,489.34397102039986,11.008108433476423,8420.195458984374,7371.714941406251,8533.454276542947,9717.03688181132,8420.195458984374,7123.354036157427,30.803119218407524,1.1162947605684665,32.449100494384766,87.4800033569336,5254.35009765625,18492.490234375,0.009099208814997262,0.023996289879840038,0.0038535016368612673,0.015739411964309058,,,,1
2024-04-07,9618.7490234375,9234.450761308182,9618.7490234375,8903.152571617593,16139422300,70.77093104722255,526.9250564793583,496.86018811219157,30.064868367166753,8508.464990234375,7463.844453125001,8636.815681009095,9880.972120042035,8508.464990234375,7135.957860426716,32.26215613234491,1.1707997605472096,31.944990158081055,91.16999816894531,5204.33984375,18175.0390625,-0.015535417889039671,0.042181009035355155,-0.00951787623145961,-0.017166491254103855,,,,1
2024-04-14,9814.1484375,9639.149060819651,9849.247861767812,9627.349318728324,4185194400,72.56897871375135,557.326914171208,508.95353332399486,48.373380847213184,8601.17451171875,7567.769912109375,8748.942610198705,10065.126150173755,8601.17451171875,7137.222873263743,34.04073795876207,0.3138711617655903,32.4182014465332,90.44999694824219,5123.41015625,17930.3203125,0.014813317709926999,-0.007897348197472898,-0.01555042328705536,-0.013464551529075997,,,,1
2024-04-21,9693.4482421875,9759.247621789133,9823.447473823699,9420.850088340376,13897107000,69.71606596159299,565.1662239712787,520.1960714534516,44.970152517827046,8684.53405761719,7673.623349609375,8838.89552753097,10199.618856403124,8684.53405761719,7169.449258831255,34.89156214332664,1.039092456413326,32.56330108642578,87.29000091552734,4967.22998046875,17737.359375,0.004475869524467324,-0.03493638628338569,-0.030483637073390857,-0.010761711678149877,,,,0
2024-04-28,9915.546875,9794.648625885928,9956.046659607864,9644.94921875,12697963100,71.90479631020895,582.5847624837679,532.6738096595149,49.91095282425306,8784.623510742189,7776.022792968751,8941.43375109945,10348.995105760092,8784.623510742189,7220.251915724287,35.61613296471787,0.947674264914819,32.535301208496094,89.5,5099.9599609375,18161.009765625,-0.0008598599342054536,0.02531789507725324,0.026721126460954592,0.023884637034648826,,,,1
2024-05-05,10276.845703125,9992.446770088332,10286.544870261576,9942.046647945528,12253567400,75.06228611735102,618.4141819381839,549.8218841152487,68.59229782293517,8898.772924804689,7891.5261816406255,9068.615841768551,10550.903422020217,8898.772924804689,7246.642427589161,37.13164750187823,0.9153159502502944,32.40330123901367,82.95999908447266,5127.7900390625,18001.599609375,-0.004057130703555734,-0.07307263592767976,0.005456920904901352,-0.008777604236066772,,,,1
2024-05-12,10218.544921875,10282.245036223965,10383.244394090212,10144.646522571056,14160107100,73.62440144512178,634.7874347792422,566.8149942480475,67.9724405311947,9031.822167968749,8004.283564453124,9178.132897016785,10657.54929298543,9031.822167968749,7406.095042952067,35.99998084068359,1.0443964610101444,32.28310012817383,82.79000091552734,5222.68017578125,18772.849609375,-0.00370953286374176,-0.0020491582789461393,0.018505074504980845,0.042843414848441785,,,,0
2024-05-19,10643.54296875,10251.145441775012,10652.24311776383,10036.347402985331,13967215200,77.07233810287006,674.2844151344398,588.3088784253259,85.97553670911384,9190.491284179689,8114.854970703124,9317.695760991377,10793.746900331025,9190.491284179689,7587.235668028351,34.889443155474105,1.0096762378736608,32.262901306152344,83.9800033569336,5303.27001953125,18704.419921875,-0.0006256778915683103,0.014373745962636741,0.015430744567456633,-0.0036451411972014958,,,,1
2024-05-26,10676.6435546875,10660.743579652499,11087.941363763599,10633.84430745745,17529290000,77.32100285657813,700.1856924660387,610.6842412334686,89.50145123257016,9342.890478515626,8215.8584375,9447.119360391007,10899.834583652917,9342.890478515626,7785.946373378336,33.32895978428838,1.2306304946608282,32.22200012207031,82.12000274658203,5304.72021484375,18693.369140625,-0.0012677466199926268,-0.022148136889756365,0.00027345304070114373,-0.0005908112251626907,,,,1
2024-06-02,10400.4453125,10701.143319768978,10758.843208412141,10358.545142193987,13560270700,70.45453591394629,690.4664836770789,626.6406897221907,63.82579395488824,9463.589868164063,8314.357919921875,9537.91230821091,10950.4800171814,9463.589868164063,7976.699719146725,31.42338520014064,0.955303257487235,32.24380111694336,81.62000274658203,5277.509765625,18497.939453125,0.0006765872630642988,-0.006088650551351993,-0.005129478674975041,-0.010454492501048795,,,,0
2024-06-09,10138.9462890625,10443.145130239833,10610.144211932045,10112.346820597842,11924854400,64.60482191290129,654.1228340818598,632.1371185941246,21.985715487735206,9570.704296875001,8405.4814453125,9595.153639720585,10914.402832414726,9570.704296875001,8227.005761335276,28.079407614306195,0.8397565278150158,32.28879928588867,79.62000274658203,5346.990234375,18557.26953125,0.0013955603057502763,-0.02450379726413021,0.013165388949644363,0.003207388491855978,,,,0
2024-06-16,10471.244140625,10132.346946823705,10575.943779364934,9958.046397002101,10012780600,68.21620508567149,644.702164192222,634.650127713744,10.05203647847793,9676.953710937501,8499.72494140625,9678.59083028291,10947.027609141245,9676.953710937501,8406.879812733758,26.249456929162044,0.7141606282330184,32.4901008605957,82.62000274658203,5431.60009765625,18002.01953125,0.00623440880921855,0.037678973832097507,0.015823829775731824,-0.029920888903670506,,,,1
2024-06-23,10771.3427734375,10588.144354731594,10792.842658432071,10569.144454934745,4742824000,71.0854467086141,653.9137563356144,638.5028534381181,15.410902897496271,9782.238134765625,8591.410449218749,9782.66244391668,11048.432709069828,9782.238134765625,8516.043560461421,25.887625242002766,0.35012254289739625,32.829498291015625,85.23999786376953,5464.6201171875,18163.51953125,0.010446179649492793,0.031711389858261496,0.006079243489500952,0.008971215686087275,,,,1
2024-06-30,10647.84375,10791.64342949728,10824.143258542847,10486.64453125,12630066000,68.35087303369384,643.8270331385793,639.5676893782104,4.259343760368893,9862.33271484375,8675.61400390625,9865.060663543663,11135.065747361352,9862.33271484375,8589.599682326147,25.809979632952725,0.9425614174689015,32.88779830932617,86.41000366210938,5460.47998046875,18235.44921875,0.001775842499746716,0.013726018625783487,-0.00075762571413307,0.003960118377732247,,,,0
2024-07-07,10851.7421875,10714.042961367744,10944.642084874175,10254.346173157466,12714224200,70.37702782110485,644.8526719940237,640.624685901373,4.227986092650667,9942.402246093749,8758.893564453125,9959.030332491886,11253.927841835546,9942.402246093749,8630.876650351951,26.382469010587062,0.9752791821093088,32.63800048828125,86.54000091552734,5567.18994140625,18475.44921875,-0.007595455879881308,0.0015044236536119193,0.0195422309612312,0.013161178379594185,,,,1
2024-07-14,11064.841796875,10901.842572963022,11113.54075774018,10708.943540209792,13614430500,72.3680489789615,655.3068858395254,643.5611258890035,11.745759950521915,10026.936816406249,8838.845156250001,10064.345710052183,11400.714596391737,10026.936816406249,8653.15903642076,27.40174402490877,1.064426179775947,32.94902038574219,85.02999877929688,5615.35009765625,18748.1796875,0.00952937964360312,-0.017448603192232404,0.008650711895386687,0.01476177740096385,,,,1
2024-07-21,11156.140625,11109.640783291634,11252.039436917528,11045.541481360628,10459948700,73.19916713134883,663.3127218841255,647.511445088028,15.801276796097454,10129.88623046875,8913.956748046876,10168.326178142452,11518.80031104791,10129.88623046875,8740.97214988959,27.422106210858974,0.835082532783079,33.088138580322266,82.62999725341797,5505.0,18171.9296875,0.00422222551539897,-0.028225350586071785,-0.01965150805152971,-0.03073631731747295,,,,1
2024-07-28,10891.3427734375,11182.539986812622,11245.440042069944,10838.342948860063,13728288100,66.91287121909991,640.9025058755178,646.1896572455261,-5.287151370008246,10216.6908203125,8977.49642578125,10237.184901503886,11565.557204991961,10216.6908203125,8867.82443563304,26.405152282727148,1.1021513922624038,33.11650085449219,81.12999725341797,5459.10009765625,18417.55078125,0.0008571734581281909,-0.018153213722126194,-0.008337856919845565,0.013516511343259152,,,,0
2024-08-04,10473.4443359375,10827.94286229493,10879.94194580318,10415.544253038757,11748295200,58.390304761287304,582.7042845767464,633.4925827117702,-50.78829813502375,10298.930371093751,9036.700117187502,10259.685800021372,11481.821555285851,10298.930371093751,9116.039186901651,22.97114635345333,0.94389112277693,33.1593017578125,76.80999755859375,5346.56005859375,17661.220703125,0.001292434351937377,-0.05324787182391055,-0.020615126495082348,-0.0410657251394676,,,,0
2024-08-11,9907.34765625,9769.648120291436,10193.845987419389,9733.348509091255,12467673500,49.24092814680109,485.30817338951056,603.8557008473183,-118.54752745780775,10338.725146484376,9080.513886718752,10226.12978632886,11400.789659353019,10338.725146484376,9276.660633615733,20.54536701229149,1.0071332476057502,33.532649993896484,79.66000366210938,5344.16015625,17722.880859375,0.011259230933474695,0.03710462432109218,-0.00044886849066483325,0.003491273750918511,,,,0
2024-08-18,9821.9482421875,9980.147639165038,10078.04653768517,9708.248198822666,12231032200,48.01854123332627,396.6576125239917,562.416083182653,-165.75847065866128,10372.70498046875,9115.831708984377,10187.636305934446,11309.728928273458,10372.70498046875,9435.681032664043,18.06710881238932,0.9998205273335494,33.638179779052734,79.68000030517578,5554.25,18322.400390625,0.0031470756166140923,0.0002510248825899897,0.03931204110795594,0.033827431104851646,,,,0
2024-08-25,9668.0478515625,9866.947289112011,10109.946591011923,9651.148527970387,12968991500,45.8114222264217,310.4047759837795,512.0138217428782,-201.60904575909876,10375.169921875,9142.687548828126,10138.151691232355,11304.067002974889,10375.169921875,9446.272840775111,17.906156488895725,1.0740626973383938,33.95750045776367,79.0199966430664,5634.60986328125,18633.099609375,0.009492804926079401,-0.008283178458603824,0.014468175411846751,0.01695734249476266,,,,0
2024-09-01,9833.1484375,9739.748099736642,9888.348342261987,9523.249244087678,10384319200,48.54384379783428,252.4608080457656,460.10321900345576,-207.64241095769017,10376.119921875,9180.111367187501,10109.103762305464,11302.636956473336,10376.119921875,9449.602887276666,17.858641603496626,0.8384822161034873,34.07733917236328,78.80000305175781,5648.39990234375,18906.919921875,0.003529079378167488,-0.0027840243059273906,0.0024473813444236825,0.01469537104616947,,,,1
2024-09-08,9771.1484375,9879.747317763447,10159.146737941246,9768.547865337741,12874415100,47.57370322060564,199.2401971764284,407.9306146380503,-208.6904174616219,10380.004931640626,9214.751181640626,10076.91754089542,11295.04978320701,10380.004931640626,9464.960080074241,17.63091361887737,1.0438550325775464,33.98500061035156,71.05999755859375,5408.419921875,18301.900390625,-0.0027096764082626956,-0.09822341616002517,-0.04248636509769299,-0.03199989917712631,,,,0
2024-09-15,9685.4482421875,9795.14792736789,9837.947503672329,9274.550142327273,13384898500,46.199310618483636,148.43611100399903,356.03171391124005,-207.59560290724102,10368.5,9241.763017578125,10039.634750542285,11313.430971719019,10368.5,9423.569028280981,18.22695610202091,1.082231096892658,33.97460174560547,71.61000061035156,5626.02001953125,18699.400390625,-0.0003059839505469286,0.007739981292629539,0.04023358038012925,0.02171905602784374,,,,0
2024-09-22,9900.2470703125,9686.849029318766,10008.646883538133,9567.048883269332,12978217400,50.09116067216447,124.07570942583698,309.64051301415947,-185.5648035883225,10349.670068359375,9270.470849609375,10026.359733377545,11317.034152733888,10349.670068359375,9382.305983984863,18.693621690065306,1.0462838872754154,34.08000183105469,74.48999786376953,5702.5498046875,18720.009765625,0.003102319969441547,0.04021780797194485,0.013602828445432147,0.001102140954762021,,,,1
2024-09-29,9777.4482421875,9959.14708013944,10108.1470481985,9695.948673612887,14840265200,47.955399108192694,93.78003860191166,266.46841813170994,-172.68837952979828,10327.615234375,9303.754677734376,10002.653877073732,11327.14499128647,10327.615234375,9328.08547746353,19.356448400296333,1.1931281539098746,34.17539978027344,71.9800033569336,5738.169921875,19473.630859375,0.002799235448744053,-0.033695725316388425,0.006246349160899944,0.0402575160582368,,,,0
2024-10-06,9109.251953125,9747.647998944976,9757.848139638118,8850.353899072792,14752321200,38.3688027865748,15.671988104084448,216.30913212618483,-200.6371440221004,10250.900683593749,9335.726513671876,9917.567979554804,11375.967235706088,10250.900683593749,9125.83413148141,21.950589257253725,1.1823261499401632,34.22679901123047,78.05000305175781,5751.06982421875,19120.9296875,0.0015039833121923696,0.08432897209971468,0.002248086501337898,-0.0181117314188588,,,,0
2024-10-13,8876.1533203125,9155.75129508283,9195.451280054254,8836.95333201529,13091457700,35.68854754450598,-64.29713884197918,160.18787793255203,-224.4850167745312,10160.876171875,9359.12240234375,9818.385631055537,11422.371951795505,10160.876171875,8899.380391954493,24.830452779501208,1.068212676616301,34.25233840942383,79.04000091552734,5815.02978515625,19373.830078125,0.0007461813237334969,0.012684148943761464,0.011121402259480995,0.013226364761454557,,,,0
2024-10-20,8793.552734375,8885.453118613521,9069.951651625172,8680.6543944841,13016473100,34.761868996357585,-132.80750283357338,101.58880177932696,-234.39630461290034,10080.53154296875,9380.87427734375,9720.782498038341,11475.416177686266,10080.53154296875,8685.646908251236,27.674823073996684,1.0644558120047969,34.19219970703125,73.05999755859375,5864.669921875,19657.369140625,-0.0017557546487404485,-0.07565793633181539,0.008536523208438895,0.014635157909232532,,,,0
2024-10-27,8908.453125,8798.253143082367,8921.552665447101,8642.154361578489,11987802500,37.204467270135694,-175.80439499554996,46.11016242435158,-221.91455741990154,10019.006884765628,9403.618164062502,9643.417795844212,11508.389646270969,10019.006884765628,8529.624123260286,29.731145584299746,0.9800813481247912,34.28770065307617,76.05000305175781,5808.1201171875,19463.58984375,0.002793062361099885,0.040925343458519725,-0.009642453103212434,-0.009857844937882665,,,,1
2024-11-03,8884.953125,8935.95220085718,9051.551741764468,8846.052828510943,7672916300,36.90016173950292,-209.36259375498412,-4.984388811515558,-204.37820494346857,9939.692333984376,9424.25005859375,9571.18306528762,11495.156944481514,9939.692333984376,8384.227723487238,31.298043404802694,0.6333693011583903,34.29376983642578,73.0999984741211,5728.7998046875,19254.970703125,0.00017700759263550303,-0.03879032819537187,-0.013656796157722972,-0.010718430787935551,,,,0
2024-11-10,9184.7509765625,8862.4530494484,9195.75091808443,8566.553987864014,13673200000,43.274543796612114,-209.3532331853985,-45.858157686292145,-163.49507549910635,9860.362744140626,9448.74591796875,9534.380009218561,11398.98232758313,9860.362744140626,8321.743160698123,31.208174047284523,1.0885472157520026,34.340030670166016,73.87000274658203,5995.5400390625,19215.48046875,0.001348957375082671,0.010533574398548406,0.04656127696358747,-0.002050911163868463,,,,1
2024-11-17,9389.5498046875,9215.15169141498,9501.049213264767,9128.550724171253,15818986500,47.19863109322872,-190.6228791202193,-74.81110197307757,-115.81177714714173,9797.448046875,9476.011767578126,9520.586656406078,11303.036713973439,9797.448046875,8291.859379776562,30.73430264483335,1.243591141998786,34.29668045043945,71.04000091552734,5870.6201171875,19210.810546875,-0.0012623815087102752,-0.03831056891608997,-0.02083547454626511,-0.00024302914947116339,,,,1
2024-11-24,9549.849609375,9419.350458714343,9550.54882440693,9023.352583563606,17592136900,50.10789234770071,-160.98831098444862,-92.04654377535178,-68.94176720909684,9732.35341796875,9508.733603515624,9523.37360430788,11156.38102717034,9732.35341796875,8308.32580876716,29.263787452938605,1.3569673795043335,34.527099609375,75.16999816894531,5969.33984375,19322.58984375,0.006718409942574999,0.05813622184955891,0.016815894163118683,0.0058185622414137494,,,,1
2024-12-01,9651.94921875,9618.349828058246,9744.548276052843,9575.850009751428,18998199100,51.924806277938075,-127.79102168594545,-99.19543935747052,-28.595582328474933,9661.7087890625,9541.895439453125,9535.618900921416,10940.148280610954,9661.7087890625,8383.269297514047,26.464045221394084,1.4356149722793932,34.64836883544922,72.94000244140625,6032.3798828125,19626.44921875,0.003512291140762125,-0.02966603408087265,0.010560638313883874,0.015725602906086822,,,,1
2024-12-08,10080.9462890625,9602.248468160358,10098.045807331851,9573.849205928911,19153222600,58.72611895644909,-66.10345298912944,-92.57704208380231,26.473589094672874,9607.949072265626,9592.363164062499,9587.554842649139,10698.39245968165,9607.949072265626,8517.505684849602,22.698775341424437,1.4013026464238545,34.76679992675781,71.12000274658203,6090.27001953125,20384.609375,0.003418085621029965,-0.024952010335977826,0.009596566834872311,0.03862951203245135,,,,1
2024-12-15,10125.4462890625,10174.945751819047,10276.645539286963,9962.546762546206,18988469700,59.3682557171877,-13.469563520240627,-76.75554637108998,63.28598285084935,9569.654248046874,9645.468876953126,9638.782599450411,10514.383818537017,9569.654248046874,8624.924677556732,19.744278027243414,1.3630209784893743,34.94660186767578,74.48999786376953,6051.08984375,20405.919921875,0.0051716563300836516,0.04738463142634597,-0.006433241162641545,0.0010454233624479503,,,,1
2024-12-22,9724.4482421875,10146.54608960762,10157.746225843004,9699.8487637418,15734281200,51.580618687505044,-4.067134615606847,-62.21786401999336,58.15072940438651,9532.204443359375,9687.384648437499,9646.94123209204,10380.548491823683,9532.204443359375,8683.860394895066,17.7995353227093,1.113500677218032,35.1396484375,72.94000244140625,5930.85009765625,19884.75,0.005524044098913716,-0.020808101313118277,-0.019870758689518042,-0.02554013364113561,,,,0
2024-12-29,10025.447265625,9756.548142362346,10055.046719305332,9562.34922354448,11805836100,56.22265316858102,27.35710795842715,-44.30286962430925,71.6599775827364,9538.109423828126,9728.164443359374,9682.989425761845,10398.99940302466,9538.109423828126,8677.219444631592,18.051585297309693,0.837449420803754,35.23429870605469,74.16999816894531,5970.83984375,19984.3203125,0.0026935462579551483,0.016863116073064788,0.006742666807504127,0.005007370598071326,,,,1
2025-01-05,9889.6474609375,10040.646655767427,10061.246155300116,9889.6474609375,2297408400,53.7203126955129,40.83244626263149,-27.27580644692111,68.1082527095526,9541.494384765625,9766.02423828125,9702.671143397622,10407.600036501375,9541.494384765625,8675.388733029875,18.154507392858985,0.1689185068025342,35.1602897644043,74.38999938964844,5906.93994140625,19909.140625,-0.0021004800540467272,0.0029661753557281845,-0.010701995701766776,-0.0037619336722187757,,,,0
